    Blocking waiting for file lock on build directory
    Checking xsia_xarx v0.1.0 (/home/bendo01/Projects/xsia_xarx/server)
error[E0428]: the name `Mahasiswa` is defined multiple times
 --> src/models/feeder/master/aktifitas_kuliah_mahasiswa.rs:6:1
  |
6 | #[sea_orm::model]
  | ^^^^^^^^^^^^^^^^^ `Mahasiswa` redefined here
  |
  = note: `Mahasiswa` must be defined only once in the type namespace of this enum
  = note: this error originates in the derive macro `DeriveModelEx` (in Nightly builds, run with -Z macro-backtrace for more info)

error[E0428]: the name `Semester` is defined multiple times
 --> src/models/feeder/master/aktifitas_kuliah_mahasiswa.rs:6:1
  |
6 | #[sea_orm::model]
  | ^^^^^^^^^^^^^^^^^ `Semester` redefined here
  |
  = note: `Semester` must be defined only once in the type namespace of this enum
  = note: this error originates in the derive macro `DeriveModelEx` (in Nightly builds, run with -Z macro-backtrace for more info)

error[E0428]: the name `ProgramStudi` is defined multiple times
 --> src/models/feeder/master/aktifitas_kuliah_mahasiswa.rs:6:1
  |
6 | #[sea_orm::model]
  | ^^^^^^^^^^^^^^^^^ `ProgramStudi` redefined here
  |
  = note: `ProgramStudi` must be defined only once in the type namespace of this enum
  = note: this error originates in the derive macro `DeriveModelEx` (in Nightly builds, run with -Z macro-backtrace for more info)

error[E0428]: the name `StatusMahasiswa` is defined multiple times
 --> src/models/feeder/master/aktifitas_kuliah_mahasiswa.rs:6:1
  |
6 | #[sea_orm::model]
  | ^^^^^^^^^^^^^^^^^ `StatusMahasiswa` redefined here
  |
  = note: `StatusMahasiswa` must be defined only once in the type namespace of this enum
  = note: this error originates in the derive macro `DeriveModelEx` (in Nightly builds, run with -Z macro-backtrace for more info)

error: BelongsTo<Option<Entity>> requires at least one `Option<T>` `from` field
  --> src/models/feeder/master/aktifitas_kuliah_mahasiswa.rs:56:34
   |
56 |     #[sea_orm(belongs_to, from = "id_mahasiswa", to = "id")]
   |                                  ^^^^^^^^^^^^^^

error[E0428]: the name `ProgramStudi` is defined multiple times
 --> src/models/feeder/master/aktifitas_mahasiswa.rs:6:1
  |
6 | #[sea_orm::model]
  | ^^^^^^^^^^^^^^^^^ `ProgramStudi` redefined here
  |
  = note: `ProgramStudi` must be defined only once in the type namespace of this enum
  = note: this error originates in the derive macro `DeriveModelEx` (in Nightly builds, run with -Z macro-backtrace for more info)

error[E0428]: the name `Semester` is defined multiple times
 --> src/models/feeder/master/aktifitas_mahasiswa.rs:6:1
  |
6 | #[sea_orm::model]
  | ^^^^^^^^^^^^^^^^^ `Semester` redefined here
  |
  = note: `Semester` must be defined only once in the type namespace of this enum
  = note: this error originates in the derive macro `DeriveModelEx` (in Nightly builds, run with -Z macro-backtrace for more info)

error: BelongsTo<Option<Entity>> requires at least one `Option<T>` `from` field
  --> src/models/feeder/master/aktifitas_mahasiswa.rs:44:34
   |
44 |     #[sea_orm(belongs_to, from = "id_prodi", to = "id")]
   |                                  ^^^^^^^^^^

error[E0428]: the name `Dosen` is defined multiple times
 --> src/models/feeder/master/aktifitas_mengajar_dosen.rs:6:1
  |
6 | #[sea_orm::model]
  | ^^^^^^^^^^^^^^^^^ `Dosen` redefined here
  |
  = note: `Dosen` must be defined only once in the type namespace of this enum
  = note: this error originates in the derive macro `DeriveModelEx` (in Nightly builds, run with -Z macro-backtrace for more info)

error[E0428]: the name `ProgramStudi` is defined multiple times
 --> src/models/feeder/master/aktifitas_mengajar_dosen.rs:6:1
  |
6 | #[sea_orm::model]
  | ^^^^^^^^^^^^^^^^^ `ProgramStudi` redefined here
  |
  = note: `ProgramStudi` must be defined only once in the type namespace of this enum
  = note: this error originates in the derive macro `DeriveModelEx` (in Nightly builds, run with -Z macro-backtrace for more info)

error: BelongsTo<Option<Entity>> requires at least one `Option<T>` `from` field
  --> src/models/feeder/master/aktifitas_mengajar_dosen.rs:38:34
   |
38 |     #[sea_orm(belongs_to, from = "id_dosen", to = "id")]
   |                                  ^^^^^^^^^^

error[E0428]: the name `ProgramStudi` is defined multiple times
 --> src/models/feeder/master/bidang_minat_perguruan_tinggi.rs:6:1
  |
6 | #[sea_orm::model]
  | ^^^^^^^^^^^^^^^^^ `ProgramStudi` redefined here
  |
  = note: `ProgramStudi` must be defined only once in the type namespace of this enum
  = note: this error originates in the derive macro `DeriveModelEx` (in Nightly builds, run with -Z macro-backtrace for more info)

error: BelongsTo<Option<Entity>> requires at least one `Option<T>` `from` field
  --> src/models/feeder/master/bidang_minat_perguruan_tinggi.rs:32:34
   |
32 |     #[sea_orm(belongs_to, from = "id_prodi", to = "id")]
   |                                  ^^^^^^^^^^

error[E0428]: the name `KategoriKegiatan` is defined multiple times
 --> src/models/feeder/master/bimbing_mahasiswa.rs:6:1
  |
6 | #[sea_orm::model]
  | ^^^^^^^^^^^^^^^^^ `KategoriKegiatan` redefined here
  |
  = note: `KategoriKegiatan` must be defined only once in the type namespace of this enum
  = note: this error originates in the derive macro `DeriveModelEx` (in Nightly builds, run with -Z macro-backtrace for more info)

error[E0428]: the name `Dosen` is defined multiple times
 --> src/models/feeder/master/bimbing_mahasiswa.rs:6:1
  |
6 | #[sea_orm::model]
  | ^^^^^^^^^^^^^^^^^ `Dosen` redefined here
  |
  = note: `Dosen` must be defined only once in the type namespace of this enum
  = note: this error originates in the derive macro `DeriveModelEx` (in Nightly builds, run with -Z macro-backtrace for more info)

error[E0428]: the name `MahasiswaBimbinganDosen` is defined multiple times
 --> src/models/feeder/master/bimbing_mahasiswa.rs:6:1
  |
6 | #[sea_orm::model]
  | ^^^^^^^^^^^^^^^^^ `MahasiswaBimbinganDosen` redefined here
  |
  = note: `MahasiswaBimbinganDosen` must be defined only once in the type namespace of this enum
  = note: this error originates in the derive macro `DeriveModelEx` (in Nightly builds, run with -Z macro-backtrace for more info)

error: BelongsTo<Option<Entity>> requires at least one `Option<T>` `from` field
  --> src/models/feeder/master/bimbing_mahasiswa.rs:37:34
   |
37 |     #[sea_orm(belongs_to, from = "id_kategori_kegiatan", to = "id")]
   |                                  ^^^^^^^^^^^^^^^^^^^^^^

error[E0428]: the name `Dosen` is defined multiple times
  --> src/models/feeder/master/biodata_dosen.rs:12:1
   |
12 | #[sea_orm::model]
   | ^^^^^^^^^^^^^^^^^ `Dosen` redefined here
   |
   = note: `Dosen` must be defined only once in the type namespace of this enum
   = note: this error originates in the derive macro `DeriveModelEx` (in Nightly builds, run with -Z macro-backtrace for more info)

error[E0428]: the name `Agama` is defined multiple times
  --> src/models/feeder/master/biodata_dosen.rs:12:1
   |
12 | #[sea_orm::model]
   | ^^^^^^^^^^^^^^^^^ `Agama` redefined here
   |
   = note: `Agama` must be defined only once in the type namespace of this enum
   = note: this error originates in the derive macro `DeriveModelEx` (in Nightly builds, run with -Z macro-backtrace for more info)

error[E0428]: the name `PangkatGolongan` is defined multiple times
  --> src/models/feeder/master/biodata_dosen.rs:12:1
   |
12 | #[sea_orm::model]
   | ^^^^^^^^^^^^^^^^^ `PangkatGolongan` redefined here
   |
   = note: `PangkatGolongan` must be defined only once in the type namespace of this enum
   = note: this error originates in the derive macro `DeriveModelEx` (in Nightly builds, run with -Z macro-backtrace for more info)

error[E0428]: the name `Wilayah` is defined multiple times
  --> src/models/feeder/master/biodata_dosen.rs:12:1
   |
12 | #[sea_orm::model]
   | ^^^^^^^^^^^^^^^^^ `Wilayah` redefined here
   |
   = note: `Wilayah` must be defined only once in the type namespace of this enum
   = note: this error originates in the derive macro `DeriveModelEx` (in Nightly builds, run with -Z macro-backtrace for more info)

error: BelongsTo<Option<Entity>> requires at least one `Option<T>` `from` field
  --> src/models/feeder/master/biodata_dosen.rs:80:34
   |
80 |     #[sea_orm(belongs_to, from = "id_dosen", to = "id")]
   |                                  ^^^^^^^^^^

error[E0428]: the name `Mahasiswa` is defined multiple times
 --> src/models/feeder/master/biodata_mahasiswa.rs:6:1
  |
6 | #[sea_orm::model]
  | ^^^^^^^^^^^^^^^^^ `Mahasiswa` redefined here
  |
  = note: `Mahasiswa` must be defined only once in the type namespace of this enum
  = note: this error originates in the derive macro `DeriveModelEx` (in Nightly builds, run with -Z macro-backtrace for more info)

error[E0428]: the name `Agama` is defined multiple times
 --> src/models/feeder/master/biodata_mahasiswa.rs:6:1
  |
6 | #[sea_orm::model]
  | ^^^^^^^^^^^^^^^^^ `Agama` redefined here
  |
  = note: `Agama` must be defined only once in the type namespace of this enum
  = note: this error originates in the derive macro `DeriveModelEx` (in Nightly builds, run with -Z macro-backtrace for more info)

error[E0428]: the name `Negara` is defined multiple times
 --> src/models/feeder/master/biodata_mahasiswa.rs:6:1
  |
6 | #[sea_orm::model]
  | ^^^^^^^^^^^^^^^^^ `Negara` redefined here
  |
  = note: `Negara` must be defined only once in the type namespace of this enum
  = note: this error originates in the derive macro `DeriveModelEx` (in Nightly builds, run with -Z macro-backtrace for more info)

error[E0428]: the name `Wilayah` is defined multiple times
 --> src/models/feeder/master/biodata_mahasiswa.rs:6:1
  |
6 | #[sea_orm::model]
  | ^^^^^^^^^^^^^^^^^ `Wilayah` redefined here
  |
  = note: `Wilayah` must be defined only once in the type namespace of this enum
  = note: this error originates in the derive macro `DeriveModelEx` (in Nightly builds, run with -Z macro-backtrace for more info)

error[E0428]: the name `JenisTinggal` is defined multiple times
 --> src/models/feeder/master/biodata_mahasiswa.rs:6:1
  |
6 | #[sea_orm::model]
  | ^^^^^^^^^^^^^^^^^ `JenisTinggal` redefined here
  |
  = note: `JenisTinggal` must be defined only once in the type namespace of this enum
  = note: this error originates in the derive macro `DeriveModelEx` (in Nightly builds, run with -Z macro-backtrace for more info)

error[E0428]: the name `AlatTransportasi` is defined multiple times
 --> src/models/feeder/master/biodata_mahasiswa.rs:6:1
  |
6 | #[sea_orm::model]
  | ^^^^^^^^^^^^^^^^^ `AlatTransportasi` redefined here
  |
  = note: `AlatTransportasi` must be defined only once in the type namespace of this enum
  = note: this error originates in the derive macro `DeriveModelEx` (in Nightly builds, run with -Z macro-backtrace for more info)

error: BelongsTo<Option<Entity>> requires at least one `Option<T>` `from` field
  --> src/models/feeder/master/biodata_mahasiswa.rs:99:34
   |
99 |     #[sea_orm(belongs_to, from = "id_mahasiswa", to = "id")]
   |                                  ^^^^^^^^^^^^^^

error[E0428]: the name `ProgramStudi` is defined multiple times
 --> src/models/feeder/master/detail_nilai_perkuliahan_kelas.rs:6:1
  |
6 | #[sea_orm::model]
  | ^^^^^^^^^^^^^^^^^ `ProgramStudi` redefined here
  |
  = note: `ProgramStudi` must be defined only once in the type namespace of this enum
  = note: this error originates in the derive macro `DeriveModelEx` (in Nightly builds, run with -Z macro-backtrace for more info)

error[E0428]: the name `Semester` is defined multiple times
 --> src/models/feeder/master/detail_nilai_perkuliahan_kelas.rs:6:1
  |
6 | #[sea_orm::model]
  | ^^^^^^^^^^^^^^^^^ `Semester` redefined here
  |
  = note: `Semester` must be defined only once in the type namespace of this enum
  = note: this error originates in the derive macro `DeriveModelEx` (in Nightly builds, run with -Z macro-backtrace for more info)

error[E0428]: the name `KelasKuliah` is defined multiple times
 --> src/models/feeder/master/detail_nilai_perkuliahan_kelas.rs:6:1
  |
6 | #[sea_orm::model]
  | ^^^^^^^^^^^^^^^^^ `KelasKuliah` redefined here
  |
  = note: `KelasKuliah` must be defined only once in the type namespace of this enum
  = note: this error originates in the derive macro `DeriveModelEx` (in Nightly builds, run with -Z macro-backtrace for more info)

error[E0428]: the name `Mahasiswa` is defined multiple times
 --> src/models/feeder/master/detail_nilai_perkuliahan_kelas.rs:6:1
  |
6 | #[sea_orm::model]
  | ^^^^^^^^^^^^^^^^^ `Mahasiswa` redefined here
  |
  = note: `Mahasiswa` must be defined only once in the type namespace of this enum
  = note: this error originates in the derive macro `DeriveModelEx` (in Nightly builds, run with -Z macro-backtrace for more info)

error: BelongsTo<Option<Entity>> requires at least one `Option<T>` `from` field
  --> src/models/feeder/master/detail_nilai_perkuliahan_kelas.rs:56:34
   |
56 |     #[sea_orm(belongs_to, from = "id_prodi", to = "id")]
   |                                  ^^^^^^^^^^

error[E0428]: the name `AktifitasMengajarDosen` is defined multiple times
 --> src/models/feeder/master/dosen.rs:6:1
  |
6 | #[sea_orm::model]
  | ^^^^^^^^^^^^^^^^^ `AktifitasMengajarDosen` redefined here
  |
  = note: `AktifitasMengajarDosen` must be defined only once in the type namespace of this enum
  = note: this error originates in the derive macro `DeriveModelEx` (in Nightly builds, run with -Z macro-backtrace for more info)

error[E0428]: the name `BimbingMahasiswa` is defined multiple times
 --> src/models/feeder/master/dosen.rs:6:1
  |
6 | #[sea_orm::model]
  | ^^^^^^^^^^^^^^^^^ `BimbingMahasiswa` redefined here
  |
  = note: `BimbingMahasiswa` must be defined only once in the type namespace of this enum
  = note: this error originates in the derive macro `DeriveModelEx` (in Nightly builds, run with -Z macro-backtrace for more info)

error[E0428]: the name `BiodataDosen` is defined multiple times
 --> src/models/feeder/master/dosen.rs:6:1
  |
6 | #[sea_orm::model]
  | ^^^^^^^^^^^^^^^^^ `BiodataDosen` redefined here
  |
  = note: `BiodataDosen` must be defined only once in the type namespace of this enum
  = note: this error originates in the derive macro `DeriveModelEx` (in Nightly builds, run with -Z macro-backtrace for more info)

error[E0428]: the name `Agama` is defined multiple times
 --> src/models/feeder/master/dosen.rs:6:1
  |
6 | #[sea_orm::model]
  | ^^^^^^^^^^^^^^^^^ `Agama` redefined here
  |
  = note: `Agama` must be defined only once in the type namespace of this enum
  = note: this error originates in the derive macro `DeriveModelEx` (in Nightly builds, run with -Z macro-backtrace for more info)

error[E0428]: the name `DosenPembimbing` is defined multiple times
 --> src/models/feeder/master/dosen.rs:6:1
  |
6 | #[sea_orm::model]
  | ^^^^^^^^^^^^^^^^^ `DosenPembimbing` redefined here
  |
  = note: `DosenPembimbing` must be defined only once in the type namespace of this enum
  = note: this error originates in the derive macro `DeriveModelEx` (in Nightly builds, run with -Z macro-backtrace for more info)

error[E0428]: the name `DosenPengajarKelasKuliah` is defined multiple times
 --> src/models/feeder/master/dosen.rs:6:1
  |
6 | #[sea_orm::model]
  | ^^^^^^^^^^^^^^^^^ `DosenPengajarKelasKuliah` redefined here
  |
  = note: `DosenPengajarKelasKuliah` must be defined only once in the type namespace of this enum
  = note: this error originates in the derive macro `DeriveModelEx` (in Nightly builds, run with -Z macro-backtrace for more info)

error[E0428]: the name `KelasKuliah` is defined multiple times
 --> src/models/feeder/master/dosen.rs:6:1
  |
6 | #[sea_orm::model]
  | ^^^^^^^^^^^^^^^^^ `KelasKuliah` redefined here
  |
  = note: `KelasKuliah` must be defined only once in the type namespace of this enum
  = note: this error originates in the derive macro `DeriveModelEx` (in Nightly builds, run with -Z macro-backtrace for more info)

error[E0428]: the name `MahasiswaBimbinganDosen` is defined multiple times
 --> src/models/feeder/master/dosen.rs:6:1
  |
6 | #[sea_orm::model]
  | ^^^^^^^^^^^^^^^^^ `MahasiswaBimbinganDosen` redefined here
  |
  = note: `MahasiswaBimbinganDosen` must be defined only once in the type namespace of this enum
  = note: this error originates in the derive macro `DeriveModelEx` (in Nightly builds, run with -Z macro-backtrace for more info)

error[E0428]: the name `MahasiswaLulusanDropout` is defined multiple times
 --> src/models/feeder/master/dosen.rs:6:1
  |
6 | #[sea_orm::model]
  | ^^^^^^^^^^^^^^^^^ `MahasiswaLulusanDropout` redefined here
  |
  = note: `MahasiswaLulusanDropout` must be defined only once in the type namespace of this enum
  = note: this error originates in the derive macro `DeriveModelEx` (in Nightly builds, run with -Z macro-backtrace for more info)

error[E0428]: the name `PenugasanDosen` is defined multiple times
 --> src/models/feeder/master/dosen.rs:6:1
  |
6 | #[sea_orm::model]
  | ^^^^^^^^^^^^^^^^^ `PenugasanDosen` redefined here
  |
  = note: `PenugasanDosen` must be defined only once in the type namespace of this enum
  = note: this error originates in the derive macro `DeriveModelEx` (in Nightly builds, run with -Z macro-backtrace for more info)

error[E0428]: the name `RiwayatFungsionalDosen` is defined multiple times
 --> src/models/feeder/master/dosen.rs:6:1
  |
6 | #[sea_orm::model]
  | ^^^^^^^^^^^^^^^^^ `RiwayatFungsionalDosen` redefined here
  |
  = note: `RiwayatFungsionalDosen` must be defined only once in the type namespace of this enum
  = note: this error originates in the derive macro `DeriveModelEx` (in Nightly builds, run with -Z macro-backtrace for more info)

error[E0428]: the name `RiwayatPangkatDosen` is defined multiple times
 --> src/models/feeder/master/dosen.rs:6:1
  |
6 | #[sea_orm::model]
  | ^^^^^^^^^^^^^^^^^ `RiwayatPangkatDosen` redefined here
  |
  = note: `RiwayatPangkatDosen` must be defined only once in the type namespace of this enum
  = note: this error originates in the derive macro `DeriveModelEx` (in Nightly builds, run with -Z macro-backtrace for more info)

error[E0428]: the name `RiwayatPendidikanDosen` is defined multiple times
 --> src/models/feeder/master/dosen.rs:6:1
  |
6 | #[sea_orm::model]
  | ^^^^^^^^^^^^^^^^^ `RiwayatPendidikanDosen` redefined here
  |
  = note: `RiwayatPendidikanDosen` must be defined only once in the type namespace of this enum
  = note: this error originates in the derive macro `DeriveModelEx` (in Nightly builds, run with -Z macro-backtrace for more info)

error[E0428]: the name `RiwayatPenelitianDosen` is defined multiple times
 --> src/models/feeder/master/dosen.rs:6:1
  |
6 | #[sea_orm::model]
  | ^^^^^^^^^^^^^^^^^ `RiwayatPenelitianDosen` redefined here
  |
  = note: `RiwayatPenelitianDosen` must be defined only once in the type namespace of this enum
  = note: this error originates in the derive macro `DeriveModelEx` (in Nightly builds, run with -Z macro-backtrace for more info)

error[E0428]: the name `RiwayatSertifikasiDosen` is defined multiple times
 --> src/models/feeder/master/dosen.rs:6:1
  |
6 | #[sea_orm::model]
  | ^^^^^^^^^^^^^^^^^ `RiwayatSertifikasiDosen` redefined here
  |
  = note: `RiwayatSertifikasiDosen` must be defined only once in the type namespace of this enum
  = note: this error originates in the derive macro `DeriveModelEx` (in Nightly builds, run with -Z macro-backtrace for more info)

error[E0428]: the name `UjiMahasiswa` is defined multiple times
 --> src/models/feeder/master/dosen.rs:6:1
  |
6 | #[sea_orm::model]
  | ^^^^^^^^^^^^^^^^^ `UjiMahasiswa` redefined here
  |
  = note: `UjiMahasiswa` must be defined only once in the type namespace of this enum
  = note: this error originates in the derive macro `DeriveModelEx` (in Nightly builds, run with -Z macro-backtrace for more info)

error: BelongsTo<Option<Entity>> requires at least one `Option<T>` `from` field
  --> src/models/feeder/master/dosen.rs:87:34
   |
87 |     #[sea_orm(belongs_to, from = "id_agama", to = "id")]
   |                                  ^^^^^^^^^^

error[E0428]: the name `Dosen` is defined multiple times
 --> src/models/feeder/master/dosen_pembimbing.rs:6:1
  |
6 | #[sea_orm::model]
  | ^^^^^^^^^^^^^^^^^ `Dosen` redefined here
  |
  = note: `Dosen` must be defined only once in the type namespace of this enum
  = note: this error originates in the derive macro `DeriveModelEx` (in Nightly builds, run with -Z macro-backtrace for more info)

error: BelongsTo<Option<Entity>> requires at least one `Option<T>` `from` field
  --> src/models/feeder/master/dosen_pembimbing.rs:30:34
   |
30 |     #[sea_orm(belongs_to, from = "id_dosen", to = "id")]
   |                                  ^^^^^^^^^^

error[E0428]: the name `Dosen` is defined multiple times
 --> src/models/feeder/master/dosen_pengajar_kelas_kuliah.rs:6:1
  |
6 | #[sea_orm::model]
  | ^^^^^^^^^^^^^^^^^ `Dosen` redefined here
  |
  = note: `Dosen` must be defined only once in the type namespace of this enum
  = note: this error originates in the derive macro `DeriveModelEx` (in Nightly builds, run with -Z macro-backtrace for more info)

error[E0428]: the name `KelasKuliah` is defined multiple times
 --> src/models/feeder/master/dosen_pengajar_kelas_kuliah.rs:6:1
  |
6 | #[sea_orm::model]
  | ^^^^^^^^^^^^^^^^^ `KelasKuliah` redefined here
  |
  = note: `KelasKuliah` must be defined only once in the type namespace of this enum
  = note: this error originates in the derive macro `DeriveModelEx` (in Nightly builds, run with -Z macro-backtrace for more info)

error[E0428]: the name `JenisEvaluasi` is defined multiple times
 --> src/models/feeder/master/dosen_pengajar_kelas_kuliah.rs:6:1
  |
6 | #[sea_orm::model]
  | ^^^^^^^^^^^^^^^^^ `JenisEvaluasi` redefined here
  |
  = note: `JenisEvaluasi` must be defined only once in the type namespace of this enum
  = note: this error originates in the derive macro `DeriveModelEx` (in Nightly builds, run with -Z macro-backtrace for more info)

error[E0428]: the name `ProgramStudi` is defined multiple times
 --> src/models/feeder/master/dosen_pengajar_kelas_kuliah.rs:6:1
  |
6 | #[sea_orm::model]
  | ^^^^^^^^^^^^^^^^^ `ProgramStudi` redefined here
  |
  = note: `ProgramStudi` must be defined only once in the type namespace of this enum
  = note: this error originates in the derive macro `DeriveModelEx` (in Nightly builds, run with -Z macro-backtrace for more info)

error[E0428]: the name `Semester` is defined multiple times
 --> src/models/feeder/master/dosen_pengajar_kelas_kuliah.rs:6:1
  |
6 | #[sea_orm::model]
  | ^^^^^^^^^^^^^^^^^ `Semester` redefined here
  |
  = note: `Semester` must be defined only once in the type namespace of this enum
  = note: this error originates in the derive macro `DeriveModelEx` (in Nightly builds, run with -Z macro-backtrace for more info)

error: BelongsTo<Option<Entity>> requires at least one `Option<T>` `from` field
  --> src/models/feeder/master/dosen_pengajar_kelas_kuliah.rs:54:34
   |
54 |     #[sea_orm(belongs_to, from = "id_dosen", to = "id")]
   |                                  ^^^^^^^^^^

error[E0428]: the name `JenjangPendidikan` is defined multiple times
 --> src/models/feeder/master/fakultas.rs:6:1
  |
6 | #[sea_orm::model]
  | ^^^^^^^^^^^^^^^^^ `JenjangPendidikan` redefined here
  |
  = note: `JenjangPendidikan` must be defined only once in the type namespace of this enum
  = note: this error originates in the derive macro `DeriveModelEx` (in Nightly builds, run with -Z macro-backtrace for more info)

error: BelongsTo<Option<Entity>> requires at least one `Option<T>` `from` field
  --> src/models/feeder/master/fakultas.rs:27:34
   |
27 |     #[sea_orm(belongs_to, from = "id_jenjang_pendidikan", to = "id")]
   |                                  ^^^^^^^^^^^^^^^^^^^^^^^

error[E0428]: the name `ProgramStudi` is defined multiple times
 --> src/models/feeder/master/hitung_transkrip_angkatan_mahasiswa.rs:6:1
  |
6 | #[sea_orm::model]
  | ^^^^^^^^^^^^^^^^^ `ProgramStudi` redefined here
  |
  = note: `ProgramStudi` must be defined only once in the type namespace of this enum
  = note: this error originates in the derive macro `DeriveModelEx` (in Nightly builds, run with -Z macro-backtrace for more info)

error: BelongsTo<Option<Entity>> requires at least one `Option<T>` `from` field
  --> src/models/feeder/master/hitung_transkrip_angkatan_mahasiswa.rs:27:34
   |
27 |     #[sea_orm(belongs_to, from = "id_prodi", to = "id")]
   |                                  ^^^^^^^^^^

error[E0428]: the name `ProgramStudi` is defined multiple times
 --> src/models/feeder/master/kartu_rencana_studi_mahasiswa.rs:6:1
  |
6 | #[sea_orm::model]
  | ^^^^^^^^^^^^^^^^^ `ProgramStudi` redefined here
  |
  = note: `ProgramStudi` must be defined only once in the type namespace of this enum
  = note: this error originates in the derive macro `DeriveModelEx` (in Nightly builds, run with -Z macro-backtrace for more info)

error: BelongsTo<Option<Entity>> requires at least one `Option<T>` `from` field
  --> src/models/feeder/master/kartu_rencana_studi_mahasiswa.rs:39:34
   |
39 |     #[sea_orm(belongs_to, from = "id_prodi", to = "id")]
   |                                  ^^^^^^^^^^

error[E0428]: the name `DetailNilaiPerkuliahanKelas` is defined multiple times
 --> src/models/feeder/master/kelas_kuliah.rs:6:1
  |
6 | #[sea_orm::model]
  | ^^^^^^^^^^^^^^^^^ `DetailNilaiPerkuliahanKelas` redefined here
  |
  = note: `DetailNilaiPerkuliahanKelas` must be defined only once in the type namespace of this enum
  = note: this error originates in the derive macro `DeriveModelEx` (in Nightly builds, run with -Z macro-backtrace for more info)

error[E0428]: the name `DosenPengajarKelasKuliah` is defined multiple times
 --> src/models/feeder/master/kelas_kuliah.rs:6:1
  |
6 | #[sea_orm::model]
  | ^^^^^^^^^^^^^^^^^ `DosenPengajarKelasKuliah` redefined here
  |
  = note: `DosenPengajarKelasKuliah` must be defined only once in the type namespace of this enum
  = note: this error originates in the derive macro `DeriveModelEx` (in Nightly builds, run with -Z macro-backtrace for more info)

error[E0428]: the name `ProgramStudi` is defined multiple times
 --> src/models/feeder/master/kelas_kuliah.rs:6:1
  |
6 | #[sea_orm::model]
  | ^^^^^^^^^^^^^^^^^ `ProgramStudi` redefined here
  |
  = note: `ProgramStudi` must be defined only once in the type namespace of this enum
  = note: this error originates in the derive macro `DeriveModelEx` (in Nightly builds, run with -Z macro-backtrace for more info)

error[E0428]: the name `Semester` is defined multiple times
 --> src/models/feeder/master/kelas_kuliah.rs:6:1
  |
6 | #[sea_orm::model]
  | ^^^^^^^^^^^^^^^^^ `Semester` redefined here
  |
  = note: `Semester` must be defined only once in the type namespace of this enum
  = note: this error originates in the derive macro `DeriveModelEx` (in Nightly builds, run with -Z macro-backtrace for more info)

error[E0428]: the name `Dosen` is defined multiple times
 --> src/models/feeder/master/kelas_kuliah.rs:6:1
  |
6 | #[sea_orm::model]
  | ^^^^^^^^^^^^^^^^^ `Dosen` redefined here
  |
  = note: `Dosen` must be defined only once in the type namespace of this enum
  = note: this error originates in the derive macro `DeriveModelEx` (in Nightly builds, run with -Z macro-backtrace for more info)

error[E0428]: the name `KomponenEvaluasiKelas` is defined multiple times
 --> src/models/feeder/master/kelas_kuliah.rs:6:1
  |
6 | #[sea_orm::model]
  | ^^^^^^^^^^^^^^^^^ `KomponenEvaluasiKelas` redefined here
  |
  = note: `KomponenEvaluasiKelas` must be defined only once in the type namespace of this enum
  = note: this error originates in the derive macro `DeriveModelEx` (in Nightly builds, run with -Z macro-backtrace for more info)

error[E0428]: the name `NilaiPerkuliahanKelas` is defined multiple times
 --> src/models/feeder/master/kelas_kuliah.rs:6:1
  |
6 | #[sea_orm::model]
  | ^^^^^^^^^^^^^^^^^ `NilaiPerkuliahanKelas` redefined here
  |
  = note: `NilaiPerkuliahanKelas` must be defined only once in the type namespace of this enum
  = note: this error originates in the derive macro `DeriveModelEx` (in Nightly builds, run with -Z macro-backtrace for more info)

error[E0428]: the name `PesertaKelasKuliah` is defined multiple times
 --> src/models/feeder/master/kelas_kuliah.rs:6:1
  |
6 | #[sea_orm::model]
  | ^^^^^^^^^^^^^^^^^ `PesertaKelasKuliah` redefined here
  |
  = note: `PesertaKelasKuliah` must be defined only once in the type namespace of this enum
  = note: this error originates in the derive macro `DeriveModelEx` (in Nightly builds, run with -Z macro-backtrace for more info)

error[E0428]: the name `TranskripMahasiswa` is defined multiple times
 --> src/models/feeder/master/kelas_kuliah.rs:6:1
  |
6 | #[sea_orm::model]
  | ^^^^^^^^^^^^^^^^^ `TranskripMahasiswa` redefined here
  |
  = note: `TranskripMahasiswa` must be defined only once in the type namespace of this enum
  = note: this error originates in the derive macro `DeriveModelEx` (in Nightly builds, run with -Z macro-backtrace for more info)

error: BelongsTo<Option<Entity>> requires at least one `Option<T>` `from` field
  --> src/models/feeder/master/kelas_kuliah.rs:86:34
   |
86 |     #[sea_orm(belongs_to, from = "id_prodi", to = "id")]
   |                                  ^^^^^^^^^^

error[E0428]: the name `KelasKuliah` is defined multiple times
 --> src/models/feeder/master/komponen_evaluasi_kelas.rs:6:1
  |
6 | #[sea_orm::model]
  | ^^^^^^^^^^^^^^^^^ `KelasKuliah` redefined here
  |
  = note: `KelasKuliah` must be defined only once in the type namespace of this enum
  = note: this error originates in the derive macro `DeriveModelEx` (in Nightly builds, run with -Z macro-backtrace for more info)

error[E0428]: the name `JenisEvaluasi` is defined multiple times
 --> src/models/feeder/master/komponen_evaluasi_kelas.rs:6:1
  |
6 | #[sea_orm::model]
  | ^^^^^^^^^^^^^^^^^ `JenisEvaluasi` redefined here
  |
  = note: `JenisEvaluasi` must be defined only once in the type namespace of this enum
  = note: this error originates in the derive macro `DeriveModelEx` (in Nightly builds, run with -Z macro-backtrace for more info)

error: BelongsTo<Option<Entity>> requires at least one `Option<T>` `from` field
  --> src/models/feeder/master/komponen_evaluasi_kelas.rs:34:34
   |
34 |     #[sea_orm(belongs_to, from = "id_kelas_kuliah", to = "id")]
   |                                  ^^^^^^^^^^^^^^^^^

error[E0428]: the name `Semester` is defined multiple times
 --> src/models/feeder/master/konversi_kampus_merdeka.rs:6:1
  |
6 | #[sea_orm::model]
  | ^^^^^^^^^^^^^^^^^ `Semester` redefined here
  |
  = note: `Semester` must be defined only once in the type namespace of this enum
  = note: this error originates in the derive macro `DeriveModelEx` (in Nightly builds, run with -Z macro-backtrace for more info)

error: BelongsTo<Option<Entity>> requires at least one `Option<T>` `from` field
  --> src/models/feeder/master/konversi_kampus_merdeka.rs:39:34
   |
39 |     #[sea_orm(belongs_to, from = "id_semester", to = "id")]
   |                                  ^^^^^^^^^^^^^

error[E0428]: the name `ProgramStudi` is defined multiple times
 --> src/models/feeder/master/kurikulum.rs:6:1
  |
6 | #[sea_orm::model]
  | ^^^^^^^^^^^^^^^^^ `ProgramStudi` redefined here
  |
  = note: `ProgramStudi` must be defined only once in the type namespace of this enum
  = note: this error originates in the derive macro `DeriveModelEx` (in Nightly builds, run with -Z macro-backtrace for more info)

error[E0428]: the name `Semester` is defined multiple times
 --> src/models/feeder/master/kurikulum.rs:6:1
  |
6 | #[sea_orm::model]
  | ^^^^^^^^^^^^^^^^^ `Semester` redefined here
  |
  = note: `Semester` must be defined only once in the type namespace of this enum
  = note: this error originates in the derive macro `DeriveModelEx` (in Nightly builds, run with -Z macro-backtrace for more info)

error[E0428]: the name `MatakuliahKurikulum` is defined multiple times
 --> src/models/feeder/master/kurikulum.rs:6:1
  |
6 | #[sea_orm::model]
  | ^^^^^^^^^^^^^^^^^ `MatakuliahKurikulum` redefined here
  |
  = note: `MatakuliahKurikulum` must be defined only once in the type namespace of this enum
  = note: this error originates in the derive macro `DeriveModelEx` (in Nightly builds, run with -Z macro-backtrace for more info)

error: BelongsTo<Option<Entity>> requires at least one `Option<T>` `from` field
  --> src/models/feeder/master/kurikulum.rs:47:34
   |
47 |     #[sea_orm(belongs_to, from = "id_prodi", to = "id")]
   |                                  ^^^^^^^^^^

error[E0428]: the name `BiodataMahasiswa` is defined multiple times
 --> src/models/feeder/master/mahasiswa.rs:6:1
  |
6 | #[sea_orm::model]
  | ^^^^^^^^^^^^^^^^^ `BiodataMahasiswa` redefined here
  |
  = note: `BiodataMahasiswa` must be defined only once in the type namespace of this enum
  = note: this error originates in the derive macro `DeriveModelEx` (in Nightly builds, run with -Z macro-backtrace for more info)

error[E0428]: the name `DetailNilaiPerkuliahanKelas` is defined multiple times
 --> src/models/feeder/master/mahasiswa.rs:6:1
  |
6 | #[sea_orm::model]
  | ^^^^^^^^^^^^^^^^^ `DetailNilaiPerkuliahanKelas` redefined here
  |
  = note: `DetailNilaiPerkuliahanKelas` must be defined only once in the type namespace of this enum
  = note: this error originates in the derive macro `DeriveModelEx` (in Nightly builds, run with -Z macro-backtrace for more info)

error[E0428]: the name `PerguruanTinggi` is defined multiple times
 --> src/models/feeder/master/mahasiswa.rs:6:1
  |
6 | #[sea_orm::model]
  | ^^^^^^^^^^^^^^^^^ `PerguruanTinggi` redefined here
  |
  = note: `PerguruanTinggi` must be defined only once in the type namespace of this enum
  = note: this error originates in the derive macro `DeriveModelEx` (in Nightly builds, run with -Z macro-backtrace for more info)

error[E0428]: the name `Agama` is defined multiple times
 --> src/models/feeder/master/mahasiswa.rs:6:1
  |
6 | #[sea_orm::model]
  | ^^^^^^^^^^^^^^^^^ `Agama` redefined here
  |
  = note: `Agama` must be defined only once in the type namespace of this enum
  = note: this error originates in the derive macro `DeriveModelEx` (in Nightly builds, run with -Z macro-backtrace for more info)

error[E0428]: the name `StatusMahasiswa` is defined multiple times
 --> src/models/feeder/master/mahasiswa.rs:6:1
  |
6 | #[sea_orm::model]
  | ^^^^^^^^^^^^^^^^^ `StatusMahasiswa` redefined here
  |
  = note: `StatusMahasiswa` must be defined only once in the type namespace of this enum
  = note: this error originates in the derive macro `DeriveModelEx` (in Nightly builds, run with -Z macro-backtrace for more info)

error[E0428]: the name `ProgramStudi` is defined multiple times
 --> src/models/feeder/master/mahasiswa.rs:6:1
  |
6 | #[sea_orm::model]
  | ^^^^^^^^^^^^^^^^^ `ProgramStudi` redefined here
  |
  = note: `ProgramStudi` must be defined only once in the type namespace of this enum
  = note: this error originates in the derive macro `DeriveModelEx` (in Nightly builds, run with -Z macro-backtrace for more info)

error[E0428]: the name `MahasiswaLulusanDropout` is defined multiple times
 --> src/models/feeder/master/mahasiswa.rs:6:1
  |
6 | #[sea_orm::model]
  | ^^^^^^^^^^^^^^^^^ `MahasiswaLulusanDropout` redefined here
  |
  = note: `MahasiswaLulusanDropout` must be defined only once in the type namespace of this enum
  = note: this error originates in the derive macro `DeriveModelEx` (in Nightly builds, run with -Z macro-backtrace for more info)

error[E0428]: the name `PesertaKelasKuliah` is defined multiple times
 --> src/models/feeder/master/mahasiswa.rs:6:1
  |
6 | #[sea_orm::model]
  | ^^^^^^^^^^^^^^^^^ `PesertaKelasKuliah` redefined here
  |
  = note: `PesertaKelasKuliah` must be defined only once in the type namespace of this enum
  = note: this error originates in the derive macro `DeriveModelEx` (in Nightly builds, run with -Z macro-backtrace for more info)

error[E0428]: the name `PrestasiMahasiswa` is defined multiple times
 --> src/models/feeder/master/mahasiswa.rs:6:1
  |
6 | #[sea_orm::model]
  | ^^^^^^^^^^^^^^^^^ `PrestasiMahasiswa` redefined here
  |
  = note: `PrestasiMahasiswa` must be defined only once in the type namespace of this enum
  = note: this error originates in the derive macro `DeriveModelEx` (in Nightly builds, run with -Z macro-backtrace for more info)

error[E0428]: the name `RiwayatPendidikanMahasiswa` is defined multiple times
 --> src/models/feeder/master/mahasiswa.rs:6:1
  |
6 | #[sea_orm::model]
  | ^^^^^^^^^^^^^^^^^ `RiwayatPendidikanMahasiswa` redefined here
  |
  = note: `RiwayatPendidikanMahasiswa` must be defined only once in the type namespace of this enum
  = note: this error originates in the derive macro `DeriveModelEx` (in Nightly builds, run with -Z macro-backtrace for more info)

error[E0428]: the name `AktifitasKuliahMahasiswa` is defined multiple times
 --> src/models/feeder/master/mahasiswa.rs:6:1
  |
6 | #[sea_orm::model]
  | ^^^^^^^^^^^^^^^^^ `AktifitasKuliahMahasiswa` redefined here
  |
  = note: `AktifitasKuliahMahasiswa` must be defined only once in the type namespace of this enum
  = note: this error originates in the derive macro `DeriveModelEx` (in Nightly builds, run with -Z macro-backtrace for more info)

error: BelongsTo<Option<Entity>> requires at least one `Option<T>` `from` field
  --> src/models/feeder/master/mahasiswa.rs:84:34
   |
84 |     #[sea_orm(belongs_to, from = "id_perguruan_tinggi", to = "id")]
   |                                  ^^^^^^^^^^^^^^^^^^^^^

error[E0428]: the name `BimbingMahasiswa` is defined multiple times
 --> src/models/feeder/master/mahasiswa_bimbingan_dosen.rs:6:1
  |
6 | #[sea_orm::model]
  | ^^^^^^^^^^^^^^^^^ `BimbingMahasiswa` redefined here
  |
  = note: `BimbingMahasiswa` must be defined only once in the type namespace of this enum
  = note: this error originates in the derive macro `DeriveModelEx` (in Nightly builds, run with -Z macro-backtrace for more info)

error[E0428]: the name `KategoriKegiatan` is defined multiple times
 --> src/models/feeder/master/mahasiswa_bimbingan_dosen.rs:6:1
  |
6 | #[sea_orm::model]
  | ^^^^^^^^^^^^^^^^^ `KategoriKegiatan` redefined here
  |
  = note: `KategoriKegiatan` must be defined only once in the type namespace of this enum
  = note: this error originates in the derive macro `DeriveModelEx` (in Nightly builds, run with -Z macro-backtrace for more info)

error[E0428]: the name `Dosen` is defined multiple times
 --> src/models/feeder/master/mahasiswa_bimbingan_dosen.rs:6:1
  |
6 | #[sea_orm::model]
  | ^^^^^^^^^^^^^^^^^ `Dosen` redefined here
  |
  = note: `Dosen` must be defined only once in the type namespace of this enum
  = note: this error originates in the derive macro `DeriveModelEx` (in Nightly builds, run with -Z macro-backtrace for more info)

error: BelongsTo<Option<Entity>> requires at least one `Option<T>` `from` field
  --> src/models/feeder/master/mahasiswa_bimbingan_dosen.rs:40:34
   |
40 |     #[sea_orm(belongs_to, from = "id_bimbing_mahasiswa", to = "id")]
   |                                  ^^^^^^^^^^^^^^^^^^^^^^

error[E0428]: the name `Mahasiswa` is defined multiple times
 --> src/models/feeder/master/mahasiswa_lulusan_dropout.rs:6:1
  |
6 | #[sea_orm::model]
  | ^^^^^^^^^^^^^^^^^ `Mahasiswa` redefined here
  |
  = note: `Mahasiswa` must be defined only once in the type namespace of this enum
  = note: this error originates in the derive macro `DeriveModelEx` (in Nightly builds, run with -Z macro-backtrace for more info)

error[E0428]: the name `PerguruanTinggi` is defined multiple times
 --> src/models/feeder/master/mahasiswa_lulusan_dropout.rs:6:1
  |
6 | #[sea_orm::model]
  | ^^^^^^^^^^^^^^^^^ `PerguruanTinggi` redefined here
  |
  = note: `PerguruanTinggi` must be defined only once in the type namespace of this enum
  = note: this error originates in the derive macro `DeriveModelEx` (in Nightly builds, run with -Z macro-backtrace for more info)

error[E0428]: the name `ProgramStudi` is defined multiple times
 --> src/models/feeder/master/mahasiswa_lulusan_dropout.rs:6:1
  |
6 | #[sea_orm::model]
  | ^^^^^^^^^^^^^^^^^ `ProgramStudi` redefined here
  |
  = note: `ProgramStudi` must be defined only once in the type namespace of this enum
  = note: this error originates in the derive macro `DeriveModelEx` (in Nightly builds, run with -Z macro-backtrace for more info)

error[E0428]: the name `JenisKeluar` is defined multiple times
 --> src/models/feeder/master/mahasiswa_lulusan_dropout.rs:6:1
  |
6 | #[sea_orm::model]
  | ^^^^^^^^^^^^^^^^^ `JenisKeluar` redefined here
  |
  = note: `JenisKeluar` must be defined only once in the type namespace of this enum
  = note: this error originates in the derive macro `DeriveModelEx` (in Nightly builds, run with -Z macro-backtrace for more info)

error[E0428]: the name `Dosen` is defined multiple times
 --> src/models/feeder/master/mahasiswa_lulusan_dropout.rs:6:1
  |
6 | #[sea_orm::model]
  | ^^^^^^^^^^^^^^^^^ `Dosen` redefined here
  |
  = note: `Dosen` must be defined only once in the type namespace of this enum
  = note: this error originates in the derive macro `DeriveModelEx` (in Nightly builds, run with -Z macro-backtrace for more info)

error[E0428]: the name `JalurMasuk` is defined multiple times
 --> src/models/feeder/master/mahasiswa_lulusan_dropout.rs:6:1
  |
6 | #[sea_orm::model]
  | ^^^^^^^^^^^^^^^^^ `JalurMasuk` redefined here
  |
  = note: `JalurMasuk` must be defined only once in the type namespace of this enum
  = note: this error originates in the derive macro `DeriveModelEx` (in Nightly builds, run with -Z macro-backtrace for more info)

error[E0428]: the name `Pembiayaan` is defined multiple times
 --> src/models/feeder/master/mahasiswa_lulusan_dropout.rs:6:1
  |
6 | #[sea_orm::model]
  | ^^^^^^^^^^^^^^^^^ `Pembiayaan` redefined here
  |
  = note: `Pembiayaan` must be defined only once in the type namespace of this enum
  = note: this error originates in the derive macro `DeriveModelEx` (in Nightly builds, run with -Z macro-backtrace for more info)

error: BelongsTo<Option<Entity>> requires at least one `Option<T>` `from` field
  --> src/models/feeder/master/mahasiswa_lulusan_dropout.rs:98:34
   |
98 |     #[sea_orm(belongs_to, from = "id_mahasiswa", to = "id")]
   |                                  ^^^^^^^^^^^^^^

error[E0428]: the name `ProgramStudi` is defined multiple times
 --> src/models/feeder/master/matakuliah.rs:6:1
  |
6 | #[sea_orm::model]
  | ^^^^^^^^^^^^^^^^^ `ProgramStudi` redefined here
  |
  = note: `ProgramStudi` must be defined only once in the type namespace of this enum
  = note: this error originates in the derive macro `DeriveModelEx` (in Nightly builds, run with -Z macro-backtrace for more info)

error: BelongsTo<Option<Entity>> requires at least one `Option<T>` `from` field
  --> src/models/feeder/master/matakuliah.rs:52:34
   |
52 |     #[sea_orm(belongs_to, from = "id_prodi", to = "id")]
   |                                  ^^^^^^^^^^

error[E0428]: the name `Kurikulum` is defined multiple times
 --> src/models/feeder/master/matakuliah_kurikulum.rs:6:1
  |
6 | #[sea_orm::model]
  | ^^^^^^^^^^^^^^^^^ `Kurikulum` redefined here
  |
  = note: `Kurikulum` must be defined only once in the type namespace of this enum
  = note: this error originates in the derive macro `DeriveModelEx` (in Nightly builds, run with -Z macro-backtrace for more info)

error[E0428]: the name `ProgramStudi` is defined multiple times
 --> src/models/feeder/master/matakuliah_kurikulum.rs:6:1
  |
6 | #[sea_orm::model]
  | ^^^^^^^^^^^^^^^^^ `ProgramStudi` redefined here
  |
  = note: `ProgramStudi` must be defined only once in the type namespace of this enum
  = note: this error originates in the derive macro `DeriveModelEx` (in Nightly builds, run with -Z macro-backtrace for more info)

error: BelongsTo<Option<Entity>> requires at least one `Option<T>` `from` field
  --> src/models/feeder/master/matakuliah_kurikulum.rs:51:34
   |
51 |     #[sea_orm(belongs_to, from = "id_kurikulum", to = "id")]
   |                                  ^^^^^^^^^^^^^^

error[E0428]: the name `KelasKuliah` is defined multiple times
 --> src/models/feeder/master/nilai_perkuliahan_kelas.rs:6:1
  |
6 | #[sea_orm::model]
  | ^^^^^^^^^^^^^^^^^ `KelasKuliah` redefined here
  |
  = note: `KelasKuliah` must be defined only once in the type namespace of this enum
  = note: this error originates in the derive macro `DeriveModelEx` (in Nightly builds, run with -Z macro-backtrace for more info)

error: BelongsTo<Option<Entity>> requires at least one `Option<T>` `from` field
  --> src/models/feeder/master/nilai_perkuliahan_kelas.rs:64:34
   |
64 |     #[sea_orm(belongs_to, from = "id_kelas_kuliah", to = "id")]
   |                                  ^^^^^^^^^^^^^^^^^

error[E0428]: the name `ProgramStudi` is defined multiple times
 --> src/models/feeder/master/nilai_transfer_pendidikan_mahasiswa.rs:6:1
  |
6 | #[sea_orm::model]
  | ^^^^^^^^^^^^^^^^^ `ProgramStudi` redefined here
  |
  = note: `ProgramStudi` must be defined only once in the type namespace of this enum
  = note: this error originates in the derive macro `DeriveModelEx` (in Nightly builds, run with -Z macro-backtrace for more info)

error[E0428]: the name `PerguruanTinggi` is defined multiple times
 --> src/models/feeder/master/nilai_transfer_pendidikan_mahasiswa.rs:6:1
  |
6 | #[sea_orm::model]
  | ^^^^^^^^^^^^^^^^^ `PerguruanTinggi` redefined here
  |
  = note: `PerguruanTinggi` must be defined only once in the type namespace of this enum
  = note: this error originates in the derive macro `DeriveModelEx` (in Nightly builds, run with -Z macro-backtrace for more info)

error[E0428]: the name `Semester` is defined multiple times
 --> src/models/feeder/master/nilai_transfer_pendidikan_mahasiswa.rs:6:1
  |
6 | #[sea_orm::model]
  | ^^^^^^^^^^^^^^^^^ `Semester` redefined here
  |
  = note: `Semester` must be defined only once in the type namespace of this enum
  = note: this error originates in the derive macro `DeriveModelEx` (in Nightly builds, run with -Z macro-backtrace for more info)

error: BelongsTo<Option<Entity>> requires at least one `Option<T>` `from` field
  --> src/models/feeder/master/nilai_transfer_pendidikan_mahasiswa.rs:60:34
   |
60 |     #[sea_orm(belongs_to, from = "id_prodi", to = "id")]
   |                                  ^^^^^^^^^^

error[E0428]: the name `Dosen` is defined multiple times
 --> src/models/feeder/master/penugasan_dosen.rs:6:1
  |
6 | #[sea_orm::model]
  | ^^^^^^^^^^^^^^^^^ `Dosen` redefined here
  |
  = note: `Dosen` must be defined only once in the type namespace of this enum
  = note: this error originates in the derive macro `DeriveModelEx` (in Nightly builds, run with -Z macro-backtrace for more info)

error[E0428]: the name `TahunAjaran` is defined multiple times
 --> src/models/feeder/master/penugasan_dosen.rs:6:1
  |
6 | #[sea_orm::model]
  | ^^^^^^^^^^^^^^^^^ `TahunAjaran` redefined here
  |
  = note: `TahunAjaran` must be defined only once in the type namespace of this enum
  = note: this error originates in the derive macro `DeriveModelEx` (in Nightly builds, run with -Z macro-backtrace for more info)

error[E0428]: the name `PerguruanTinggi` is defined multiple times
 --> src/models/feeder/master/penugasan_dosen.rs:6:1
  |
6 | #[sea_orm::model]
  | ^^^^^^^^^^^^^^^^^ `PerguruanTinggi` redefined here
  |
  = note: `PerguruanTinggi` must be defined only once in the type namespace of this enum
  = note: this error originates in the derive macro `DeriveModelEx` (in Nightly builds, run with -Z macro-backtrace for more info)

error[E0428]: the name `ProgramStudi` is defined multiple times
 --> src/models/feeder/master/penugasan_dosen.rs:6:1
  |
6 | #[sea_orm::model]
  | ^^^^^^^^^^^^^^^^^ `ProgramStudi` redefined here
  |
  = note: `ProgramStudi` must be defined only once in the type namespace of this enum
  = note: this error originates in the derive macro `DeriveModelEx` (in Nightly builds, run with -Z macro-backtrace for more info)

error: BelongsTo<Option<Entity>> requires at least one `Option<T>` `from` field
  --> src/models/feeder/master/penugasan_dosen.rs:52:34
   |
52 |     #[sea_orm(belongs_to, from = "id_dosen", to = "id")]
   |                                  ^^^^^^^^^^

error[E0428]: the name `Mahasiswa` is defined multiple times
 --> src/models/feeder/master/perguruan_tinggi.rs:6:1
  |
6 | #[sea_orm::model]
  | ^^^^^^^^^^^^^^^^^ `Mahasiswa` redefined here
  |
  = note: `Mahasiswa` must be defined only once in the type namespace of this enum
  = note: this error originates in the derive macro `DeriveModelEx` (in Nightly builds, run with -Z macro-backtrace for more info)

error[E0428]: the name `MahasiswaLulusanDropout` is defined multiple times
 --> src/models/feeder/master/perguruan_tinggi.rs:6:1
  |
6 | #[sea_orm::model]
  | ^^^^^^^^^^^^^^^^^ `MahasiswaLulusanDropout` redefined here
  |
  = note: `MahasiswaLulusanDropout` must be defined only once in the type namespace of this enum
  = note: this error originates in the derive macro `DeriveModelEx` (in Nightly builds, run with -Z macro-backtrace for more info)

error[E0428]: the name `NilaiTransferPendidikanMahasiswa` is defined multiple times
 --> src/models/feeder/master/perguruan_tinggi.rs:6:1
  |
6 | #[sea_orm::model]
  | ^^^^^^^^^^^^^^^^^ `NilaiTransferPendidikanMahasiswa` redefined here
  |
  = note: `NilaiTransferPendidikanMahasiswa` must be defined only once in the type namespace of this enum
  = note: this error originates in the derive macro `DeriveModelEx` (in Nightly builds, run with -Z macro-backtrace for more info)

error[E0428]: the name `PenugasanDosen` is defined multiple times
 --> src/models/feeder/master/perguruan_tinggi.rs:6:1
  |
6 | #[sea_orm::model]
  | ^^^^^^^^^^^^^^^^^ `PenugasanDosen` redefined here
  |
  = note: `PenugasanDosen` must be defined only once in the type namespace of this enum
  = note: this error originates in the derive macro `DeriveModelEx` (in Nightly builds, run with -Z macro-backtrace for more info)

error[E0428]: the name `ProfilPerguruanTinggi` is defined multiple times
 --> src/models/feeder/master/perguruan_tinggi.rs:6:1
  |
6 | #[sea_orm::model]
  | ^^^^^^^^^^^^^^^^^ `ProfilPerguruanTinggi` redefined here
  |
  = note: `ProfilPerguruanTinggi` must be defined only once in the type namespace of this enum
  = note: this error originates in the derive macro `DeriveModelEx` (in Nightly builds, run with -Z macro-backtrace for more info)

error[E0428]: the name `ProgramStudi` is defined multiple times
 --> src/models/feeder/master/perguruan_tinggi.rs:6:1
  |
6 | #[sea_orm::model]
  | ^^^^^^^^^^^^^^^^^ `ProgramStudi` redefined here
  |
  = note: `ProgramStudi` must be defined only once in the type namespace of this enum
  = note: this error originates in the derive macro `DeriveModelEx` (in Nightly builds, run with -Z macro-backtrace for more info)

error[E0428]: the name `RiwayatPendidikanDosen` is defined multiple times
 --> src/models/feeder/master/perguruan_tinggi.rs:6:1
  |
6 | #[sea_orm::model]
  | ^^^^^^^^^^^^^^^^^ `RiwayatPendidikanDosen` redefined here
  |
  = note: `RiwayatPendidikanDosen` must be defined only once in the type namespace of this enum
  = note: this error originates in the derive macro `DeriveModelEx` (in Nightly builds, run with -Z macro-backtrace for more info)

error[E0428]: the name `RiwayatPendidikanMahasiswa` is defined multiple times
 --> src/models/feeder/master/perguruan_tinggi.rs:6:1
  |
6 | #[sea_orm::model]
  | ^^^^^^^^^^^^^^^^^ `RiwayatPendidikanMahasiswa` redefined here
  |
  = note: `RiwayatPendidikanMahasiswa` must be defined only once in the type namespace of this enum
  = note: this error originates in the derive macro `DeriveModelEx` (in Nightly builds, run with -Z macro-backtrace for more info)

error[E0428]: the name `ProgramStudi` is defined multiple times
 --> src/models/feeder/master/periode_aktif.rs:6:1
  |
6 | #[sea_orm::model]
  | ^^^^^^^^^^^^^^^^^ `ProgramStudi` redefined here
  |
  = note: `ProgramStudi` must be defined only once in the type namespace of this enum
  = note: this error originates in the derive macro `DeriveModelEx` (in Nightly builds, run with -Z macro-backtrace for more info)

error: BelongsTo<Option<Entity>> requires at least one `Option<T>` `from` field
  --> src/models/feeder/master/periode_aktif.rs:29:34
   |
29 |     #[sea_orm(belongs_to, from = "id_prodi", to = "id")]
   |                                  ^^^^^^^^^^

error[E0428]: the name `ProgramStudi` is defined multiple times
 --> src/models/feeder/master/periode_perkuliahan.rs:6:1
  |
6 | #[sea_orm::model]
  | ^^^^^^^^^^^^^^^^^ `ProgramStudi` redefined here
  |
  = note: `ProgramStudi` must be defined only once in the type namespace of this enum
  = note: this error originates in the derive macro `DeriveModelEx` (in Nightly builds, run with -Z macro-backtrace for more info)

error[E0428]: the name `Semester` is defined multiple times
 --> src/models/feeder/master/periode_perkuliahan.rs:6:1
  |
6 | #[sea_orm::model]
  | ^^^^^^^^^^^^^^^^^ `Semester` redefined here
  |
  = note: `Semester` must be defined only once in the type namespace of this enum
  = note: this error originates in the derive macro `DeriveModelEx` (in Nightly builds, run with -Z macro-backtrace for more info)

error: BelongsTo<Option<Entity>> requires at least one `Option<T>` `from` field
  --> src/models/feeder/master/periode_perkuliahan.rs:44:34
   |
44 |     #[sea_orm(belongs_to, from = "id_prodi", to = "id")]
   |                                  ^^^^^^^^^^

error[E0428]: the name `ProgramStudi` is defined multiple times
 --> src/models/feeder/master/perkuliahan_mahasiswa.rs:6:1
  |
6 | #[sea_orm::model]
  | ^^^^^^^^^^^^^^^^^ `ProgramStudi` redefined here
  |
  = note: `ProgramStudi` must be defined only once in the type namespace of this enum
  = note: this error originates in the derive macro `DeriveModelEx` (in Nightly builds, run with -Z macro-backtrace for more info)

error[E0428]: the name `Semester` is defined multiple times
 --> src/models/feeder/master/perkuliahan_mahasiswa.rs:6:1
  |
6 | #[sea_orm::model]
  | ^^^^^^^^^^^^^^^^^ `Semester` redefined here
  |
  = note: `Semester` must be defined only once in the type namespace of this enum
  = note: this error originates in the derive macro `DeriveModelEx` (in Nightly builds, run with -Z macro-backtrace for more info)

error[E0428]: the name `StatusMahasiswa` is defined multiple times
 --> src/models/feeder/master/perkuliahan_mahasiswa.rs:6:1
  |
6 | #[sea_orm::model]
  | ^^^^^^^^^^^^^^^^^ `StatusMahasiswa` redefined here
  |
  = note: `StatusMahasiswa` must be defined only once in the type namespace of this enum
  = note: this error originates in the derive macro `DeriveModelEx` (in Nightly builds, run with -Z macro-backtrace for more info)

error[E0428]: the name `Pembiayaan` is defined multiple times
 --> src/models/feeder/master/perkuliahan_mahasiswa.rs:6:1
  |
6 | #[sea_orm::model]
  | ^^^^^^^^^^^^^^^^^ `Pembiayaan` redefined here
  |
  = note: `Pembiayaan` must be defined only once in the type namespace of this enum
  = note: this error originates in the derive macro `DeriveModelEx` (in Nightly builds, run with -Z macro-backtrace for more info)

error: BelongsTo<Option<Entity>> requires at least one `Option<T>` `from` field
  --> src/models/feeder/master/perkuliahan_mahasiswa.rs:54:34
   |
54 |     #[sea_orm(belongs_to, from = "id_prodi", to = "id")]
   |                                  ^^^^^^^^^^

error[E0428]: the name `KelasKuliah` is defined multiple times
 --> src/models/feeder/master/peserta_kelas_kuliah.rs:6:1
  |
6 | #[sea_orm::model]
  | ^^^^^^^^^^^^^^^^^ `KelasKuliah` redefined here
  |
  = note: `KelasKuliah` must be defined only once in the type namespace of this enum
  = note: this error originates in the derive macro `DeriveModelEx` (in Nightly builds, run with -Z macro-backtrace for more info)

error[E0428]: the name `Mahasiswa` is defined multiple times
 --> src/models/feeder/master/peserta_kelas_kuliah.rs:6:1
  |
6 | #[sea_orm::model]
  | ^^^^^^^^^^^^^^^^^ `Mahasiswa` redefined here
  |
  = note: `Mahasiswa` must be defined only once in the type namespace of this enum
  = note: this error originates in the derive macro `DeriveModelEx` (in Nightly builds, run with -Z macro-backtrace for more info)

error[E0428]: the name `ProgramStudi` is defined multiple times
 --> src/models/feeder/master/peserta_kelas_kuliah.rs:6:1
  |
6 | #[sea_orm::model]
  | ^^^^^^^^^^^^^^^^^ `ProgramStudi` redefined here
  |
  = note: `ProgramStudi` must be defined only once in the type namespace of this enum
  = note: this error originates in the derive macro `DeriveModelEx` (in Nightly builds, run with -Z macro-backtrace for more info)

error: BelongsTo<Option<Entity>> requires at least one `Option<T>` `from` field
  --> src/models/feeder/master/peserta_kelas_kuliah.rs:41:34
   |
41 |     #[sea_orm(belongs_to, from = "id_kelas_kuliah", to = "id")]
   |                                  ^^^^^^^^^^^^^^^^^

error[E0428]: the name `Mahasiswa` is defined multiple times
 --> src/models/feeder/master/prestasi_mahasiswa.rs:6:1
  |
6 | #[sea_orm::model]
  | ^^^^^^^^^^^^^^^^^ `Mahasiswa` redefined here
  |
  = note: `Mahasiswa` must be defined only once in the type namespace of this enum
  = note: this error originates in the derive macro `DeriveModelEx` (in Nightly builds, run with -Z macro-backtrace for more info)

error[E0428]: the name `JenisPrestasi` is defined multiple times
 --> src/models/feeder/master/prestasi_mahasiswa.rs:6:1
  |
6 | #[sea_orm::model]
  | ^^^^^^^^^^^^^^^^^ `JenisPrestasi` redefined here
  |
  = note: `JenisPrestasi` must be defined only once in the type namespace of this enum
  = note: this error originates in the derive macro `DeriveModelEx` (in Nightly builds, run with -Z macro-backtrace for more info)

error[E0428]: the name `TingkatPrestasi` is defined multiple times
 --> src/models/feeder/master/prestasi_mahasiswa.rs:6:1
  |
6 | #[sea_orm::model]
  | ^^^^^^^^^^^^^^^^^ `TingkatPrestasi` redefined here
  |
  = note: `TingkatPrestasi` must be defined only once in the type namespace of this enum
  = note: this error originates in the derive macro `DeriveModelEx` (in Nightly builds, run with -Z macro-backtrace for more info)

error: BelongsTo<Option<Entity>> requires at least one `Option<T>` `from` field
  --> src/models/feeder/master/prestasi_mahasiswa.rs:40:34
   |
40 |     #[sea_orm(belongs_to, from = "id_mahasiswa", to = "id")]
   |                                  ^^^^^^^^^^^^^^

error[E0428]: the name `PerguruanTinggi` is defined multiple times
 --> src/models/feeder/master/profil_perguruan_tinggi.rs:6:1
  |
6 | #[sea_orm::model]
  | ^^^^^^^^^^^^^^^^^ `PerguruanTinggi` redefined here
  |
  = note: `PerguruanTinggi` must be defined only once in the type namespace of this enum
  = note: this error originates in the derive macro `DeriveModelEx` (in Nightly builds, run with -Z macro-backtrace for more info)

error[E0428]: the name `Wilayah` is defined multiple times
 --> src/models/feeder/master/profil_perguruan_tinggi.rs:6:1
  |
6 | #[sea_orm::model]
  | ^^^^^^^^^^^^^^^^^ `Wilayah` redefined here
  |
  = note: `Wilayah` must be defined only once in the type namespace of this enum
  = note: this error originates in the derive macro `DeriveModelEx` (in Nightly builds, run with -Z macro-backtrace for more info)

error: BelongsTo<Option<Entity>> requires at least one `Option<T>` `from` field
  --> src/models/feeder/master/profil_perguruan_tinggi.rs:54:34
   |
54 |     #[sea_orm(belongs_to, from = "id_perguruan_tinggi", to = "id")]
   |                                  ^^^^^^^^^^^^^^^^^^^^^

error[E0428]: the name `AktifitasMahasiswa` is defined multiple times
 --> src/models/feeder/master/program_studi.rs:6:1
  |
6 | #[sea_orm::model]
  | ^^^^^^^^^^^^^^^^^ `AktifitasMahasiswa` redefined here
  |
  = note: `AktifitasMahasiswa` must be defined only once in the type namespace of this enum
  = note: this error originates in the derive macro `DeriveModelEx` (in Nightly builds, run with -Z macro-backtrace for more info)

error[E0428]: the name `AktifitasMengajarDosen` is defined multiple times
 --> src/models/feeder/master/program_studi.rs:6:1
  |
6 | #[sea_orm::model]
  | ^^^^^^^^^^^^^^^^^ `AktifitasMengajarDosen` redefined here
  |
  = note: `AktifitasMengajarDosen` must be defined only once in the type namespace of this enum
  = note: this error originates in the derive macro `DeriveModelEx` (in Nightly builds, run with -Z macro-backtrace for more info)

error[E0428]: the name `BidangMinatPerguruanTinggi` is defined multiple times
 --> src/models/feeder/master/program_studi.rs:6:1
  |
6 | #[sea_orm::model]
  | ^^^^^^^^^^^^^^^^^ `BidangMinatPerguruanTinggi` redefined here
  |
  = note: `BidangMinatPerguruanTinggi` must be defined only once in the type namespace of this enum
  = note: this error originates in the derive macro `DeriveModelEx` (in Nightly builds, run with -Z macro-backtrace for more info)

error[E0428]: the name `DetailNilaiPerkuliahanKelas` is defined multiple times
 --> src/models/feeder/master/program_studi.rs:6:1
  |
6 | #[sea_orm::model]
  | ^^^^^^^^^^^^^^^^^ `DetailNilaiPerkuliahanKelas` redefined here
  |
  = note: `DetailNilaiPerkuliahanKelas` must be defined only once in the type namespace of this enum
  = note: this error originates in the derive macro `DeriveModelEx` (in Nightly builds, run with -Z macro-backtrace for more info)

error[E0428]: the name `DosenPengajarKelasKuliah` is defined multiple times
 --> src/models/feeder/master/program_studi.rs:6:1
  |
6 | #[sea_orm::model]
  | ^^^^^^^^^^^^^^^^^ `DosenPengajarKelasKuliah` redefined here
  |
  = note: `DosenPengajarKelasKuliah` must be defined only once in the type namespace of this enum
  = note: this error originates in the derive macro `DeriveModelEx` (in Nightly builds, run with -Z macro-backtrace for more info)

error[E0428]: the name `HitungTranskripAngkatanMahasiswa` is defined multiple times
 --> src/models/feeder/master/program_studi.rs:6:1
  |
6 | #[sea_orm::model]
  | ^^^^^^^^^^^^^^^^^ `HitungTranskripAngkatanMahasiswa` redefined here
  |
  = note: `HitungTranskripAngkatanMahasiswa` must be defined only once in the type namespace of this enum
  = note: this error originates in the derive macro `DeriveModelEx` (in Nightly builds, run with -Z macro-backtrace for more info)

error[E0428]: the name `KartuRencanaStudiMahasiswa` is defined multiple times
 --> src/models/feeder/master/program_studi.rs:6:1
  |
6 | #[sea_orm::model]
  | ^^^^^^^^^^^^^^^^^ `KartuRencanaStudiMahasiswa` redefined here
  |
  = note: `KartuRencanaStudiMahasiswa` must be defined only once in the type namespace of this enum
  = note: this error originates in the derive macro `DeriveModelEx` (in Nightly builds, run with -Z macro-backtrace for more info)

error[E0428]: the name `KelasKuliah` is defined multiple times
 --> src/models/feeder/master/program_studi.rs:6:1
  |
6 | #[sea_orm::model]
  | ^^^^^^^^^^^^^^^^^ `KelasKuliah` redefined here
  |
  = note: `KelasKuliah` must be defined only once in the type namespace of this enum
  = note: this error originates in the derive macro `DeriveModelEx` (in Nightly builds, run with -Z macro-backtrace for more info)

error[E0428]: the name `Kurikulum` is defined multiple times
 --> src/models/feeder/master/program_studi.rs:6:1
  |
6 | #[sea_orm::model]
  | ^^^^^^^^^^^^^^^^^ `Kurikulum` redefined here
  |
  = note: `Kurikulum` must be defined only once in the type namespace of this enum
  = note: this error originates in the derive macro `DeriveModelEx` (in Nightly builds, run with -Z macro-backtrace for more info)

error[E0428]: the name `Mahasiswa` is defined multiple times
 --> src/models/feeder/master/program_studi.rs:6:1
  |
6 | #[sea_orm::model]
  | ^^^^^^^^^^^^^^^^^ `Mahasiswa` redefined here
  |
  = note: `Mahasiswa` must be defined only once in the type namespace of this enum
  = note: this error originates in the derive macro `DeriveModelEx` (in Nightly builds, run with -Z macro-backtrace for more info)

error[E0428]: the name `MahasiswaLulusanDropout` is defined multiple times
 --> src/models/feeder/master/program_studi.rs:6:1
  |
6 | #[sea_orm::model]
  | ^^^^^^^^^^^^^^^^^ `MahasiswaLulusanDropout` redefined here
  |
  = note: `MahasiswaLulusanDropout` must be defined only once in the type namespace of this enum
  = note: this error originates in the derive macro `DeriveModelEx` (in Nightly builds, run with -Z macro-backtrace for more info)

error[E0428]: the name `Matakuliah` is defined multiple times
 --> src/models/feeder/master/program_studi.rs:6:1
  |
6 | #[sea_orm::model]
  | ^^^^^^^^^^^^^^^^^ `Matakuliah` redefined here
  |
  = note: `Matakuliah` must be defined only once in the type namespace of this enum
  = note: this error originates in the derive macro `DeriveModelEx` (in Nightly builds, run with -Z macro-backtrace for more info)

error[E0428]: the name `MatakuliahKurikulum` is defined multiple times
 --> src/models/feeder/master/program_studi.rs:6:1
  |
6 | #[sea_orm::model]
  | ^^^^^^^^^^^^^^^^^ `MatakuliahKurikulum` redefined here
  |
  = note: `MatakuliahKurikulum` must be defined only once in the type namespace of this enum
  = note: this error originates in the derive macro `DeriveModelEx` (in Nightly builds, run with -Z macro-backtrace for more info)

error[E0428]: the name `NilaiTransferPendidikanMahasiswa` is defined multiple times
 --> src/models/feeder/master/program_studi.rs:6:1
  |
6 | #[sea_orm::model]
  | ^^^^^^^^^^^^^^^^^ `NilaiTransferPendidikanMahasiswa` redefined here
  |
  = note: `NilaiTransferPendidikanMahasiswa` must be defined only once in the type namespace of this enum
  = note: this error originates in the derive macro `DeriveModelEx` (in Nightly builds, run with -Z macro-backtrace for more info)

error[E0428]: the name `PenugasanDosen` is defined multiple times
 --> src/models/feeder/master/program_studi.rs:6:1
  |
6 | #[sea_orm::model]
  | ^^^^^^^^^^^^^^^^^ `PenugasanDosen` redefined here
  |
  = note: `PenugasanDosen` must be defined only once in the type namespace of this enum
  = note: this error originates in the derive macro `DeriveModelEx` (in Nightly builds, run with -Z macro-backtrace for more info)

error[E0428]: the name `PeriodeAktif` is defined multiple times
 --> src/models/feeder/master/program_studi.rs:6:1
  |
6 | #[sea_orm::model]
  | ^^^^^^^^^^^^^^^^^ `PeriodeAktif` redefined here
  |
  = note: `PeriodeAktif` must be defined only once in the type namespace of this enum
  = note: this error originates in the derive macro `DeriveModelEx` (in Nightly builds, run with -Z macro-backtrace for more info)

error[E0428]: the name `PeriodePerkuliahan` is defined multiple times
 --> src/models/feeder/master/program_studi.rs:6:1
  |
6 | #[sea_orm::model]
  | ^^^^^^^^^^^^^^^^^ `PeriodePerkuliahan` redefined here
  |
  = note: `PeriodePerkuliahan` must be defined only once in the type namespace of this enum
  = note: this error originates in the derive macro `DeriveModelEx` (in Nightly builds, run with -Z macro-backtrace for more info)

error[E0428]: the name `PerkuliahanMahasiswa` is defined multiple times
 --> src/models/feeder/master/program_studi.rs:6:1
  |
6 | #[sea_orm::model]
  | ^^^^^^^^^^^^^^^^^ `PerkuliahanMahasiswa` redefined here
  |
  = note: `PerkuliahanMahasiswa` must be defined only once in the type namespace of this enum
  = note: this error originates in the derive macro `DeriveModelEx` (in Nightly builds, run with -Z macro-backtrace for more info)

error[E0428]: the name `PesertaKelasKuliah` is defined multiple times
 --> src/models/feeder/master/program_studi.rs:6:1
  |
6 | #[sea_orm::model]
  | ^^^^^^^^^^^^^^^^^ `PesertaKelasKuliah` redefined here
  |
  = note: `PesertaKelasKuliah` must be defined only once in the type namespace of this enum
  = note: this error originates in the derive macro `DeriveModelEx` (in Nightly builds, run with -Z macro-backtrace for more info)

error[E0428]: the name `PerguruanTinggi` is defined multiple times
 --> src/models/feeder/master/program_studi.rs:6:1
  |
6 | #[sea_orm::model]
  | ^^^^^^^^^^^^^^^^^ `PerguruanTinggi` redefined here
  |
  = note: `PerguruanTinggi` must be defined only once in the type namespace of this enum
  = note: this error originates in the derive macro `DeriveModelEx` (in Nightly builds, run with -Z macro-backtrace for more info)

error[E0428]: the name `JenjangPendidikan` is defined multiple times
 --> src/models/feeder/master/program_studi.rs:6:1
  |
6 | #[sea_orm::model]
  | ^^^^^^^^^^^^^^^^^ `JenjangPendidikan` redefined here
  |
  = note: `JenjangPendidikan` must be defined only once in the type namespace of this enum
  = note: this error originates in the derive macro `DeriveModelEx` (in Nightly builds, run with -Z macro-backtrace for more info)

error[E0428]: the name `RencanaEvaluasi` is defined multiple times
 --> src/models/feeder/master/program_studi.rs:6:1
  |
6 | #[sea_orm::model]
  | ^^^^^^^^^^^^^^^^^ `RencanaEvaluasi` redefined here
  |
  = note: `RencanaEvaluasi` must be defined only once in the type namespace of this enum
  = note: this error originates in the derive macro `DeriveModelEx` (in Nightly builds, run with -Z macro-backtrace for more info)

error[E0428]: the name `RencanaPembelajaran` is defined multiple times
 --> src/models/feeder/master/program_studi.rs:6:1
  |
6 | #[sea_orm::model]
  | ^^^^^^^^^^^^^^^^^ `RencanaPembelajaran` redefined here
  |
  = note: `RencanaPembelajaran` must be defined only once in the type namespace of this enum
  = note: this error originates in the derive macro `DeriveModelEx` (in Nightly builds, run with -Z macro-backtrace for more info)

error[E0428]: the name `RiwayatNilaiMahasiswa` is defined multiple times
 --> src/models/feeder/master/program_studi.rs:6:1
  |
6 | #[sea_orm::model]
  | ^^^^^^^^^^^^^^^^^ `RiwayatNilaiMahasiswa` redefined here
  |
  = note: `RiwayatNilaiMahasiswa` must be defined only once in the type namespace of this enum
  = note: this error originates in the derive macro `DeriveModelEx` (in Nightly builds, run with -Z macro-backtrace for more info)

error[E0428]: the name `RiwayatPendidikanMahasiswa` is defined multiple times
 --> src/models/feeder/master/program_studi.rs:6:1
  |
6 | #[sea_orm::model]
  | ^^^^^^^^^^^^^^^^^ `RiwayatPendidikanMahasiswa` redefined here
  |
  = note: `RiwayatPendidikanMahasiswa` must be defined only once in the type namespace of this enum
  = note: this error originates in the derive macro `DeriveModelEx` (in Nightly builds, run with -Z macro-backtrace for more info)

error[E0428]: the name `SkalaNilaiProgramStudi` is defined multiple times
 --> src/models/feeder/master/program_studi.rs:6:1
  |
6 | #[sea_orm::model]
  | ^^^^^^^^^^^^^^^^^ `SkalaNilaiProgramStudi` redefined here
  |
  = note: `SkalaNilaiProgramStudi` must be defined only once in the type namespace of this enum
  = note: this error originates in the derive macro `DeriveModelEx` (in Nightly builds, run with -Z macro-backtrace for more info)

error[E0428]: the name `SubstansiMatakuliah` is defined multiple times
 --> src/models/feeder/master/program_studi.rs:6:1
  |
6 | #[sea_orm::model]
  | ^^^^^^^^^^^^^^^^^ `SubstansiMatakuliah` redefined here
  |
  = note: `SubstansiMatakuliah` must be defined only once in the type namespace of this enum
  = note: this error originates in the derive macro `DeriveModelEx` (in Nightly builds, run with -Z macro-backtrace for more info)

error[E0428]: the name `AktifitasKuliahMahasiswa` is defined multiple times
 --> src/models/feeder/master/program_studi.rs:6:1
  |
6 | #[sea_orm::model]
  | ^^^^^^^^^^^^^^^^^ `AktifitasKuliahMahasiswa` redefined here
  |
  = note: `AktifitasKuliahMahasiswa` must be defined only once in the type namespace of this enum
  = note: this error originates in the derive macro `DeriveModelEx` (in Nightly builds, run with -Z macro-backtrace for more info)

error[E0428]: the name `PeriodeLampau` is defined multiple times
 --> src/models/feeder/master/program_studi.rs:6:1
  |
6 | #[sea_orm::model]
  | ^^^^^^^^^^^^^^^^^ `PeriodeLampau` redefined here
  |
  = note: `PeriodeLampau` must be defined only once in the type namespace of this enum
  = note: this error originates in the derive macro `DeriveModelEx` (in Nightly builds, run with -Z macro-backtrace for more info)

error: BelongsTo<Option<Entity>> requires at least one `Option<T>` `from` field
   --> src/models/feeder/master/program_studi.rs:172:34
    |
172 |     #[sea_orm(belongs_to, from = "id_perguruan_tinggi", to = "id")]
    |                                  ^^^^^^^^^^^^^^^^^^^^^

error[E0428]: the name `ProgramStudi` is defined multiple times
 --> src/models/feeder/master/rencana_evaluasi.rs:6:1
  |
6 | #[sea_orm::model]
  | ^^^^^^^^^^^^^^^^^ `ProgramStudi` redefined here
  |
  = note: `ProgramStudi` must be defined only once in the type namespace of this enum
  = note: this error originates in the derive macro `DeriveModelEx` (in Nightly builds, run with -Z macro-backtrace for more info)

error: BelongsTo<Option<Entity>> requires at least one `Option<T>` `from` field
  --> src/models/feeder/master/rencana_evaluasi.rs:42:34
   |
42 |     #[sea_orm(belongs_to, from = "id_prodi", to = "id")]
   |                                  ^^^^^^^^^^

error[E0428]: the name `ProgramStudi` is defined multiple times
 --> src/models/feeder/master/rencana_pembelajaran.rs:6:1
  |
6 | #[sea_orm::model]
  | ^^^^^^^^^^^^^^^^^ `ProgramStudi` redefined here
  |
  = note: `ProgramStudi` must be defined only once in the type namespace of this enum
  = note: this error originates in the derive macro `DeriveModelEx` (in Nightly builds, run with -Z macro-backtrace for more info)

error: BelongsTo<Option<Entity>> requires at least one `Option<T>` `from` field
  --> src/models/feeder/master/rencana_pembelajaran.rs:36:34
   |
36 |     #[sea_orm(belongs_to, from = "id_prodi", to = "id")]
   |                                  ^^^^^^^^^^

error[E0428]: the name `Dosen` is defined multiple times
 --> src/models/feeder/master/riwayat_fungsional_dosen.rs:6:1
  |
6 | #[sea_orm::model]
  | ^^^^^^^^^^^^^^^^^ `Dosen` redefined here
  |
  = note: `Dosen` must be defined only once in the type namespace of this enum
  = note: this error originates in the derive macro `DeriveModelEx` (in Nightly builds, run with -Z macro-backtrace for more info)

error[E0428]: the name `JabatanFungsional` is defined multiple times
 --> src/models/feeder/master/riwayat_fungsional_dosen.rs:6:1
  |
6 | #[sea_orm::model]
  | ^^^^^^^^^^^^^^^^^ `JabatanFungsional` redefined here
  |
  = note: `JabatanFungsional` must be defined only once in the type namespace of this enum
  = note: this error originates in the derive macro `DeriveModelEx` (in Nightly builds, run with -Z macro-backtrace for more info)

error: BelongsTo<Option<Entity>> requires at least one `Option<T>` `from` field
  --> src/models/feeder/master/riwayat_fungsional_dosen.rs:33:34
   |
33 |     #[sea_orm(belongs_to, from = "id_dosen", to = "id")]
   |                                  ^^^^^^^^^^

error[E0428]: the name `ProgramStudi` is defined multiple times
 --> src/models/feeder/master/riwayat_nilai_mahasiswa.rs:6:1
  |
6 | #[sea_orm::model]
  | ^^^^^^^^^^^^^^^^^ `ProgramStudi` redefined here
  |
  = note: `ProgramStudi` must be defined only once in the type namespace of this enum
  = note: this error originates in the derive macro `DeriveModelEx` (in Nightly builds, run with -Z macro-backtrace for more info)

error: BelongsTo<Option<Entity>> requires at least one `Option<T>` `from` field
  --> src/models/feeder/master/riwayat_nilai_mahasiswa.rs:41:34
   |
41 |     #[sea_orm(belongs_to, from = "id_prodi", to = "id")]
   |                                  ^^^^^^^^^^

error[E0428]: the name `Dosen` is defined multiple times
 --> src/models/feeder/master/riwayat_pangkat_dosen.rs:6:1
  |
6 | #[sea_orm::model]
  | ^^^^^^^^^^^^^^^^^ `Dosen` redefined here
  |
  = note: `Dosen` must be defined only once in the type namespace of this enum
  = note: this error originates in the derive macro `DeriveModelEx` (in Nightly builds, run with -Z macro-backtrace for more info)

error[E0428]: the name `PangkatGolongan` is defined multiple times
 --> src/models/feeder/master/riwayat_pangkat_dosen.rs:6:1
  |
6 | #[sea_orm::model]
  | ^^^^^^^^^^^^^^^^^ `PangkatGolongan` redefined here
  |
  = note: `PangkatGolongan` must be defined only once in the type namespace of this enum
  = note: this error originates in the derive macro `DeriveModelEx` (in Nightly builds, run with -Z macro-backtrace for more info)

error: BelongsTo<Option<Entity>> requires at least one `Option<T>` `from` field
  --> src/models/feeder/master/riwayat_pangkat_dosen.rs:36:34
   |
36 |     #[sea_orm(belongs_to, from = "id_dosen", to = "id")]
   |                                  ^^^^^^^^^^

error[E0428]: the name `Dosen` is defined multiple times
 --> src/models/feeder/master/riwayat_pendidikan_dosen.rs:6:1
  |
6 | #[sea_orm::model]
  | ^^^^^^^^^^^^^^^^^ `Dosen` redefined here
  |
  = note: `Dosen` must be defined only once in the type namespace of this enum
  = note: this error originates in the derive macro `DeriveModelEx` (in Nightly builds, run with -Z macro-backtrace for more info)

error[E0428]: the name `JenjangPendidikan` is defined multiple times
 --> src/models/feeder/master/riwayat_pendidikan_dosen.rs:6:1
  |
6 | #[sea_orm::model]
  | ^^^^^^^^^^^^^^^^^ `JenjangPendidikan` redefined here
  |
  = note: `JenjangPendidikan` must be defined only once in the type namespace of this enum
  = note: this error originates in the derive macro `DeriveModelEx` (in Nightly builds, run with -Z macro-backtrace for more info)

error[E0428]: the name `PerguruanTinggi` is defined multiple times
 --> src/models/feeder/master/riwayat_pendidikan_dosen.rs:6:1
  |
6 | #[sea_orm::model]
  | ^^^^^^^^^^^^^^^^^ `PerguruanTinggi` redefined here
  |
  = note: `PerguruanTinggi` must be defined only once in the type namespace of this enum
  = note: this error originates in the derive macro `DeriveModelEx` (in Nightly builds, run with -Z macro-backtrace for more info)

error: BelongsTo<Option<Entity>> requires at least one `Option<T>` `from` field
  --> src/models/feeder/master/riwayat_pendidikan_dosen.rs:46:34
   |
46 |     #[sea_orm(belongs_to, from = "id_dosen", to = "id")]
   |                                  ^^^^^^^^^^

error[E0428]: the name `Mahasiswa` is defined multiple times
 --> src/models/feeder/master/riwayat_pendidikan_mahasiswa.rs:6:1
  |
6 | #[sea_orm::model]
  | ^^^^^^^^^^^^^^^^^ `Mahasiswa` redefined here
  |
  = note: `Mahasiswa` must be defined only once in the type namespace of this enum
  = note: this error originates in the derive macro `DeriveModelEx` (in Nightly builds, run with -Z macro-backtrace for more info)

error[E0428]: the name `JenisKeluar` is defined multiple times
 --> src/models/feeder/master/riwayat_pendidikan_mahasiswa.rs:6:1
  |
6 | #[sea_orm::model]
  | ^^^^^^^^^^^^^^^^^ `JenisKeluar` redefined here
  |
  = note: `JenisKeluar` must be defined only once in the type namespace of this enum
  = note: this error originates in the derive macro `DeriveModelEx` (in Nightly builds, run with -Z macro-backtrace for more info)

error[E0428]: the name `PerguruanTinggi` is defined multiple times
 --> src/models/feeder/master/riwayat_pendidikan_mahasiswa.rs:6:1
  |
6 | #[sea_orm::model]
  | ^^^^^^^^^^^^^^^^^ `PerguruanTinggi` redefined here
  |
  = note: `PerguruanTinggi` must be defined only once in the type namespace of this enum
  = note: this error originates in the derive macro `DeriveModelEx` (in Nightly builds, run with -Z macro-backtrace for more info)

error[E0428]: the name `ProgramStudi` is defined multiple times
 --> src/models/feeder/master/riwayat_pendidikan_mahasiswa.rs:6:1
  |
6 | #[sea_orm::model]
  | ^^^^^^^^^^^^^^^^^ `ProgramStudi` redefined here
  |
  = note: `ProgramStudi` must be defined only once in the type namespace of this enum
  = note: this error originates in the derive macro `DeriveModelEx` (in Nightly builds, run with -Z macro-backtrace for more info)

error[E0428]: the name `Pembiayaan` is defined multiple times
 --> src/models/feeder/master/riwayat_pendidikan_mahasiswa.rs:6:1
  |
6 | #[sea_orm::model]
  | ^^^^^^^^^^^^^^^^^ `Pembiayaan` redefined here
  |
  = note: `Pembiayaan` must be defined only once in the type namespace of this enum
  = note: this error originates in the derive macro `DeriveModelEx` (in Nightly builds, run with -Z macro-backtrace for more info)

error: BelongsTo<Option<Entity>> requires at least one `Option<T>` `from` field
  --> src/models/feeder/master/riwayat_pendidikan_mahasiswa.rs:71:34
   |
71 |     #[sea_orm(belongs_to, from = "id_mahasiswa", to = "id")]
   |                                  ^^^^^^^^^^^^^^

error[E0428]: the name `Dosen` is defined multiple times
 --> src/models/feeder/master/riwayat_penelitian_dosen.rs:6:1
  |
6 | #[sea_orm::model]
  | ^^^^^^^^^^^^^^^^^ `Dosen` redefined here
  |
  = note: `Dosen` must be defined only once in the type namespace of this enum
  = note: this error originates in the derive macro `DeriveModelEx` (in Nightly builds, run with -Z macro-backtrace for more info)

error: BelongsTo<Option<Entity>> requires at least one `Option<T>` `from` field
  --> src/models/feeder/master/riwayat_penelitian_dosen.rs:35:34
   |
35 |     #[sea_orm(belongs_to, from = "id_dosen", to = "id")]
   |                                  ^^^^^^^^^^

error[E0428]: the name `Dosen` is defined multiple times
 --> src/models/feeder/master/riwayat_sertifikasi_dosen.rs:6:1
  |
6 | #[sea_orm::model]
  | ^^^^^^^^^^^^^^^^^ `Dosen` redefined here
  |
  = note: `Dosen` must be defined only once in the type namespace of this enum
  = note: this error originates in the derive macro `DeriveModelEx` (in Nightly builds, run with -Z macro-backtrace for more info)

error[E0428]: the name `JenisSertifikasi` is defined multiple times
 --> src/models/feeder/master/riwayat_sertifikasi_dosen.rs:6:1
  |
6 | #[sea_orm::model]
  | ^^^^^^^^^^^^^^^^^ `JenisSertifikasi` redefined here
  |
  = note: `JenisSertifikasi` must be defined only once in the type namespace of this enum
  = note: this error originates in the derive macro `DeriveModelEx` (in Nightly builds, run with -Z macro-backtrace for more info)

error: BelongsTo<Option<Entity>> requires at least one `Option<T>` `from` field
  --> src/models/feeder/master/riwayat_sertifikasi_dosen.rs:39:34
   |
39 |     #[sea_orm(belongs_to, from = "id_dosen", to = "id")]
   |                                  ^^^^^^^^^^

error[E0428]: the name `ProgramStudi` is defined multiple times
 --> src/models/feeder/master/skala_nilai_program_studi.rs:6:1
  |
6 | #[sea_orm::model]
  | ^^^^^^^^^^^^^^^^^ `ProgramStudi` redefined here
  |
  = note: `ProgramStudi` must be defined only once in the type namespace of this enum
  = note: this error originates in the derive macro `DeriveModelEx` (in Nightly builds, run with -Z macro-backtrace for more info)

error: BelongsTo<Option<Entity>> requires at least one `Option<T>` `from` field
  --> src/models/feeder/master/skala_nilai_program_studi.rs:39:34
   |
39 |     #[sea_orm(belongs_to, from = "id_prodi", to = "id")]
   |                                  ^^^^^^^^^^

error[E0428]: the name `ProgramStudi` is defined multiple times
 --> src/models/feeder/master/substansi_matakuliah.rs:6:1
  |
6 | #[sea_orm::model]
  | ^^^^^^^^^^^^^^^^^ `ProgramStudi` redefined here
  |
  = note: `ProgramStudi` must be defined only once in the type namespace of this enum
  = note: this error originates in the derive macro `DeriveModelEx` (in Nightly builds, run with -Z macro-backtrace for more info)

error[E0428]: the name `JenisSubstansi` is defined multiple times
 --> src/models/feeder/master/substansi_matakuliah.rs:6:1
  |
6 | #[sea_orm::model]
  | ^^^^^^^^^^^^^^^^^ `JenisSubstansi` redefined here
  |
  = note: `JenisSubstansi` must be defined only once in the type namespace of this enum
  = note: this error originates in the derive macro `DeriveModelEx` (in Nightly builds, run with -Z macro-backtrace for more info)

error: BelongsTo<Option<Entity>> requires at least one `Option<T>` `from` field
  --> src/models/feeder/master/substansi_matakuliah.rs:40:34
   |
40 |     #[sea_orm(belongs_to, from = "id_prodi", to = "id")]
   |                                  ^^^^^^^^^^

error[E0428]: the name `KelasKuliah` is defined multiple times
 --> src/models/feeder/master/transkrip_mahasiswa.rs:6:1
  |
6 | #[sea_orm::model]
  | ^^^^^^^^^^^^^^^^^ `KelasKuliah` redefined here
  |
  = note: `KelasKuliah` must be defined only once in the type namespace of this enum
  = note: this error originates in the derive macro `DeriveModelEx` (in Nightly builds, run with -Z macro-backtrace for more info)

error: BelongsTo<Option<Entity>> requires at least one `Option<T>` `from` field
  --> src/models/feeder/master/transkrip_mahasiswa.rs:37:34
   |
37 |     #[sea_orm(belongs_to, from = "id_kelas_kuliah", to = "id")]
   |                                  ^^^^^^^^^^^^^^^^^

error[E0428]: the name `KategoriKegiatan` is defined multiple times
 --> src/models/feeder/master/uji_mahasiswa.rs:6:1
  |
6 | #[sea_orm::model]
  | ^^^^^^^^^^^^^^^^^ `KategoriKegiatan` redefined here
  |
  = note: `KategoriKegiatan` must be defined only once in the type namespace of this enum
  = note: this error originates in the derive macro `DeriveModelEx` (in Nightly builds, run with -Z macro-backtrace for more info)

error[E0428]: the name `Dosen` is defined multiple times
 --> src/models/feeder/master/uji_mahasiswa.rs:6:1
  |
6 | #[sea_orm::model]
  | ^^^^^^^^^^^^^^^^^ `Dosen` redefined here
  |
  = note: `Dosen` must be defined only once in the type namespace of this enum
  = note: this error originates in the derive macro `DeriveModelEx` (in Nightly builds, run with -Z macro-backtrace for more info)

error: BelongsTo<Option<Entity>> requires at least one `Option<T>` `from` field
  --> src/models/feeder/master/uji_mahasiswa.rs:34:34
   |
34 |     #[sea_orm(belongs_to, from = "id_kategori_kegiatan", to = "id")]
   |                                  ^^^^^^^^^^^^^^^^^^^^^^

error[E0428]: the name `BiodataDosen` is defined multiple times
  --> src/models/feeder/referensi/agama.rs:11:1
   |
11 | #[sea_orm::model]
   | ^^^^^^^^^^^^^^^^^ `BiodataDosen` redefined here
   |
   = note: `BiodataDosen` must be defined only once in the type namespace of this enum
   = note: this error originates in the derive macro `DeriveModelEx` (in Nightly builds, run with -Z macro-backtrace for more info)

error[E0428]: the name `BiodataMahasiswa` is defined multiple times
  --> src/models/feeder/referensi/agama.rs:11:1
   |
11 | #[sea_orm::model]
   | ^^^^^^^^^^^^^^^^^ `BiodataMahasiswa` redefined here
   |
   = note: `BiodataMahasiswa` must be defined only once in the type namespace of this enum
   = note: this error originates in the derive macro `DeriveModelEx` (in Nightly builds, run with -Z macro-backtrace for more info)

error[E0428]: the name `Dosen` is defined multiple times
  --> src/models/feeder/referensi/agama.rs:11:1
   |
11 | #[sea_orm::model]
   | ^^^^^^^^^^^^^^^^^ `Dosen` redefined here
   |
   = note: `Dosen` must be defined only once in the type namespace of this enum
   = note: this error originates in the derive macro `DeriveModelEx` (in Nightly builds, run with -Z macro-backtrace for more info)

error[E0428]: the name `Mahasiswa` is defined multiple times
  --> src/models/feeder/referensi/agama.rs:11:1
   |
11 | #[sea_orm::model]
   | ^^^^^^^^^^^^^^^^^ `Mahasiswa` redefined here
   |
   = note: `Mahasiswa` must be defined only once in the type namespace of this enum
   = note: this error originates in the derive macro `DeriveModelEx` (in Nightly builds, run with -Z macro-backtrace for more info)

error[E0428]: the name `BiodataMahasiswa` is defined multiple times
  --> src/models/feeder/referensi/alat_transportasi.rs:11:1
   |
11 | #[sea_orm::model]
   | ^^^^^^^^^^^^^^^^^ `BiodataMahasiswa` redefined here
   |
   = note: `BiodataMahasiswa` must be defined only once in the type namespace of this enum
   = note: this error originates in the derive macro `DeriveModelEx` (in Nightly builds, run with -Z macro-backtrace for more info)

error[E0428]: the name `RiwayatFungsionalDosen` is defined multiple times
  --> src/models/feeder/referensi/jabatan_fungsional.rs:11:1
   |
11 | #[sea_orm::model]
   | ^^^^^^^^^^^^^^^^^ `RiwayatFungsionalDosen` redefined here
   |
   = note: `RiwayatFungsionalDosen` must be defined only once in the type namespace of this enum
   = note: this error originates in the derive macro `DeriveModelEx` (in Nightly builds, run with -Z macro-backtrace for more info)

error[E0428]: the name `MahasiswaLulusanDropout` is defined multiple times
  --> src/models/feeder/referensi/jalur_masuk.rs:11:1
   |
11 | #[sea_orm::model]
   | ^^^^^^^^^^^^^^^^^ `MahasiswaLulusanDropout` redefined here
   |
   = note: `MahasiswaLulusanDropout` must be defined only once in the type namespace of this enum
   = note: this error originates in the derive macro `DeriveModelEx` (in Nightly builds, run with -Z macro-backtrace for more info)

error[E0428]: the name `DosenPengajarKelasKuliah` is defined multiple times
  --> src/models/feeder/referensi/jenis_evaluasi.rs:11:1
   |
11 | #[sea_orm::model]
   | ^^^^^^^^^^^^^^^^^ `DosenPengajarKelasKuliah` redefined here
   |
   = note: `DosenPengajarKelasKuliah` must be defined only once in the type namespace of this enum
   = note: this error originates in the derive macro `DeriveModelEx` (in Nightly builds, run with -Z macro-backtrace for more info)

error[E0428]: the name `KomponenEvaluasiKelas` is defined multiple times
  --> src/models/feeder/referensi/jenis_evaluasi.rs:11:1
   |
11 | #[sea_orm::model]
   | ^^^^^^^^^^^^^^^^^ `KomponenEvaluasiKelas` redefined here
   |
   = note: `KomponenEvaluasiKelas` must be defined only once in the type namespace of this enum
   = note: this error originates in the derive macro `DeriveModelEx` (in Nightly builds, run with -Z macro-backtrace for more info)

error[E0428]: the name `RencanaEvaluasi` is defined multiple times
  --> src/models/feeder/referensi/jenis_evaluasi.rs:11:1
   |
11 | #[sea_orm::model]
   | ^^^^^^^^^^^^^^^^^ `RencanaEvaluasi` redefined here
   |
   = note: `RencanaEvaluasi` must be defined only once in the type namespace of this enum
   = note: this error originates in the derive macro `DeriveModelEx` (in Nightly builds, run with -Z macro-backtrace for more info)

error[E0428]: the name `MahasiswaLulusanDropout` is defined multiple times
  --> src/models/feeder/referensi/jenis_keluar.rs:11:1
   |
11 | #[sea_orm::model]
   | ^^^^^^^^^^^^^^^^^ `MahasiswaLulusanDropout` redefined here
   |
   = note: `MahasiswaLulusanDropout` must be defined only once in the type namespace of this enum
   = note: this error originates in the derive macro `DeriveModelEx` (in Nightly builds, run with -Z macro-backtrace for more info)

error[E0428]: the name `RiwayatPendidikanMahasiswa` is defined multiple times
  --> src/models/feeder/referensi/jenis_keluar.rs:11:1
   |
11 | #[sea_orm::model]
   | ^^^^^^^^^^^^^^^^^ `RiwayatPendidikanMahasiswa` redefined here
   |
   = note: `RiwayatPendidikanMahasiswa` must be defined only once in the type namespace of this enum
   = note: this error originates in the derive macro `DeriveModelEx` (in Nightly builds, run with -Z macro-backtrace for more info)

error[E0428]: the name `PrestasiMahasiswa` is defined multiple times
  --> src/models/feeder/referensi/jenis_prestasi.rs:11:1
   |
11 | #[sea_orm::model]
   | ^^^^^^^^^^^^^^^^^ `PrestasiMahasiswa` redefined here
   |
   = note: `PrestasiMahasiswa` must be defined only once in the type namespace of this enum
   = note: this error originates in the derive macro `DeriveModelEx` (in Nightly builds, run with -Z macro-backtrace for more info)

error[E0428]: the name `RiwayatSertifikasiDosen` is defined multiple times
  --> src/models/feeder/referensi/jenis_sertifikasi.rs:11:1
   |
11 | #[sea_orm::model]
   | ^^^^^^^^^^^^^^^^^ `RiwayatSertifikasiDosen` redefined here
   |
   = note: `RiwayatSertifikasiDosen` must be defined only once in the type namespace of this enum
   = note: this error originates in the derive macro `DeriveModelEx` (in Nightly builds, run with -Z macro-backtrace for more info)

error[E0428]: the name `SubstansiMatakuliah` is defined multiple times
  --> src/models/feeder/referensi/jenis_substansi.rs:11:1
   |
11 | #[sea_orm::model]
   | ^^^^^^^^^^^^^^^^^ `SubstansiMatakuliah` redefined here
   |
   = note: `SubstansiMatakuliah` must be defined only once in the type namespace of this enum
   = note: this error originates in the derive macro `DeriveModelEx` (in Nightly builds, run with -Z macro-backtrace for more info)

error[E0428]: the name `BiodataMahasiswa` is defined multiple times
  --> src/models/feeder/referensi/jenis_tinggal.rs:11:1
   |
11 | #[sea_orm::model]
   | ^^^^^^^^^^^^^^^^^ `BiodataMahasiswa` redefined here
   |
   = note: `BiodataMahasiswa` must be defined only once in the type namespace of this enum
   = note: this error originates in the derive macro `DeriveModelEx` (in Nightly builds, run with -Z macro-backtrace for more info)

error[E0428]: the name `Fakultas` is defined multiple times
  --> src/models/feeder/referensi/jenjang_pendidikan.rs:11:1
   |
11 | #[sea_orm::model]
   | ^^^^^^^^^^^^^^^^^ `Fakultas` redefined here
   |
   = note: `Fakultas` must be defined only once in the type namespace of this enum
   = note: this error originates in the derive macro `DeriveModelEx` (in Nightly builds, run with -Z macro-backtrace for more info)

error[E0428]: the name `ProgramStudi` is defined multiple times
  --> src/models/feeder/referensi/jenjang_pendidikan.rs:11:1
   |
11 | #[sea_orm::model]
   | ^^^^^^^^^^^^^^^^^ `ProgramStudi` redefined here
   |
   = note: `ProgramStudi` must be defined only once in the type namespace of this enum
   = note: this error originates in the derive macro `DeriveModelEx` (in Nightly builds, run with -Z macro-backtrace for more info)

error[E0428]: the name `RiwayatPendidikanDosen` is defined multiple times
  --> src/models/feeder/referensi/jenjang_pendidikan.rs:11:1
   |
11 | #[sea_orm::model]
   | ^^^^^^^^^^^^^^^^^ `RiwayatPendidikanDosen` redefined here
   |
   = note: `RiwayatPendidikanDosen` must be defined only once in the type namespace of this enum
   = note: this error originates in the derive macro `DeriveModelEx` (in Nightly builds, run with -Z macro-backtrace for more info)

error[E0428]: the name `BimbingMahasiswa` is defined multiple times
  --> src/models/feeder/referensi/kategori_kegiatan.rs:11:1
   |
11 | #[sea_orm::model]
   | ^^^^^^^^^^^^^^^^^ `BimbingMahasiswa` redefined here
   |
   = note: `BimbingMahasiswa` must be defined only once in the type namespace of this enum
   = note: this error originates in the derive macro `DeriveModelEx` (in Nightly builds, run with -Z macro-backtrace for more info)

error[E0428]: the name `MahasiswaBimbinganDosen` is defined multiple times
  --> src/models/feeder/referensi/kategori_kegiatan.rs:11:1
   |
11 | #[sea_orm::model]
   | ^^^^^^^^^^^^^^^^^ `MahasiswaBimbinganDosen` redefined here
   |
   = note: `MahasiswaBimbinganDosen` must be defined only once in the type namespace of this enum
   = note: this error originates in the derive macro `DeriveModelEx` (in Nightly builds, run with -Z macro-backtrace for more info)

error[E0428]: the name `UjiMahasiswa` is defined multiple times
  --> src/models/feeder/referensi/kategori_kegiatan.rs:11:1
   |
11 | #[sea_orm::model]
   | ^^^^^^^^^^^^^^^^^ `UjiMahasiswa` redefined here
   |
   = note: `UjiMahasiswa` must be defined only once in the type namespace of this enum
   = note: this error originates in the derive macro `DeriveModelEx` (in Nightly builds, run with -Z macro-backtrace for more info)

error[E0428]: the name `Wilayah` is defined multiple times
  --> src/models/feeder/referensi/level_wilayah.rs:11:1
   |
11 | #[sea_orm::model]
   | ^^^^^^^^^^^^^^^^^ `Wilayah` redefined here
   |
   = note: `Wilayah` must be defined only once in the type namespace of this enum
   = note: this error originates in the derive macro `DeriveModelEx` (in Nightly builds, run with -Z macro-backtrace for more info)

error[E0428]: the name `BiodataMahasiswa` is defined multiple times
  --> src/models/feeder/referensi/negara.rs:11:1
   |
11 | #[sea_orm::model]
   | ^^^^^^^^^^^^^^^^^ `BiodataMahasiswa` redefined here
   |
   = note: `BiodataMahasiswa` must be defined only once in the type namespace of this enum
   = note: this error originates in the derive macro `DeriveModelEx` (in Nightly builds, run with -Z macro-backtrace for more info)

error[E0428]: the name `Wilayah` is defined multiple times
  --> src/models/feeder/referensi/negara.rs:11:1
   |
11 | #[sea_orm::model]
   | ^^^^^^^^^^^^^^^^^ `Wilayah` redefined here
   |
   = note: `Wilayah` must be defined only once in the type namespace of this enum
   = note: this error originates in the derive macro `DeriveModelEx` (in Nightly builds, run with -Z macro-backtrace for more info)

error[E0428]: the name `BiodataDosen` is defined multiple times
  --> src/models/feeder/referensi/pangkat_golongan.rs:11:1
   |
11 | #[sea_orm::model]
   | ^^^^^^^^^^^^^^^^^ `BiodataDosen` redefined here
   |
   = note: `BiodataDosen` must be defined only once in the type namespace of this enum
   = note: this error originates in the derive macro `DeriveModelEx` (in Nightly builds, run with -Z macro-backtrace for more info)

error[E0428]: the name `RiwayatPangkatDosen` is defined multiple times
  --> src/models/feeder/referensi/pangkat_golongan.rs:11:1
   |
11 | #[sea_orm::model]
   | ^^^^^^^^^^^^^^^^^ `RiwayatPangkatDosen` redefined here
   |
   = note: `RiwayatPangkatDosen` must be defined only once in the type namespace of this enum
   = note: this error originates in the derive macro `DeriveModelEx` (in Nightly builds, run with -Z macro-backtrace for more info)

error[E0428]: the name `MahasiswaLulusanDropout` is defined multiple times
  --> src/models/feeder/referensi/pembiayaan.rs:11:1
   |
11 | #[sea_orm::model]
   | ^^^^^^^^^^^^^^^^^ `MahasiswaLulusanDropout` redefined here
   |
   = note: `MahasiswaLulusanDropout` must be defined only once in the type namespace of this enum
   = note: this error originates in the derive macro `DeriveModelEx` (in Nightly builds, run with -Z macro-backtrace for more info)

error[E0428]: the name `PerkuliahanMahasiswa` is defined multiple times
  --> src/models/feeder/referensi/pembiayaan.rs:11:1
   |
11 | #[sea_orm::model]
   | ^^^^^^^^^^^^^^^^^ `PerkuliahanMahasiswa` redefined here
   |
   = note: `PerkuliahanMahasiswa` must be defined only once in the type namespace of this enum
   = note: this error originates in the derive macro `DeriveModelEx` (in Nightly builds, run with -Z macro-backtrace for more info)

error[E0428]: the name `RiwayatPendidikanMahasiswa` is defined multiple times
  --> src/models/feeder/referensi/pembiayaan.rs:11:1
   |
11 | #[sea_orm::model]
   | ^^^^^^^^^^^^^^^^^ `RiwayatPendidikanMahasiswa` redefined here
   |
   = note: `RiwayatPendidikanMahasiswa` must be defined only once in the type namespace of this enum
   = note: this error originates in the derive macro `DeriveModelEx` (in Nightly builds, run with -Z macro-backtrace for more info)

error[E0428]: the name `AktifitasMahasiswa` is defined multiple times
  --> src/models/feeder/referensi/semester.rs:11:1
   |
11 | #[sea_orm::model]
   | ^^^^^^^^^^^^^^^^^ `AktifitasMahasiswa` redefined here
   |
   = note: `AktifitasMahasiswa` must be defined only once in the type namespace of this enum
   = note: this error originates in the derive macro `DeriveModelEx` (in Nightly builds, run with -Z macro-backtrace for more info)

error[E0428]: the name `DetailNilaiPerkuliahanKelas` is defined multiple times
  --> src/models/feeder/referensi/semester.rs:11:1
   |
11 | #[sea_orm::model]
   | ^^^^^^^^^^^^^^^^^ `DetailNilaiPerkuliahanKelas` redefined here
   |
   = note: `DetailNilaiPerkuliahanKelas` must be defined only once in the type namespace of this enum
   = note: this error originates in the derive macro `DeriveModelEx` (in Nightly builds, run with -Z macro-backtrace for more info)

error[E0428]: the name `DosenPengajarKelasKuliah` is defined multiple times
  --> src/models/feeder/referensi/semester.rs:11:1
   |
11 | #[sea_orm::model]
   | ^^^^^^^^^^^^^^^^^ `DosenPengajarKelasKuliah` redefined here
   |
   = note: `DosenPengajarKelasKuliah` must be defined only once in the type namespace of this enum
   = note: this error originates in the derive macro `DeriveModelEx` (in Nightly builds, run with -Z macro-backtrace for more info)

error[E0428]: the name `KelasKuliah` is defined multiple times
  --> src/models/feeder/referensi/semester.rs:11:1
   |
11 | #[sea_orm::model]
   | ^^^^^^^^^^^^^^^^^ `KelasKuliah` redefined here
   |
   = note: `KelasKuliah` must be defined only once in the type namespace of this enum
   = note: this error originates in the derive macro `DeriveModelEx` (in Nightly builds, run with -Z macro-backtrace for more info)

error[E0428]: the name `KonversiKampusMerdeka` is defined multiple times
  --> src/models/feeder/referensi/semester.rs:11:1
   |
11 | #[sea_orm::model]
   | ^^^^^^^^^^^^^^^^^ `KonversiKampusMerdeka` redefined here
   |
   = note: `KonversiKampusMerdeka` must be defined only once in the type namespace of this enum
   = note: this error originates in the derive macro `DeriveModelEx` (in Nightly builds, run with -Z macro-backtrace for more info)

error[E0428]: the name `Kurikulum` is defined multiple times
  --> src/models/feeder/referensi/semester.rs:11:1
   |
11 | #[sea_orm::model]
   | ^^^^^^^^^^^^^^^^^ `Kurikulum` redefined here
   |
   = note: `Kurikulum` must be defined only once in the type namespace of this enum
   = note: this error originates in the derive macro `DeriveModelEx` (in Nightly builds, run with -Z macro-backtrace for more info)

error[E0428]: the name `MatakuliahKurikulum` is defined multiple times
  --> src/models/feeder/referensi/semester.rs:11:1
   |
11 | #[sea_orm::model]
   | ^^^^^^^^^^^^^^^^^ `MatakuliahKurikulum` redefined here
   |
   = note: `MatakuliahKurikulum` must be defined only once in the type namespace of this enum
   = note: this error originates in the derive macro `DeriveModelEx` (in Nightly builds, run with -Z macro-backtrace for more info)

error[E0428]: the name `NilaiTransferPendidikanMahasiswa` is defined multiple times
  --> src/models/feeder/referensi/semester.rs:11:1
   |
11 | #[sea_orm::model]
   | ^^^^^^^^^^^^^^^^^ `NilaiTransferPendidikanMahasiswa` redefined here
   |
   = note: `NilaiTransferPendidikanMahasiswa` must be defined only once in the type namespace of this enum
   = note: this error originates in the derive macro `DeriveModelEx` (in Nightly builds, run with -Z macro-backtrace for more info)

error[E0428]: the name `PeriodePerkuliahan` is defined multiple times
  --> src/models/feeder/referensi/semester.rs:11:1
   |
11 | #[sea_orm::model]
   | ^^^^^^^^^^^^^^^^^ `PeriodePerkuliahan` redefined here
   |
   = note: `PeriodePerkuliahan` must be defined only once in the type namespace of this enum
   = note: this error originates in the derive macro `DeriveModelEx` (in Nightly builds, run with -Z macro-backtrace for more info)

error[E0428]: the name `PerkuliahanMahasiswa` is defined multiple times
  --> src/models/feeder/referensi/semester.rs:11:1
   |
11 | #[sea_orm::model]
   | ^^^^^^^^^^^^^^^^^ `PerkuliahanMahasiswa` redefined here
   |
   = note: `PerkuliahanMahasiswa` must be defined only once in the type namespace of this enum
   = note: this error originates in the derive macro `DeriveModelEx` (in Nightly builds, run with -Z macro-backtrace for more info)

error[E0428]: the name `AktifitasKuliahMahasiswa` is defined multiple times
  --> src/models/feeder/referensi/semester.rs:11:1
   |
11 | #[sea_orm::model]
   | ^^^^^^^^^^^^^^^^^ `AktifitasKuliahMahasiswa` redefined here
   |
   = note: `AktifitasKuliahMahasiswa` must be defined only once in the type namespace of this enum
   = note: this error originates in the derive macro `DeriveModelEx` (in Nightly builds, run with -Z macro-backtrace for more info)

error[E0428]: the name `PeriodeLampau` is defined multiple times
  --> src/models/feeder/referensi/semester.rs:11:1
   |
11 | #[sea_orm::model]
   | ^^^^^^^^^^^^^^^^^ `PeriodeLampau` redefined here
   |
   = note: `PeriodeLampau` must be defined only once in the type namespace of this enum
   = note: this error originates in the derive macro `DeriveModelEx` (in Nightly builds, run with -Z macro-backtrace for more info)

error[E0428]: the name `TahunAjaran` is defined multiple times
  --> src/models/feeder/referensi/semester.rs:11:1
   |
11 | #[sea_orm::model]
   | ^^^^^^^^^^^^^^^^^ `TahunAjaran` redefined here
   |
   = note: `TahunAjaran` must be defined only once in the type namespace of this enum
   = note: this error originates in the derive macro `DeriveModelEx` (in Nightly builds, run with -Z macro-backtrace for more info)

error: BelongsTo<Option<Entity>> requires at least one `Option<T>` `from` field
   --> src/models/feeder/referensi/semester.rs:106:34
    |
106 |     #[sea_orm(belongs_to, from = "id_tahun_ajaran", to = "id")]
    |                                  ^^^^^^^^^^^^^^^^^

error[E0428]: the name `Mahasiswa` is defined multiple times
  --> src/models/feeder/referensi/status_mahasiswa.rs:11:1
   |
11 | #[sea_orm::model]
   | ^^^^^^^^^^^^^^^^^ `Mahasiswa` redefined here
   |
   = note: `Mahasiswa` must be defined only once in the type namespace of this enum
   = note: this error originates in the derive macro `DeriveModelEx` (in Nightly builds, run with -Z macro-backtrace for more info)

error[E0428]: the name `PerkuliahanMahasiswa` is defined multiple times
  --> src/models/feeder/referensi/status_mahasiswa.rs:11:1
   |
11 | #[sea_orm::model]
   | ^^^^^^^^^^^^^^^^^ `PerkuliahanMahasiswa` redefined here
   |
   = note: `PerkuliahanMahasiswa` must be defined only once in the type namespace of this enum
   = note: this error originates in the derive macro `DeriveModelEx` (in Nightly builds, run with -Z macro-backtrace for more info)

error[E0428]: the name `AktifitasKuliahMahasiswa` is defined multiple times
  --> src/models/feeder/referensi/status_mahasiswa.rs:11:1
   |
11 | #[sea_orm::model]
   | ^^^^^^^^^^^^^^^^^ `AktifitasKuliahMahasiswa` redefined here
   |
   = note: `AktifitasKuliahMahasiswa` must be defined only once in the type namespace of this enum
   = note: this error originates in the derive macro `DeriveModelEx` (in Nightly builds, run with -Z macro-backtrace for more info)

error[E0428]: the name `PenugasanDosen` is defined multiple times
  --> src/models/feeder/referensi/tahun_ajaran.rs:11:1
   |
11 | #[sea_orm::model]
   | ^^^^^^^^^^^^^^^^^ `PenugasanDosen` redefined here
   |
   = note: `PenugasanDosen` must be defined only once in the type namespace of this enum
   = note: this error originates in the derive macro `DeriveModelEx` (in Nightly builds, run with -Z macro-backtrace for more info)

error[E0428]: the name `Semester` is defined multiple times
  --> src/models/feeder/referensi/tahun_ajaran.rs:11:1
   |
11 | #[sea_orm::model]
   | ^^^^^^^^^^^^^^^^^ `Semester` redefined here
   |
   = note: `Semester` must be defined only once in the type namespace of this enum
   = note: this error originates in the derive macro `DeriveModelEx` (in Nightly builds, run with -Z macro-backtrace for more info)

error[E0428]: the name `PrestasiMahasiswa` is defined multiple times
  --> src/models/feeder/referensi/tingkat_prestasi.rs:11:1
   |
11 | #[sea_orm::model]
   | ^^^^^^^^^^^^^^^^^ `PrestasiMahasiswa` redefined here
   |
   = note: `PrestasiMahasiswa` must be defined only once in the type namespace of this enum
   = note: this error originates in the derive macro `DeriveModelEx` (in Nightly builds, run with -Z macro-backtrace for more info)

error[E0428]: the name `BiodataDosen` is defined multiple times
  --> src/models/feeder/referensi/wilayah.rs:11:1
   |
11 | #[sea_orm::model]
   | ^^^^^^^^^^^^^^^^^ `BiodataDosen` redefined here
   |
   = note: `BiodataDosen` must be defined only once in the type namespace of this enum
   = note: this error originates in the derive macro `DeriveModelEx` (in Nightly builds, run with -Z macro-backtrace for more info)

error[E0428]: the name `BiodataMahasiswa` is defined multiple times
  --> src/models/feeder/referensi/wilayah.rs:11:1
   |
11 | #[sea_orm::model]
   | ^^^^^^^^^^^^^^^^^ `BiodataMahasiswa` redefined here
   |
   = note: `BiodataMahasiswa` must be defined only once in the type namespace of this enum
   = note: this error originates in the derive macro `DeriveModelEx` (in Nightly builds, run with -Z macro-backtrace for more info)

error[E0428]: the name `ProfilPerguruanTinggi` is defined multiple times
  --> src/models/feeder/referensi/wilayah.rs:11:1
   |
11 | #[sea_orm::model]
   | ^^^^^^^^^^^^^^^^^ `ProfilPerguruanTinggi` redefined here
   |
   = note: `ProfilPerguruanTinggi` must be defined only once in the type namespace of this enum
   = note: this error originates in the derive macro `DeriveModelEx` (in Nightly builds, run with -Z macro-backtrace for more info)

error[E0428]: the name `LevelWilayah` is defined multiple times
  --> src/models/feeder/referensi/wilayah.rs:11:1
   |
11 | #[sea_orm::model]
   | ^^^^^^^^^^^^^^^^^ `LevelWilayah` redefined here
   |
   = note: `LevelWilayah` must be defined only once in the type namespace of this enum
   = note: this error originates in the derive macro `DeriveModelEx` (in Nightly builds, run with -Z macro-backtrace for more info)

error[E0428]: the name `Negara` is defined multiple times
  --> src/models/feeder/referensi/wilayah.rs:11:1
   |
11 | #[sea_orm::model]
   | ^^^^^^^^^^^^^^^^^ `Negara` redefined here
   |
   = note: `Negara` must be defined only once in the type namespace of this enum
   = note: this error originates in the derive macro `DeriveModelEx` (in Nightly builds, run with -Z macro-backtrace for more info)

error: BelongsTo<Option<Entity>> requires at least one `Option<T>` `from` field
  --> src/models/feeder/referensi/wilayah.rs:53:34
   |
53 |     #[sea_orm(belongs_to, from = "id_level_wilayah", to = "id")]
   |                                  ^^^^^^^^^^^^^^^^^^

error: cannot find attribute `serde` in this scope
  --> src/models/feeder/referensi/agama.rs:25:7
   |
25 |     #[serde(skip)]
   |       ^^^^^
   |
   = note: `serde` is an attribute that can be used by the derive macros `Deserialize` and `Serialize`, you might be missing a `derive` attribute
   = note: `serde` is in scope, but it is a crate, not an attribute

error: cannot find attribute `serde` in this scope
  --> src/models/feeder/referensi/agama.rs:28:7
   |
28 |     #[serde(skip)]
   |       ^^^^^
   |
   = note: `serde` is an attribute that can be used by the derive macros `Deserialize` and `Serialize`, you might be missing a `derive` attribute
   = note: `serde` is in scope, but it is a crate, not an attribute

error: cannot find attribute `serde` in this scope
  --> src/models/feeder/referensi/agama.rs:31:7
   |
31 |     #[serde(skip)]
   |       ^^^^^
   |
   = note: `serde` is an attribute that can be used by the derive macros `Deserialize` and `Serialize`, you might be missing a `derive` attribute
   = note: `serde` is in scope, but it is a crate, not an attribute

error: cannot find attribute `serde` in this scope
  --> src/models/feeder/referensi/agama.rs:34:7
   |
34 |     #[serde(skip)]
   |       ^^^^^
   |
   = note: `serde` is an attribute that can be used by the derive macros `Deserialize` and `Serialize`, you might be missing a `derive` attribute
   = note: `serde` is in scope, but it is a crate, not an attribute

error: cannot find attribute `serde` in this scope
  --> src/models/feeder/referensi/agama.rs:37:7
   |
37 |     #[serde(skip)]
   |       ^^^^^
   |
   = note: `serde` is an attribute that can be used by the derive macros `Deserialize` and `Serialize`, you might be missing a `derive` attribute
   = note: `serde` is in scope, but it is a crate, not an attribute

error: cannot find attribute `serde` in this scope
  --> src/models/feeder/referensi/agama.rs:40:7
   |
40 |     #[serde(skip)]
   |       ^^^^^
   |
   = note: `serde` is an attribute that can be used by the derive macros `Deserialize` and `Serialize`, you might be missing a `derive` attribute
   = note: `serde` is in scope, but it is a crate, not an attribute

error: cannot find attribute `serde` in this scope
  --> src/models/feeder/referensi/agama.rs:43:7
   |
43 |     #[serde(skip)]
   |       ^^^^^
   |
   = note: `serde` is an attribute that can be used by the derive macros `Deserialize` and `Serialize`, you might be missing a `derive` attribute
   = note: `serde` is in scope, but it is a crate, not an attribute

error: cannot find attribute `serde` in this scope
  --> src/models/feeder/referensi/agama.rs:46:7
   |
46 |     #[serde(skip)]
   |       ^^^^^
   |
   = note: `serde` is an attribute that can be used by the derive macros `Deserialize` and `Serialize`, you might be missing a `derive` attribute
   = note: `serde` is in scope, but it is a crate, not an attribute

error: cannot find attribute `serde` in this scope
  --> src/models/feeder/referensi/alat_transportasi.rs:25:7
   |
25 |     #[serde(skip)]
   |       ^^^^^
   |
   = note: `serde` is an attribute that can be used by the derive macros `Deserialize` and `Serialize`, you might be missing a `derive` attribute
   = note: `serde` is in scope, but it is a crate, not an attribute

error: cannot find attribute `serde` in this scope
  --> src/models/feeder/referensi/alat_transportasi.rs:28:7
   |
28 |     #[serde(skip)]
   |       ^^^^^
   |
   = note: `serde` is an attribute that can be used by the derive macros `Deserialize` and `Serialize`, you might be missing a `derive` attribute
   = note: `serde` is in scope, but it is a crate, not an attribute

error: cannot find attribute `serde` in this scope
  --> src/models/feeder/referensi/jabatan_fungsional.rs:25:7
   |
25 |     #[serde(skip)]
   |       ^^^^^
   |
   = note: `serde` is an attribute that can be used by the derive macros `Deserialize` and `Serialize`, you might be missing a `derive` attribute
   = note: `serde` is in scope, but it is a crate, not an attribute

error: cannot find attribute `serde` in this scope
  --> src/models/feeder/referensi/jabatan_fungsional.rs:28:7
   |
28 |     #[serde(skip)]
   |       ^^^^^
   |
   = note: `serde` is an attribute that can be used by the derive macros `Deserialize` and `Serialize`, you might be missing a `derive` attribute
   = note: `serde` is in scope, but it is a crate, not an attribute

error: cannot find attribute `serde` in this scope
  --> src/models/feeder/referensi/jalur_masuk.rs:25:7
   |
25 |     #[serde(skip)]
   |       ^^^^^
   |
   = note: `serde` is an attribute that can be used by the derive macros `Deserialize` and `Serialize`, you might be missing a `derive` attribute
   = note: `serde` is in scope, but it is a crate, not an attribute

error: cannot find attribute `serde` in this scope
  --> src/models/feeder/referensi/jalur_masuk.rs:28:7
   |
28 |     #[serde(skip)]
   |       ^^^^^
   |
   = note: `serde` is an attribute that can be used by the derive macros `Deserialize` and `Serialize`, you might be missing a `derive` attribute
   = note: `serde` is in scope, but it is a crate, not an attribute

error: cannot find attribute `serde` in this scope
  --> src/models/feeder/referensi/jenis_evaluasi.rs:25:7
   |
25 |     #[serde(skip)]
   |       ^^^^^
   |
   = note: `serde` is an attribute that can be used by the derive macros `Deserialize` and `Serialize`, you might be missing a `derive` attribute
   = note: `serde` is in scope, but it is a crate, not an attribute

error: cannot find attribute `serde` in this scope
  --> src/models/feeder/referensi/jenis_evaluasi.rs:28:7
   |
28 |     #[serde(skip)]
   |       ^^^^^
   |
   = note: `serde` is an attribute that can be used by the derive macros `Deserialize` and `Serialize`, you might be missing a `derive` attribute
   = note: `serde` is in scope, but it is a crate, not an attribute

error: cannot find attribute `serde` in this scope
  --> src/models/feeder/referensi/jenis_evaluasi.rs:31:7
   |
31 |     #[serde(skip)]
   |       ^^^^^
   |
   = note: `serde` is an attribute that can be used by the derive macros `Deserialize` and `Serialize`, you might be missing a `derive` attribute
   = note: `serde` is in scope, but it is a crate, not an attribute

error: cannot find attribute `serde` in this scope
  --> src/models/feeder/referensi/jenis_evaluasi.rs:34:7
   |
34 |     #[serde(skip)]
   |       ^^^^^
   |
   = note: `serde` is an attribute that can be used by the derive macros `Deserialize` and `Serialize`, you might be missing a `derive` attribute
   = note: `serde` is in scope, but it is a crate, not an attribute

error: cannot find attribute `serde` in this scope
  --> src/models/feeder/referensi/jenis_evaluasi.rs:37:7
   |
37 |     #[serde(skip)]
   |       ^^^^^
   |
   = note: `serde` is an attribute that can be used by the derive macros `Deserialize` and `Serialize`, you might be missing a `derive` attribute
   = note: `serde` is in scope, but it is a crate, not an attribute

error: cannot find attribute `serde` in this scope
  --> src/models/feeder/referensi/jenis_evaluasi.rs:40:7
   |
40 |     #[serde(skip)]
   |       ^^^^^
   |
   = note: `serde` is an attribute that can be used by the derive macros `Deserialize` and `Serialize`, you might be missing a `derive` attribute
   = note: `serde` is in scope, but it is a crate, not an attribute

error: cannot find attribute `serde` in this scope
  --> src/models/feeder/referensi/jenis_keluar.rs:26:7
   |
26 |     #[serde(skip)]
   |       ^^^^^
   |
   = note: `serde` is an attribute that can be used by the derive macros `Deserialize` and `Serialize`, you might be missing a `derive` attribute
   = note: `serde` is in scope, but it is a crate, not an attribute

error: cannot find attribute `serde` in this scope
  --> src/models/feeder/referensi/jenis_keluar.rs:29:7
   |
29 |     #[serde(skip)]
   |       ^^^^^
   |
   = note: `serde` is an attribute that can be used by the derive macros `Deserialize` and `Serialize`, you might be missing a `derive` attribute
   = note: `serde` is in scope, but it is a crate, not an attribute

error: cannot find attribute `serde` in this scope
  --> src/models/feeder/referensi/jenis_keluar.rs:32:7
   |
32 |     #[serde(skip)]
   |       ^^^^^
   |
   = note: `serde` is an attribute that can be used by the derive macros `Deserialize` and `Serialize`, you might be missing a `derive` attribute
   = note: `serde` is in scope, but it is a crate, not an attribute

error: cannot find attribute `serde` in this scope
  --> src/models/feeder/referensi/jenis_keluar.rs:35:7
   |
35 |     #[serde(skip)]
   |       ^^^^^
   |
   = note: `serde` is an attribute that can be used by the derive macros `Deserialize` and `Serialize`, you might be missing a `derive` attribute
   = note: `serde` is in scope, but it is a crate, not an attribute

error: cannot find attribute `serde` in this scope
  --> src/models/feeder/referensi/jenis_prestasi.rs:25:7
   |
25 |     #[serde(skip)]
   |       ^^^^^
   |
   = note: `serde` is an attribute that can be used by the derive macros `Deserialize` and `Serialize`, you might be missing a `derive` attribute
   = note: `serde` is in scope, but it is a crate, not an attribute

error: cannot find attribute `serde` in this scope
  --> src/models/feeder/referensi/jenis_prestasi.rs:28:7
   |
28 |     #[serde(skip)]
   |       ^^^^^
   |
   = note: `serde` is an attribute that can be used by the derive macros `Deserialize` and `Serialize`, you might be missing a `derive` attribute
   = note: `serde` is in scope, but it is a crate, not an attribute

error: cannot find attribute `serde` in this scope
  --> src/models/feeder/referensi/jenis_sertifikasi.rs:25:7
   |
25 |     #[serde(skip)]
   |       ^^^^^
   |
   = note: `serde` is an attribute that can be used by the derive macros `Deserialize` and `Serialize`, you might be missing a `derive` attribute
   = note: `serde` is in scope, but it is a crate, not an attribute

error: cannot find attribute `serde` in this scope
  --> src/models/feeder/referensi/jenis_sertifikasi.rs:28:7
   |
28 |     #[serde(skip)]
   |       ^^^^^
   |
   = note: `serde` is an attribute that can be used by the derive macros `Deserialize` and `Serialize`, you might be missing a `derive` attribute
   = note: `serde` is in scope, but it is a crate, not an attribute

error: cannot find attribute `serde` in this scope
  --> src/models/feeder/referensi/jenis_substansi.rs:25:7
   |
25 |     #[serde(skip)]
   |       ^^^^^
   |
   = note: `serde` is an attribute that can be used by the derive macros `Deserialize` and `Serialize`, you might be missing a `derive` attribute
   = note: `serde` is in scope, but it is a crate, not an attribute

error: cannot find attribute `serde` in this scope
  --> src/models/feeder/referensi/jenis_substansi.rs:28:7
   |
28 |     #[serde(skip)]
   |       ^^^^^
   |
   = note: `serde` is an attribute that can be used by the derive macros `Deserialize` and `Serialize`, you might be missing a `derive` attribute
   = note: `serde` is in scope, but it is a crate, not an attribute

error: cannot find attribute `serde` in this scope
  --> src/models/feeder/referensi/jenis_tinggal.rs:25:7
   |
25 |     #[serde(skip)]
   |       ^^^^^
   |
   = note: `serde` is an attribute that can be used by the derive macros `Deserialize` and `Serialize`, you might be missing a `derive` attribute
   = note: `serde` is in scope, but it is a crate, not an attribute

error: cannot find attribute `serde` in this scope
  --> src/models/feeder/referensi/jenis_tinggal.rs:28:7
   |
28 |     #[serde(skip)]
   |       ^^^^^
   |
   = note: `serde` is an attribute that can be used by the derive macros `Deserialize` and `Serialize`, you might be missing a `derive` attribute
   = note: `serde` is in scope, but it is a crate, not an attribute

error: cannot find attribute `serde` in this scope
  --> src/models/feeder/referensi/jenjang_pendidikan.rs:25:7
   |
25 |     #[serde(skip)]
   |       ^^^^^
   |
   = note: `serde` is an attribute that can be used by the derive macros `Deserialize` and `Serialize`, you might be missing a `derive` attribute
   = note: `serde` is in scope, but it is a crate, not an attribute

error: cannot find attribute `serde` in this scope
  --> src/models/feeder/referensi/jenjang_pendidikan.rs:28:7
   |
28 |     #[serde(skip)]
   |       ^^^^^
   |
   = note: `serde` is an attribute that can be used by the derive macros `Deserialize` and `Serialize`, you might be missing a `derive` attribute
   = note: `serde` is in scope, but it is a crate, not an attribute

error: cannot find attribute `serde` in this scope
  --> src/models/feeder/referensi/jenjang_pendidikan.rs:31:7
   |
31 |     #[serde(skip)]
   |       ^^^^^
   |
   = note: `serde` is an attribute that can be used by the derive macros `Deserialize` and `Serialize`, you might be missing a `derive` attribute
   = note: `serde` is in scope, but it is a crate, not an attribute

error: cannot find attribute `serde` in this scope
  --> src/models/feeder/referensi/jenjang_pendidikan.rs:34:7
   |
34 |     #[serde(skip)]
   |       ^^^^^
   |
   = note: `serde` is an attribute that can be used by the derive macros `Deserialize` and `Serialize`, you might be missing a `derive` attribute
   = note: `serde` is in scope, but it is a crate, not an attribute

error: cannot find attribute `serde` in this scope
  --> src/models/feeder/referensi/jenjang_pendidikan.rs:37:7
   |
37 |     #[serde(skip)]
   |       ^^^^^
   |
   = note: `serde` is an attribute that can be used by the derive macros `Deserialize` and `Serialize`, you might be missing a `derive` attribute
   = note: `serde` is in scope, but it is a crate, not an attribute

error: cannot find attribute `serde` in this scope
  --> src/models/feeder/referensi/jenjang_pendidikan.rs:40:7
   |
40 |     #[serde(skip)]
   |       ^^^^^
   |
   = note: `serde` is an attribute that can be used by the derive macros `Deserialize` and `Serialize`, you might be missing a `derive` attribute
   = note: `serde` is in scope, but it is a crate, not an attribute

error: cannot find attribute `serde` in this scope
  --> src/models/feeder/referensi/kategori_kegiatan.rs:26:7
   |
26 |     #[serde(skip)]
   |       ^^^^^
   |
   = note: `serde` is an attribute that can be used by the derive macros `Deserialize` and `Serialize`, you might be missing a `derive` attribute
   = note: `serde` is in scope, but it is a crate, not an attribute

error: cannot find attribute `serde` in this scope
  --> src/models/feeder/referensi/kategori_kegiatan.rs:29:7
   |
29 |     #[serde(skip)]
   |       ^^^^^
   |
   = note: `serde` is an attribute that can be used by the derive macros `Deserialize` and `Serialize`, you might be missing a `derive` attribute
   = note: `serde` is in scope, but it is a crate, not an attribute

error: cannot find attribute `serde` in this scope
  --> src/models/feeder/referensi/kategori_kegiatan.rs:32:7
   |
32 |     #[serde(skip)]
   |       ^^^^^
   |
   = note: `serde` is an attribute that can be used by the derive macros `Deserialize` and `Serialize`, you might be missing a `derive` attribute
   = note: `serde` is in scope, but it is a crate, not an attribute

error: cannot find attribute `serde` in this scope
  --> src/models/feeder/referensi/kategori_kegiatan.rs:35:7
   |
35 |     #[serde(skip)]
   |       ^^^^^
   |
   = note: `serde` is an attribute that can be used by the derive macros `Deserialize` and `Serialize`, you might be missing a `derive` attribute
   = note: `serde` is in scope, but it is a crate, not an attribute

error: cannot find attribute `serde` in this scope
  --> src/models/feeder/referensi/kategori_kegiatan.rs:38:7
   |
38 |     #[serde(skip)]
   |       ^^^^^
   |
   = note: `serde` is an attribute that can be used by the derive macros `Deserialize` and `Serialize`, you might be missing a `derive` attribute
   = note: `serde` is in scope, but it is a crate, not an attribute

error: cannot find attribute `serde` in this scope
  --> src/models/feeder/referensi/kategori_kegiatan.rs:41:7
   |
41 |     #[serde(skip)]
   |       ^^^^^
   |
   = note: `serde` is an attribute that can be used by the derive macros `Deserialize` and `Serialize`, you might be missing a `derive` attribute
   = note: `serde` is in scope, but it is a crate, not an attribute

error: cannot find attribute `serde` in this scope
  --> src/models/feeder/referensi/level_wilayah.rs:25:7
   |
25 |     #[serde(skip)]
   |       ^^^^^
   |
   = note: `serde` is an attribute that can be used by the derive macros `Deserialize` and `Serialize`, you might be missing a `derive` attribute
   = note: `serde` is in scope, but it is a crate, not an attribute

error: cannot find attribute `serde` in this scope
  --> src/models/feeder/referensi/level_wilayah.rs:28:7
   |
28 |     #[serde(skip)]
   |       ^^^^^
   |
   = note: `serde` is an attribute that can be used by the derive macros `Deserialize` and `Serialize`, you might be missing a `derive` attribute
   = note: `serde` is in scope, but it is a crate, not an attribute

error: cannot find attribute `serde` in this scope
  --> src/models/feeder/referensi/negara.rs:25:7
   |
25 |     #[serde(skip)]
   |       ^^^^^
   |
   = note: `serde` is an attribute that can be used by the derive macros `Deserialize` and `Serialize`, you might be missing a `derive` attribute
   = note: `serde` is in scope, but it is a crate, not an attribute

error: cannot find attribute `serde` in this scope
  --> src/models/feeder/referensi/negara.rs:28:7
   |
28 |     #[serde(skip)]
   |       ^^^^^
   |
   = note: `serde` is an attribute that can be used by the derive macros `Deserialize` and `Serialize`, you might be missing a `derive` attribute
   = note: `serde` is in scope, but it is a crate, not an attribute

error: cannot find attribute `serde` in this scope
  --> src/models/feeder/referensi/negara.rs:31:7
   |
31 |     #[serde(skip)]
   |       ^^^^^
   |
   = note: `serde` is an attribute that can be used by the derive macros `Deserialize` and `Serialize`, you might be missing a `derive` attribute
   = note: `serde` is in scope, but it is a crate, not an attribute

error: cannot find attribute `serde` in this scope
  --> src/models/feeder/referensi/negara.rs:34:7
   |
34 |     #[serde(skip)]
   |       ^^^^^
   |
   = note: `serde` is an attribute that can be used by the derive macros `Deserialize` and `Serialize`, you might be missing a `derive` attribute
   = note: `serde` is in scope, but it is a crate, not an attribute

error: cannot find attribute `serde` in this scope
  --> src/models/feeder/referensi/pangkat_golongan.rs:26:7
   |
26 |     #[serde(skip)]
   |       ^^^^^
   |
   = note: `serde` is an attribute that can be used by the derive macros `Deserialize` and `Serialize`, you might be missing a `derive` attribute
   = note: `serde` is in scope, but it is a crate, not an attribute

error: cannot find attribute `serde` in this scope
  --> src/models/feeder/referensi/pangkat_golongan.rs:29:7
   |
29 |     #[serde(skip)]
   |       ^^^^^
   |
   = note: `serde` is an attribute that can be used by the derive macros `Deserialize` and `Serialize`, you might be missing a `derive` attribute
   = note: `serde` is in scope, but it is a crate, not an attribute

error: cannot find attribute `serde` in this scope
  --> src/models/feeder/referensi/pangkat_golongan.rs:32:7
   |
32 |     #[serde(skip)]
   |       ^^^^^
   |
   = note: `serde` is an attribute that can be used by the derive macros `Deserialize` and `Serialize`, you might be missing a `derive` attribute
   = note: `serde` is in scope, but it is a crate, not an attribute

error: cannot find attribute `serde` in this scope
  --> src/models/feeder/referensi/pangkat_golongan.rs:35:7
   |
35 |     #[serde(skip)]
   |       ^^^^^
   |
   = note: `serde` is an attribute that can be used by the derive macros `Deserialize` and `Serialize`, you might be missing a `derive` attribute
   = note: `serde` is in scope, but it is a crate, not an attribute

error: cannot find attribute `serde` in this scope
  --> src/models/feeder/referensi/pembiayaan.rs:25:7
   |
25 |     #[serde(skip)]
   |       ^^^^^
   |
   = note: `serde` is an attribute that can be used by the derive macros `Deserialize` and `Serialize`, you might be missing a `derive` attribute
   = note: `serde` is in scope, but it is a crate, not an attribute

error: cannot find attribute `serde` in this scope
  --> src/models/feeder/referensi/pembiayaan.rs:28:7
   |
28 |     #[serde(skip)]
   |       ^^^^^
   |
   = note: `serde` is an attribute that can be used by the derive macros `Deserialize` and `Serialize`, you might be missing a `derive` attribute
   = note: `serde` is in scope, but it is a crate, not an attribute

error: cannot find attribute `serde` in this scope
  --> src/models/feeder/referensi/pembiayaan.rs:31:7
   |
31 |     #[serde(skip)]
   |       ^^^^^
   |
   = note: `serde` is an attribute that can be used by the derive macros `Deserialize` and `Serialize`, you might be missing a `derive` attribute
   = note: `serde` is in scope, but it is a crate, not an attribute

error: cannot find attribute `serde` in this scope
  --> src/models/feeder/referensi/pembiayaan.rs:34:7
   |
34 |     #[serde(skip)]
   |       ^^^^^
   |
   = note: `serde` is an attribute that can be used by the derive macros `Deserialize` and `Serialize`, you might be missing a `derive` attribute
   = note: `serde` is in scope, but it is a crate, not an attribute

error: cannot find attribute `serde` in this scope
  --> src/models/feeder/referensi/pembiayaan.rs:37:7
   |
37 |     #[serde(skip)]
   |       ^^^^^
   |
   = note: `serde` is an attribute that can be used by the derive macros `Deserialize` and `Serialize`, you might be missing a `derive` attribute
   = note: `serde` is in scope, but it is a crate, not an attribute

error: cannot find attribute `serde` in this scope
  --> src/models/feeder/referensi/pembiayaan.rs:40:7
   |
40 |     #[serde(skip)]
   |       ^^^^^
   |
   = note: `serde` is an attribute that can be used by the derive macros `Deserialize` and `Serialize`, you might be missing a `derive` attribute
   = note: `serde` is in scope, but it is a crate, not an attribute

error: cannot find attribute `serde` in this scope
  --> src/models/feeder/referensi/periode_lampau.rs:30:7
   |
30 |     #[serde(skip)]
   |       ^^^^^
   |
   = note: `serde` is an attribute that can be used by the derive macros `Deserialize` and `Serialize`, you might be missing a `derive` attribute
   = note: `serde` is in scope, but it is a crate, not an attribute

error: cannot find attribute `serde` in this scope
  --> src/models/feeder/referensi/periode_lampau.rs:33:7
   |
33 |     #[serde(skip)]
   |       ^^^^^
   |
   = note: `serde` is an attribute that can be used by the derive macros `Deserialize` and `Serialize`, you might be missing a `derive` attribute
   = note: `serde` is in scope, but it is a crate, not an attribute

error: cannot find attribute `serde` in this scope
  --> src/models/feeder/referensi/semester.rs:30:7
   |
30 |     #[serde(skip)]
   |       ^^^^^
   |
   = note: `serde` is an attribute that can be used by the derive macros `Deserialize` and `Serialize`, you might be missing a `derive` attribute
   = note: `serde` is in scope, but it is a crate, not an attribute

error: cannot find attribute `serde` in this scope
  --> src/models/feeder/referensi/semester.rs:33:7
   |
33 |     #[serde(skip)]
   |       ^^^^^
   |
   = note: `serde` is an attribute that can be used by the derive macros `Deserialize` and `Serialize`, you might be missing a `derive` attribute
   = note: `serde` is in scope, but it is a crate, not an attribute

error: cannot find attribute `serde` in this scope
  --> src/models/feeder/referensi/semester.rs:36:7
   |
36 |     #[serde(skip)]
   |       ^^^^^
   |
   = note: `serde` is an attribute that can be used by the derive macros `Deserialize` and `Serialize`, you might be missing a `derive` attribute
   = note: `serde` is in scope, but it is a crate, not an attribute

error: cannot find attribute `serde` in this scope
  --> src/models/feeder/referensi/semester.rs:39:7
   |
39 |     #[serde(skip)]
   |       ^^^^^
   |
   = note: `serde` is an attribute that can be used by the derive macros `Deserialize` and `Serialize`, you might be missing a `derive` attribute
   = note: `serde` is in scope, but it is a crate, not an attribute

error: cannot find attribute `serde` in this scope
  --> src/models/feeder/referensi/semester.rs:42:7
   |
42 |     #[serde(skip)]
   |       ^^^^^
   |
   = note: `serde` is an attribute that can be used by the derive macros `Deserialize` and `Serialize`, you might be missing a `derive` attribute
   = note: `serde` is in scope, but it is a crate, not an attribute

error: cannot find attribute `serde` in this scope
  --> src/models/feeder/referensi/semester.rs:45:7
   |
45 |     #[serde(skip)]
   |       ^^^^^
   |
   = note: `serde` is an attribute that can be used by the derive macros `Deserialize` and `Serialize`, you might be missing a `derive` attribute
   = note: `serde` is in scope, but it is a crate, not an attribute

error: cannot find attribute `serde` in this scope
  --> src/models/feeder/referensi/semester.rs:48:7
   |
48 |     #[serde(skip)]
   |       ^^^^^
   |
   = note: `serde` is an attribute that can be used by the derive macros `Deserialize` and `Serialize`, you might be missing a `derive` attribute
   = note: `serde` is in scope, but it is a crate, not an attribute

error: cannot find attribute `serde` in this scope
  --> src/models/feeder/referensi/semester.rs:51:7
   |
51 |     #[serde(skip)]
   |       ^^^^^
   |
   = note: `serde` is an attribute that can be used by the derive macros `Deserialize` and `Serialize`, you might be missing a `derive` attribute
   = note: `serde` is in scope, but it is a crate, not an attribute

error: cannot find attribute `serde` in this scope
  --> src/models/feeder/referensi/semester.rs:54:7
   |
54 |     #[serde(skip)]
   |       ^^^^^
   |
   = note: `serde` is an attribute that can be used by the derive macros `Deserialize` and `Serialize`, you might be missing a `derive` attribute
   = note: `serde` is in scope, but it is a crate, not an attribute

error: cannot find attribute `serde` in this scope
  --> src/models/feeder/referensi/semester.rs:57:7
   |
57 |     #[serde(skip)]
   |       ^^^^^
   |
   = note: `serde` is an attribute that can be used by the derive macros `Deserialize` and `Serialize`, you might be missing a `derive` attribute
   = note: `serde` is in scope, but it is a crate, not an attribute

error: cannot find attribute `serde` in this scope
  --> src/models/feeder/referensi/semester.rs:60:7
   |
60 |     #[serde(skip)]
   |       ^^^^^
   |
   = note: `serde` is an attribute that can be used by the derive macros `Deserialize` and `Serialize`, you might be missing a `derive` attribute
   = note: `serde` is in scope, but it is a crate, not an attribute

error: cannot find attribute `serde` in this scope
  --> src/models/feeder/referensi/semester.rs:63:7
   |
63 |     #[serde(skip)]
   |       ^^^^^
   |
   = note: `serde` is an attribute that can be used by the derive macros `Deserialize` and `Serialize`, you might be missing a `derive` attribute
   = note: `serde` is in scope, but it is a crate, not an attribute

error: cannot find attribute `serde` in this scope
  --> src/models/feeder/referensi/semester.rs:66:7
   |
66 |     #[serde(skip)]
   |       ^^^^^
   |
   = note: `serde` is an attribute that can be used by the derive macros `Deserialize` and `Serialize`, you might be missing a `derive` attribute
   = note: `serde` is in scope, but it is a crate, not an attribute

error: cannot find attribute `serde` in this scope
  --> src/models/feeder/referensi/semester.rs:69:7
   |
69 |     #[serde(skip)]
   |       ^^^^^
   |
   = note: `serde` is an attribute that can be used by the derive macros `Deserialize` and `Serialize`, you might be missing a `derive` attribute
   = note: `serde` is in scope, but it is a crate, not an attribute

error: cannot find attribute `serde` in this scope
  --> src/models/feeder/referensi/semester.rs:72:7
   |
72 |     #[serde(skip)]
   |       ^^^^^
   |
   = note: `serde` is an attribute that can be used by the derive macros `Deserialize` and `Serialize`, you might be missing a `derive` attribute
   = note: `serde` is in scope, but it is a crate, not an attribute

error: cannot find attribute `serde` in this scope
  --> src/models/feeder/referensi/semester.rs:75:7
   |
75 |     #[serde(skip)]
   |       ^^^^^
   |
   = note: `serde` is an attribute that can be used by the derive macros `Deserialize` and `Serialize`, you might be missing a `derive` attribute
   = note: `serde` is in scope, but it is a crate, not an attribute

error: cannot find attribute `serde` in this scope
  --> src/models/feeder/referensi/semester.rs:78:7
   |
78 |     #[serde(skip)]
   |       ^^^^^
   |
   = note: `serde` is an attribute that can be used by the derive macros `Deserialize` and `Serialize`, you might be missing a `derive` attribute
   = note: `serde` is in scope, but it is a crate, not an attribute

error: cannot find attribute `serde` in this scope
  --> src/models/feeder/referensi/semester.rs:81:7
   |
81 |     #[serde(skip)]
   |       ^^^^^
   |
   = note: `serde` is an attribute that can be used by the derive macros `Deserialize` and `Serialize`, you might be missing a `derive` attribute
   = note: `serde` is in scope, but it is a crate, not an attribute

error: cannot find attribute `serde` in this scope
  --> src/models/feeder/referensi/semester.rs:84:7
   |
84 |     #[serde(skip)]
   |       ^^^^^
   |
   = note: `serde` is an attribute that can be used by the derive macros `Deserialize` and `Serialize`, you might be missing a `derive` attribute
   = note: `serde` is in scope, but it is a crate, not an attribute

error: cannot find attribute `serde` in this scope
  --> src/models/feeder/referensi/semester.rs:87:7
   |
87 |     #[serde(skip)]
   |       ^^^^^
   |
   = note: `serde` is an attribute that can be used by the derive macros `Deserialize` and `Serialize`, you might be missing a `derive` attribute
   = note: `serde` is in scope, but it is a crate, not an attribute

error: cannot find attribute `serde` in this scope
  --> src/models/feeder/referensi/semester.rs:90:7
   |
90 |     #[serde(skip)]
   |       ^^^^^
   |
   = note: `serde` is an attribute that can be used by the derive macros `Deserialize` and `Serialize`, you might be missing a `derive` attribute
   = note: `serde` is in scope, but it is a crate, not an attribute

error: cannot find attribute `serde` in this scope
  --> src/models/feeder/referensi/semester.rs:93:7
   |
93 |     #[serde(skip)]
   |       ^^^^^
   |
   = note: `serde` is an attribute that can be used by the derive macros `Deserialize` and `Serialize`, you might be missing a `derive` attribute
   = note: `serde` is in scope, but it is a crate, not an attribute

error: cannot find attribute `serde` in this scope
  --> src/models/feeder/referensi/semester.rs:96:7
   |
96 |     #[serde(skip)]
   |       ^^^^^
   |
   = note: `serde` is an attribute that can be used by the derive macros `Deserialize` and `Serialize`, you might be missing a `derive` attribute
   = note: `serde` is in scope, but it is a crate, not an attribute

error: cannot find attribute `serde` in this scope
  --> src/models/feeder/referensi/semester.rs:99:7
   |
99 |     #[serde(skip)]
   |       ^^^^^
   |
   = note: `serde` is an attribute that can be used by the derive macros `Deserialize` and `Serialize`, you might be missing a `derive` attribute
   = note: `serde` is in scope, but it is a crate, not an attribute

error: cannot find attribute `serde` in this scope
   --> src/models/feeder/referensi/semester.rs:102:7
    |
102 |     #[serde(skip)]
    |       ^^^^^
    |
    = note: `serde` is an attribute that can be used by the derive macros `Deserialize` and `Serialize`, you might be missing a `derive` attribute
    = note: `serde` is in scope, but it is a crate, not an attribute

error: cannot find attribute `serde` in this scope
   --> src/models/feeder/referensi/semester.rs:105:7
    |
105 |     #[serde(skip)]
    |       ^^^^^
    |
    = note: `serde` is an attribute that can be used by the derive macros `Deserialize` and `Serialize`, you might be missing a `derive` attribute
    = note: `serde` is in scope, but it is a crate, not an attribute

error: cannot find attribute `serde` in this scope
  --> src/models/feeder/referensi/status_mahasiswa.rs:25:7
   |
25 |     #[serde(skip)]
   |       ^^^^^
   |
   = note: `serde` is an attribute that can be used by the derive macros `Deserialize` and `Serialize`, you might be missing a `derive` attribute
   = note: `serde` is in scope, but it is a crate, not an attribute

error: cannot find attribute `serde` in this scope
  --> src/models/feeder/referensi/status_mahasiswa.rs:28:7
   |
28 |     #[serde(skip)]
   |       ^^^^^
   |
   = note: `serde` is an attribute that can be used by the derive macros `Deserialize` and `Serialize`, you might be missing a `derive` attribute
   = note: `serde` is in scope, but it is a crate, not an attribute

error: cannot find attribute `serde` in this scope
  --> src/models/feeder/referensi/status_mahasiswa.rs:31:7
   |
31 |     #[serde(skip)]
   |       ^^^^^
   |
   = note: `serde` is an attribute that can be used by the derive macros `Deserialize` and `Serialize`, you might be missing a `derive` attribute
   = note: `serde` is in scope, but it is a crate, not an attribute

error: cannot find attribute `serde` in this scope
  --> src/models/feeder/referensi/status_mahasiswa.rs:34:7
   |
34 |     #[serde(skip)]
   |       ^^^^^
   |
   = note: `serde` is an attribute that can be used by the derive macros `Deserialize` and `Serialize`, you might be missing a `derive` attribute
   = note: `serde` is in scope, but it is a crate, not an attribute

error: cannot find attribute `serde` in this scope
  --> src/models/feeder/referensi/status_mahasiswa.rs:37:7
   |
37 |     #[serde(skip)]
   |       ^^^^^
   |
   = note: `serde` is an attribute that can be used by the derive macros `Deserialize` and `Serialize`, you might be missing a `derive` attribute
   = note: `serde` is in scope, but it is a crate, not an attribute

error: cannot find attribute `serde` in this scope
  --> src/models/feeder/referensi/status_mahasiswa.rs:40:7
   |
40 |     #[serde(skip)]
   |       ^^^^^
   |
   = note: `serde` is an attribute that can be used by the derive macros `Deserialize` and `Serialize`, you might be missing a `derive` attribute
   = note: `serde` is in scope, but it is a crate, not an attribute

error: cannot find attribute `serde` in this scope
  --> src/models/feeder/referensi/tahun_ajaran.rs:28:7
   |
28 |     #[serde(skip)]
   |       ^^^^^
   |
   = note: `serde` is an attribute that can be used by the derive macros `Deserialize` and `Serialize`, you might be missing a `derive` attribute
   = note: `serde` is in scope, but it is a crate, not an attribute

error: cannot find attribute `serde` in this scope
  --> src/models/feeder/referensi/tahun_ajaran.rs:31:7
   |
31 |     #[serde(skip)]
   |       ^^^^^
   |
   = note: `serde` is an attribute that can be used by the derive macros `Deserialize` and `Serialize`, you might be missing a `derive` attribute
   = note: `serde` is in scope, but it is a crate, not an attribute

error: cannot find attribute `serde` in this scope
  --> src/models/feeder/referensi/tahun_ajaran.rs:34:7
   |
34 |     #[serde(skip)]
   |       ^^^^^
   |
   = note: `serde` is an attribute that can be used by the derive macros `Deserialize` and `Serialize`, you might be missing a `derive` attribute
   = note: `serde` is in scope, but it is a crate, not an attribute

error: cannot find attribute `serde` in this scope
  --> src/models/feeder/referensi/tahun_ajaran.rs:37:7
   |
37 |     #[serde(skip)]
   |       ^^^^^
   |
   = note: `serde` is an attribute that can be used by the derive macros `Deserialize` and `Serialize`, you might be missing a `derive` attribute
   = note: `serde` is in scope, but it is a crate, not an attribute

error: cannot find attribute `serde` in this scope
  --> src/models/feeder/referensi/tingkat_prestasi.rs:25:7
   |
25 |     #[serde(skip)]
   |       ^^^^^
   |
   = note: `serde` is an attribute that can be used by the derive macros `Deserialize` and `Serialize`, you might be missing a `derive` attribute
   = note: `serde` is in scope, but it is a crate, not an attribute

error: cannot find attribute `serde` in this scope
  --> src/models/feeder/referensi/tingkat_prestasi.rs:28:7
   |
28 |     #[serde(skip)]
   |       ^^^^^
   |
   = note: `serde` is an attribute that can be used by the derive macros `Deserialize` and `Serialize`, you might be missing a `derive` attribute
   = note: `serde` is in scope, but it is a crate, not an attribute

error: cannot find attribute `serde` in this scope
  --> src/models/feeder/referensi/wilayah.rs:28:7
   |
28 |     #[serde(skip)]
   |       ^^^^^
   |
   = note: `serde` is an attribute that can be used by the derive macros `Deserialize` and `Serialize`, you might be missing a `derive` attribute
   = note: `serde` is in scope, but it is a crate, not an attribute

error: cannot find attribute `serde` in this scope
  --> src/models/feeder/referensi/wilayah.rs:31:7
   |
31 |     #[serde(skip)]
   |       ^^^^^
   |
   = note: `serde` is an attribute that can be used by the derive macros `Deserialize` and `Serialize`, you might be missing a `derive` attribute
   = note: `serde` is in scope, but it is a crate, not an attribute

error: cannot find attribute `serde` in this scope
  --> src/models/feeder/referensi/wilayah.rs:34:7
   |
34 |     #[serde(skip)]
   |       ^^^^^
   |
   = note: `serde` is an attribute that can be used by the derive macros `Deserialize` and `Serialize`, you might be missing a `derive` attribute
   = note: `serde` is in scope, but it is a crate, not an attribute

error: cannot find attribute `serde` in this scope
  --> src/models/feeder/referensi/wilayah.rs:37:7
   |
37 |     #[serde(skip)]
   |       ^^^^^
   |
   = note: `serde` is an attribute that can be used by the derive macros `Deserialize` and `Serialize`, you might be missing a `derive` attribute
   = note: `serde` is in scope, but it is a crate, not an attribute

error: cannot find attribute `serde` in this scope
  --> src/models/feeder/referensi/wilayah.rs:40:7
   |
40 |     #[serde(skip)]
   |       ^^^^^
   |
   = note: `serde` is an attribute that can be used by the derive macros `Deserialize` and `Serialize`, you might be missing a `derive` attribute
   = note: `serde` is in scope, but it is a crate, not an attribute

error: cannot find attribute `serde` in this scope
  --> src/models/feeder/referensi/wilayah.rs:43:7
   |
43 |     #[serde(skip)]
   |       ^^^^^
   |
   = note: `serde` is an attribute that can be used by the derive macros `Deserialize` and `Serialize`, you might be missing a `derive` attribute
   = note: `serde` is in scope, but it is a crate, not an attribute

error: cannot find attribute `serde` in this scope
  --> src/models/feeder/referensi/wilayah.rs:46:7
   |
46 |     #[serde(skip)]
   |       ^^^^^
   |
   = note: `serde` is an attribute that can be used by the derive macros `Deserialize` and `Serialize`, you might be missing a `derive` attribute
   = note: `serde` is in scope, but it is a crate, not an attribute

error: cannot find attribute `serde` in this scope
  --> src/models/feeder/referensi/wilayah.rs:49:7
   |
49 |     #[serde(skip)]
   |       ^^^^^
   |
   = note: `serde` is an attribute that can be used by the derive macros `Deserialize` and `Serialize`, you might be missing a `derive` attribute
   = note: `serde` is in scope, but it is a crate, not an attribute

error: cannot find attribute `serde` in this scope
  --> src/models/feeder/referensi/wilayah.rs:52:7
   |
52 |     #[serde(skip)]
   |       ^^^^^
   |
   = note: `serde` is an attribute that can be used by the derive macros `Deserialize` and `Serialize`, you might be missing a `derive` attribute
   = note: `serde` is in scope, but it is a crate, not an attribute

error: cannot find attribute `serde` in this scope
  --> src/models/feeder/referensi/wilayah.rs:55:7
   |
55 |     #[serde(skip)]
   |       ^^^^^
   |
   = note: `serde` is an attribute that can be used by the derive macros `Deserialize` and `Serialize`, you might be missing a `derive` attribute
   = note: `serde` is in scope, but it is a crate, not an attribute

error[E0425]: cannot find type `NullableUuid` in this scope
  --> src/models/feeder/master/anggota_aktifitas_mahasiswa.rs:15:23
   |
15 |     pub id_aktivitas: NullableUuid,
   |                       ^^^^^^^^^^^^ not found in this scope
   |
help: consider importing one of these type aliases
   |
 3 + use crate::models::feeder::master::biodata_dosen::NullableUuid;
   |
 3 + use crate::models::feeder::master::konsistensi_data::NullableUuid;
   |
 3 + use crate::models::feeder::referensi::agama::NullableUuid;
   |
 3 + use crate::models::feeder::referensi::alat_transportasi::NullableUuid;
   |
   = and 31 other candidates

error[E0425]: cannot find type `NullableUuid` in this scope
  --> src/models/feeder/master/anggota_aktifitas_mahasiswa.rs:17:21
   |
17 |     pub id_anggota: NullableUuid,
   |                     ^^^^^^^^^^^^ not found in this scope
   |
help: consider importing one of these type aliases
   |
 3 + use crate::models::feeder::master::biodata_dosen::NullableUuid;
   |
 3 + use crate::models::feeder::master::konsistensi_data::NullableUuid;
   |
 3 + use crate::models::feeder::referensi::agama::NullableUuid;
   |
 3 + use crate::models::feeder::referensi::alat_transportasi::NullableUuid;
   |
   = and 31 other candidates

error[E0425]: cannot find type `NullableUuid` in this scope
  --> src/models/feeder/master/anggota_aktifitas_mahasiswa.rs:18:34
   |
18 |     pub id_registrasi_mahasiswa: NullableUuid,
   |                                  ^^^^^^^^^^^^ not found in this scope
   |
help: consider importing one of these type aliases
   |
 3 + use crate::models::feeder::master::biodata_dosen::NullableUuid;
   |
 3 + use crate::models::feeder::master::konsistensi_data::NullableUuid;
   |
 3 + use crate::models::feeder::referensi::agama::NullableUuid;
   |
 3 + use crate::models::feeder::referensi::alat_transportasi::NullableUuid;
   |
   = and 31 other candidates

error[E0425]: cannot find type `NullableUuid` in this scope
  --> src/models/feeder/master/anggota_aktifitas_mahasiswa.rs:15:5
   |
15 |     pub id_aktivitas: NullableUuid,
   |     ^^^ not found in this scope
   |
help: consider importing one of these type aliases
   |
 3 + use crate::models::feeder::master::biodata_dosen::NullableUuid;
   |
 3 + use crate::models::feeder::master::konsistensi_data::NullableUuid;
   |
 3 + use crate::models::feeder::referensi::agama::NullableUuid;
   |
 3 + use crate::models::feeder::referensi::alat_transportasi::NullableUuid;
   |
   = and 31 other candidates

error[E0425]: cannot find type `NullableUuid` in this scope
  --> src/models/feeder/master/anggota_aktifitas_mahasiswa.rs:17:5
   |
17 |     pub id_anggota: NullableUuid,
   |     ^^^ not found in this scope
   |
help: consider importing one of these type aliases
   |
 3 + use crate::models::feeder::master::biodata_dosen::NullableUuid;
   |
 3 + use crate::models::feeder::master::konsistensi_data::NullableUuid;
   |
 3 + use crate::models::feeder::referensi::agama::NullableUuid;
   |
 3 + use crate::models::feeder::referensi::alat_transportasi::NullableUuid;
   |
   = and 31 other candidates

error[E0425]: cannot find type `NullableUuid` in this scope
  --> src/models/feeder/master/anggota_aktifitas_mahasiswa.rs:18:5
   |
18 |     pub id_registrasi_mahasiswa: NullableUuid,
   |     ^^^ not found in this scope
   |
help: consider importing one of these type aliases
   |
 3 + use crate::models::feeder::master::biodata_dosen::NullableUuid;
   |
 3 + use crate::models::feeder::master::konsistensi_data::NullableUuid;
   |
 3 + use crate::models::feeder::referensi::agama::NullableUuid;
   |
 3 + use crate::models::feeder::referensi::alat_transportasi::NullableUuid;
   |
   = and 31 other candidates

error[E0425]: cannot find type `NullableUuid` in this scope
  --> src/models/feeder/master/perguruan_tinggi.rs:12:30
   |
12 |     pub id_perguruan_tinggi: NullableUuid,
   |                              ^^^^^^^^^^^^ not found in this scope
   |
help: consider importing one of these type aliases
   |
 3 + use crate::models::feeder::master::biodata_dosen::NullableUuid;
   |
 3 + use crate::models::feeder::master::konsistensi_data::NullableUuid;
   |
 3 + use crate::models::feeder::referensi::agama::NullableUuid;
   |
 3 + use crate::models::feeder::referensi::alat_transportasi::NullableUuid;
   |
   = and 31 other candidates

error[E0425]: cannot find type `NullableUuid` in this scope
  --> src/models/feeder/master/perguruan_tinggi.rs:12:5
   |
12 |     pub id_perguruan_tinggi: NullableUuid,
   |     ^^^ not found in this scope
   |
help: consider importing one of these type aliases
   |
 3 + use crate::models::feeder::master::biodata_dosen::NullableUuid;
   |
 3 + use crate::models::feeder::master::konsistensi_data::NullableUuid;
   |
 3 + use crate::models::feeder::referensi::agama::NullableUuid;
   |
 3 + use crate::models::feeder::referensi::alat_transportasi::NullableUuid;
   |
   = and 31 other candidates

error[E0277]: the trait bound `Entity: Related<Entity>` is not satisfied
   --> src/models/feeder/master/bimbing_mahasiswa.rs:6:1
    |
  6 | #[sea_orm::model]
    | ^^^^^^^^^^^^^^^^^ unsatisfied trait bound
    |
help: the trait `sea_orm::Related<models::feeder::master::bimbing_mahasiswa::Entity>` is not implemented for `Entity`
   --> src/models/feeder/master/mahasiswa_bimbingan_dosen.rs:7:39
    |
  7 | #[derive(Clone, Debug, PartialEq, Eq, DeriveEntityModel, Serialize, Des...
    |                                       ^^^^^^^^^^^^^^^^^
    = help: the following other types implement trait `sea_orm::Related<R>`:
              `Entity` implements `Related<Entity>`
              `Entity` implements `Related<Entity>`
              `Entity` implements `Related<Entity>`
              `Entity` implements `Related<Entity>`
              `Entity` implements `Related<Entity>`
              `Entity` implements `Related<Entity>`
              `Entity` implements `Related<Entity>`
              `Entity` implements `Related<Entity>`
            and 415 others
note: required by a bound in `has_many`
   --> /home/bendo01/.cargo/registry/src/index.crates.io-1949cf8c6b5b557f/sea-orm-2.0.2/src/entity/base_entity.rs:123:26
    |
121 |     fn has_many<R>(_: R) -> RelationBuilder<Self, R>
    |        -------- required by a bound in this associated function
122 |     where
123 |         R: EntityTrait + Related<Self>,
    |                          ^^^^^^^^^^^^^ required by this bound in `EntityTrait::has_many`
    = note: the full name for the type has been written to '/home/bendo01/Projects/xsia_xarx/server/target/debug/deps/xsia_xarx-84a5e407a7f67ab6.long-type-9997982796058488863.txt'
    = note: consider using `--verbose` to print the full type name to the console
    = note: this error originates in the derive macro `DeriveRelation` which comes from the expansion of the derive macro `DeriveEntityModel` (in Nightly builds, run with -Z macro-backtrace for more info)

error[E0277]: the trait bound `Entity: Related<Entity>` is not satisfied
   --> src/models/feeder/master/dosen.rs:6:1
    |
  6 | #[sea_orm::model]
    | ^^^^^^^^^^^^^^^^^ unsatisfied trait bound
    |
help: the trait `sea_orm::Related<models::feeder::master::dosen::Entity>` is not implemented for `Entity`
   --> src/models/feeder/master/aktifitas_mengajar_dosen.rs:7:39
    |
  7 | #[derive(Clone, Debug, PartialEq, Eq, DeriveEntityModel, Serialize, Des...
    |                                       ^^^^^^^^^^^^^^^^^
    = help: the following other types implement trait `sea_orm::Related<R>`:
              `Entity` implements `Related<Entity>`
              `Entity` implements `Related<Entity>`
              `Entity` implements `Related<Entity>`
              `Entity` implements `Related<Entity>`
              `Entity` implements `Related<Entity>`
              `Entity` implements `Related<Entity>`
              `Entity` implements `Related<Entity>`
              `Entity` implements `Related<Entity>`
            and 415 others
note: required by a bound in `has_many`
   --> /home/bendo01/.cargo/registry/src/index.crates.io-1949cf8c6b5b557f/sea-orm-2.0.2/src/entity/base_entity.rs:123:26
    |
121 |     fn has_many<R>(_: R) -> RelationBuilder<Self, R>
    |        -------- required by a bound in this associated function
122 |     where
123 |         R: EntityTrait + Related<Self>,
    |                          ^^^^^^^^^^^^^ required by this bound in `EntityTrait::has_many`
    = note: the full name for the type has been written to '/home/bendo01/Projects/xsia_xarx/server/target/debug/deps/xsia_xarx-84a5e407a7f67ab6.long-type-847531369009235940.txt'
    = note: consider using `--verbose` to print the full type name to the console
    = note: this error originates in the derive macro `DeriveRelation` which comes from the expansion of the derive macro `DeriveEntityModel` (in Nightly builds, run with -Z macro-backtrace for more info)

error[E0277]: the trait bound `Entity: Related<Entity>` is not satisfied
   --> src/models/feeder/master/dosen.rs:6:1
    |
  6 | #[sea_orm::model]
    | ^^^^^^^^^^^^^^^^^ unsatisfied trait bound
    |
help: the trait `sea_orm::Related<models::feeder::master::dosen::Entity>` is not implemented for `models::feeder::master::bimbing_mahasiswa::Entity`
   --> src/models/feeder/master/bimbing_mahasiswa.rs:7:39
    |
  7 | #[derive(Clone, Debug, PartialEq, Eq, DeriveEntityModel, Serialize, Des...
    |                                       ^^^^^^^^^^^^^^^^^
    = help: the following other types implement trait `sea_orm::Related<R>`:
              `Entity` implements `Related<Entity>`
              `Entity` implements `Related<Entity>`
              `Entity` implements `Related<Entity>`
              `Entity` implements `Related<Entity>`
              `Entity` implements `Related<Entity>`
              `Entity` implements `Related<Entity>`
              `Entity` implements `Related<Entity>`
              `Entity` implements `Related<Entity>`
            and 415 others
note: required by a bound in `has_many`
   --> /home/bendo01/.cargo/registry/src/index.crates.io-1949cf8c6b5b557f/sea-orm-2.0.2/src/entity/base_entity.rs:123:26
    |
121 |     fn has_many<R>(_: R) -> RelationBuilder<Self, R>
    |        -------- required by a bound in this associated function
122 |     where
123 |         R: EntityTrait + Related<Self>,
    |                          ^^^^^^^^^^^^^ required by this bound in `EntityTrait::has_many`
    = note: the full name for the type has been written to '/home/bendo01/Projects/xsia_xarx/server/target/debug/deps/xsia_xarx-84a5e407a7f67ab6.long-type-10069401415875047103.txt'
    = note: consider using `--verbose` to print the full type name to the console
    = note: this error originates in the derive macro `DeriveRelation` which comes from the expansion of the derive macro `DeriveEntityModel` (in Nightly builds, run with -Z macro-backtrace for more info)

error[E0277]: the trait bound `Entity: Related<Entity>` is not satisfied
   --> src/models/feeder/master/dosen.rs:6:1
    |
  6 | #[sea_orm::model]
    | ^^^^^^^^^^^^^^^^^ unsatisfied trait bound
    |
help: the trait `sea_orm::Related<models::feeder::master::dosen::Entity>` is not implemented for `models::feeder::master::biodata_dosen::Entity`
   --> src/models/feeder/master/biodata_dosen.rs:13:39
    |
 13 | #[derive(Clone, Debug, PartialEq, Eq, DeriveEntityModel, Serialize, Des...
    |                                       ^^^^^^^^^^^^^^^^^
    = help: the following other types implement trait `sea_orm::Related<R>`:
              `Entity` implements `Related<Entity>`
              `Entity` implements `Related<Entity>`
              `Entity` implements `Related<Entity>`
              `Entity` implements `Related<Entity>`
              `Entity` implements `Related<Entity>`
              `Entity` implements `Related<Entity>`
              `Entity` implements `Related<Entity>`
              `Entity` implements `Related<Entity>`
            and 415 others
note: required by a bound in `has_many`
   --> /home/bendo01/.cargo/registry/src/index.crates.io-1949cf8c6b5b557f/sea-orm-2.0.2/src/entity/base_entity.rs:123:26
    |
121 |     fn has_many<R>(_: R) -> RelationBuilder<Self, R>
    |        -------- required by a bound in this associated function
122 |     where
123 |         R: EntityTrait + Related<Self>,
    |                          ^^^^^^^^^^^^^ required by this bound in `EntityTrait::has_many`
    = note: the full name for the type has been written to '/home/bendo01/Projects/xsia_xarx/server/target/debug/deps/xsia_xarx-84a5e407a7f67ab6.long-type-4272414891348331962.txt'
    = note: consider using `--verbose` to print the full type name to the console
    = note: this error originates in the derive macro `DeriveRelation` which comes from the expansion of the derive macro `DeriveEntityModel` (in Nightly builds, run with -Z macro-backtrace for more info)

error[E0277]: the trait bound `Entity: Related<Entity>` is not satisfied
   --> src/models/feeder/master/dosen.rs:6:1
    |
  6 | #[sea_orm::model]
    | ^^^^^^^^^^^^^^^^^ unsatisfied trait bound
    |
help: the trait `sea_orm::Related<models::feeder::master::dosen::Entity>` is not implemented for `models::feeder::master::dosen_pembimbing::Entity`
   --> src/models/feeder/master/dosen_pembimbing.rs:7:39
    |
  7 | #[derive(Clone, Debug, PartialEq, Eq, DeriveEntityModel, Serialize, Des...
    |                                       ^^^^^^^^^^^^^^^^^
    = help: the following other types implement trait `sea_orm::Related<R>`:
              `Entity` implements `Related<Entity>`
              `Entity` implements `Related<Entity>`
              `Entity` implements `Related<Entity>`
              `Entity` implements `Related<Entity>`
              `Entity` implements `Related<Entity>`
              `Entity` implements `Related<Entity>`
              `Entity` implements `Related<Entity>`
              `Entity` implements `Related<Entity>`
            and 415 others
note: required by a bound in `has_many`
   --> /home/bendo01/.cargo/registry/src/index.crates.io-1949cf8c6b5b557f/sea-orm-2.0.2/src/entity/base_entity.rs:123:26
    |
121 |     fn has_many<R>(_: R) -> RelationBuilder<Self, R>
    |        -------- required by a bound in this associated function
122 |     where
123 |         R: EntityTrait + Related<Self>,
    |                          ^^^^^^^^^^^^^ required by this bound in `EntityTrait::has_many`
    = note: the full name for the type has been written to '/home/bendo01/Projects/xsia_xarx/server/target/debug/deps/xsia_xarx-84a5e407a7f67ab6.long-type-16705014149288661502.txt'
    = note: consider using `--verbose` to print the full type name to the console
    = note: this error originates in the derive macro `DeriveRelation` which comes from the expansion of the derive macro `DeriveEntityModel` (in Nightly builds, run with -Z macro-backtrace for more info)

error[E0277]: the trait bound `Entity: Related<Entity>` is not satisfied
   --> src/models/feeder/master/dosen.rs:6:1
    |
  6 | #[sea_orm::model]
    | ^^^^^^^^^^^^^^^^^ unsatisfied trait bound
    |
help: the trait `sea_orm::Related<models::feeder::master::dosen::Entity>` is not implemented for `Entity`
   --> src/models/feeder/master/dosen_pengajar_kelas_kuliah.rs:7:35
    |
  7 | #[derive(Clone, Debug, PartialEq, DeriveEntityModel, Serialize, Deseria...
    |                                   ^^^^^^^^^^^^^^^^^
    = help: the following other types implement trait `sea_orm::Related<R>`:
              `Entity` implements `Related<Entity>`
              `Entity` implements `Related<Entity>`
              `Entity` implements `Related<Entity>`
              `Entity` implements `Related<Entity>`
              `Entity` implements `Related<Entity>`
              `Entity` implements `Related<Entity>`
              `Entity` implements `Related<Entity>`
              `Entity` implements `Related<Entity>`
            and 415 others
note: required by a bound in `has_many`
   --> /home/bendo01/.cargo/registry/src/index.crates.io-1949cf8c6b5b557f/sea-orm-2.0.2/src/entity/base_entity.rs:123:26
    |
121 |     fn has_many<R>(_: R) -> RelationBuilder<Self, R>
    |        -------- required by a bound in this associated function
122 |     where
123 |         R: EntityTrait + Related<Self>,
    |                          ^^^^^^^^^^^^^ required by this bound in `EntityTrait::has_many`
    = note: the full name for the type has been written to '/home/bendo01/Projects/xsia_xarx/server/target/debug/deps/xsia_xarx-84a5e407a7f67ab6.long-type-10783299074705001273.txt'
    = note: consider using `--verbose` to print the full type name to the console
    = note: this error originates in the derive macro `DeriveRelation` which comes from the expansion of the derive macro `DeriveEntityModel` (in Nightly builds, run with -Z macro-backtrace for more info)

error[E0277]: the trait bound `Entity: Related<Entity>` is not satisfied
   --> src/models/feeder/master/dosen.rs:6:1
    |
  6 | #[sea_orm::model]
    | ^^^^^^^^^^^^^^^^^ unsatisfied trait bound
    |
help: the trait `sea_orm::Related<models::feeder::master::dosen::Entity>` is not implemented for `models::feeder::master::kelas_kuliah::Entity`
   --> src/models/feeder/master/kelas_kuliah.rs:7:35
    |
  7 | #[derive(Clone, Debug, PartialEq, DeriveEntityModel, Serialize, Deseria...
    |                                   ^^^^^^^^^^^^^^^^^
    = help: the following other types implement trait `sea_orm::Related<R>`:
              `Entity` implements `Related<Entity>`
              `Entity` implements `Related<Entity>`
              `Entity` implements `Related<Entity>`
              `Entity` implements `Related<Entity>`
              `Entity` implements `Related<Entity>`
              `Entity` implements `Related<Entity>`
              `Entity` implements `Related<Entity>`
              `Entity` implements `Related<Entity>`
            and 415 others
note: required by a bound in `has_many`
   --> /home/bendo01/.cargo/registry/src/index.crates.io-1949cf8c6b5b557f/sea-orm-2.0.2/src/entity/base_entity.rs:123:26
    |
121 |     fn has_many<R>(_: R) -> RelationBuilder<Self, R>
    |        -------- required by a bound in this associated function
122 |     where
123 |         R: EntityTrait + Related<Self>,
    |                          ^^^^^^^^^^^^^ required by this bound in `EntityTrait::has_many`
    = note: the full name for the type has been written to '/home/bendo01/Projects/xsia_xarx/server/target/debug/deps/xsia_xarx-84a5e407a7f67ab6.long-type-15674248444385583138.txt'
    = note: consider using `--verbose` to print the full type name to the console
    = note: this error originates in the derive macro `DeriveRelation` which comes from the expansion of the derive macro `DeriveEntityModel` (in Nightly builds, run with -Z macro-backtrace for more info)

error[E0277]: the trait bound `Entity: Related<Entity>` is not satisfied
   --> src/models/feeder/master/dosen.rs:6:1
    |
  6 | #[sea_orm::model]
    | ^^^^^^^^^^^^^^^^^ unsatisfied trait bound
    |
help: the trait `sea_orm::Related<models::feeder::master::dosen::Entity>` is not implemented for `Entity`
   --> src/models/feeder/master/mahasiswa_bimbingan_dosen.rs:7:39
    |
  7 | #[derive(Clone, Debug, PartialEq, Eq, DeriveEntityModel, Serialize, Des...
    |                                       ^^^^^^^^^^^^^^^^^
    = help: the following other types implement trait `sea_orm::Related<R>`:
              `Entity` implements `Related<Entity>`
              `Entity` implements `Related<Entity>`
              `Entity` implements `Related<Entity>`
              `Entity` implements `Related<Entity>`
              `Entity` implements `Related<Entity>`
              `Entity` implements `Related<Entity>`
              `Entity` implements `Related<Entity>`
              `Entity` implements `Related<Entity>`
            and 415 others
note: required by a bound in `has_many`
   --> /home/bendo01/.cargo/registry/src/index.crates.io-1949cf8c6b5b557f/sea-orm-2.0.2/src/entity/base_entity.rs:123:26
    |
121 |     fn has_many<R>(_: R) -> RelationBuilder<Self, R>
    |        -------- required by a bound in this associated function
122 |     where
123 |         R: EntityTrait + Related<Self>,
    |                          ^^^^^^^^^^^^^ required by this bound in `EntityTrait::has_many`
    = note: the full name for the type has been written to '/home/bendo01/Projects/xsia_xarx/server/target/debug/deps/xsia_xarx-84a5e407a7f67ab6.long-type-9997982796058488863.txt'
    = note: consider using `--verbose` to print the full type name to the console
    = note: this error originates in the derive macro `DeriveRelation` which comes from the expansion of the derive macro `DeriveEntityModel` (in Nightly builds, run with -Z macro-backtrace for more info)

error[E0277]: the trait bound `Entity: Related<Entity>` is not satisfied
   --> src/models/feeder/master/dosen.rs:6:1
    |
  6 | #[sea_orm::model]
    | ^^^^^^^^^^^^^^^^^ unsatisfied trait bound
    |
help: the trait `sea_orm::Related<models::feeder::master::dosen::Entity>` is not implemented for `Entity`
   --> src/models/feeder/master/mahasiswa_lulusan_dropout.rs:7:35
    |
  7 | #[derive(Clone, Debug, PartialEq, DeriveEntityModel, Serialize, Deseria...
    |                                   ^^^^^^^^^^^^^^^^^
    = help: the following other types implement trait `sea_orm::Related<R>`:
              `Entity` implements `Related<Entity>`
              `Entity` implements `Related<Entity>`
              `Entity` implements `Related<Entity>`
              `Entity` implements `Related<Entity>`
              `Entity` implements `Related<Entity>`
              `Entity` implements `Related<Entity>`
              `Entity` implements `Related<Entity>`
              `Entity` implements `Related<Entity>`
            and 415 others
note: required by a bound in `has_many`
   --> /home/bendo01/.cargo/registry/src/index.crates.io-1949cf8c6b5b557f/sea-orm-2.0.2/src/entity/base_entity.rs:123:26
    |
121 |     fn has_many<R>(_: R) -> RelationBuilder<Self, R>
    |        -------- required by a bound in this associated function
122 |     where
123 |         R: EntityTrait + Related<Self>,
    |                          ^^^^^^^^^^^^^ required by this bound in `EntityTrait::has_many`
    = note: the full name for the type has been written to '/home/bendo01/Projects/xsia_xarx/server/target/debug/deps/xsia_xarx-84a5e407a7f67ab6.long-type-4349855444420342760.txt'
    = note: consider using `--verbose` to print the full type name to the console
    = note: this error originates in the derive macro `DeriveRelation` which comes from the expansion of the derive macro `DeriveEntityModel` (in Nightly builds, run with -Z macro-backtrace for more info)

error[E0277]: the trait bound `Entity: Related<Entity>` is not satisfied
   --> src/models/feeder/master/dosen.rs:6:1
    |
  6 | #[sea_orm::model]
    | ^^^^^^^^^^^^^^^^^ unsatisfied trait bound
    |
help: the trait `sea_orm::Related<models::feeder::master::dosen::Entity>` is not implemented for `models::feeder::master::penugasan_dosen::Entity`
   --> src/models/feeder/master/penugasan_dosen.rs:7:39
    |
  7 | #[derive(Clone, Debug, PartialEq, Eq, DeriveEntityModel, Serialize, Des...
    |                                       ^^^^^^^^^^^^^^^^^
    = help: the following other types implement trait `sea_orm::Related<R>`:
              `Entity` implements `Related<Entity>`
              `Entity` implements `Related<Entity>`
              `Entity` implements `Related<Entity>`
              `Entity` implements `Related<Entity>`
              `Entity` implements `Related<Entity>`
              `Entity` implements `Related<Entity>`
              `Entity` implements `Related<Entity>`
              `Entity` implements `Related<Entity>`
            and 415 others
note: required by a bound in `has_many`
   --> /home/bendo01/.cargo/registry/src/index.crates.io-1949cf8c6b5b557f/sea-orm-2.0.2/src/entity/base_entity.rs:123:26
    |
121 |     fn has_many<R>(_: R) -> RelationBuilder<Self, R>
    |        -------- required by a bound in this associated function
122 |     where
123 |         R: EntityTrait + Related<Self>,
    |                          ^^^^^^^^^^^^^ required by this bound in `EntityTrait::has_many`
    = note: the full name for the type has been written to '/home/bendo01/Projects/xsia_xarx/server/target/debug/deps/xsia_xarx-84a5e407a7f67ab6.long-type-11364016002562390203.txt'
    = note: consider using `--verbose` to print the full type name to the console
    = note: this error originates in the derive macro `DeriveRelation` which comes from the expansion of the derive macro `DeriveEntityModel` (in Nightly builds, run with -Z macro-backtrace for more info)

error[E0277]: the trait bound `Entity: Related<Entity>` is not satisfied
   --> src/models/feeder/master/dosen.rs:6:1
    |
  6 | #[sea_orm::model]
    | ^^^^^^^^^^^^^^^^^ unsatisfied trait bound
    |
help: the trait `sea_orm::Related<models::feeder::master::dosen::Entity>` is not implemented for `Entity`
   --> src/models/feeder/master/riwayat_fungsional_dosen.rs:7:39
    |
  7 | #[derive(Clone, Debug, PartialEq, Eq, DeriveEntityModel, Serialize, Des...
    |                                       ^^^^^^^^^^^^^^^^^
    = help: the following other types implement trait `sea_orm::Related<R>`:
              `Entity` implements `Related<Entity>`
              `Entity` implements `Related<Entity>`
              `Entity` implements `Related<Entity>`
              `Entity` implements `Related<Entity>`
              `Entity` implements `Related<Entity>`
              `Entity` implements `Related<Entity>`
              `Entity` implements `Related<Entity>`
              `Entity` implements `Related<Entity>`
            and 415 others
note: required by a bound in `has_many`
   --> /home/bendo01/.cargo/registry/src/index.crates.io-1949cf8c6b5b557f/sea-orm-2.0.2/src/entity/base_entity.rs:123:26
    |
121 |     fn has_many<R>(_: R) -> RelationBuilder<Self, R>
    |        -------- required by a bound in this associated function
122 |     where
123 |         R: EntityTrait + Related<Self>,
    |                          ^^^^^^^^^^^^^ required by this bound in `EntityTrait::has_many`
    = note: the full name for the type has been written to '/home/bendo01/Projects/xsia_xarx/server/target/debug/deps/xsia_xarx-84a5e407a7f67ab6.long-type-6188623569284078410.txt'
    = note: consider using `--verbose` to print the full type name to the console
    = note: this error originates in the derive macro `DeriveRelation` which comes from the expansion of the derive macro `DeriveEntityModel` (in Nightly builds, run with -Z macro-backtrace for more info)

error[E0277]: the trait bound `Entity: Related<Entity>` is not satisfied
   --> src/models/feeder/master/dosen.rs:6:1
    |
  6 | #[sea_orm::model]
    | ^^^^^^^^^^^^^^^^^ unsatisfied trait bound
    |
help: the trait `sea_orm::Related<models::feeder::master::dosen::Entity>` is not implemented for `models::feeder::master::riwayat_pangkat_dosen::Entity`
   --> src/models/feeder/master/riwayat_pangkat_dosen.rs:7:39
    |
  7 | #[derive(Clone, Debug, PartialEq, Eq, DeriveEntityModel, Serialize, Des...
    |                                       ^^^^^^^^^^^^^^^^^
    = help: the following other types implement trait `sea_orm::Related<R>`:
              `Entity` implements `Related<Entity>`
              `Entity` implements `Related<Entity>`
              `Entity` implements `Related<Entity>`
              `Entity` implements `Related<Entity>`
              `Entity` implements `Related<Entity>`
              `Entity` implements `Related<Entity>`
              `Entity` implements `Related<Entity>`
              `Entity` implements `Related<Entity>`
            and 415 others
note: required by a bound in `has_many`
   --> /home/bendo01/.cargo/registry/src/index.crates.io-1949cf8c6b5b557f/sea-orm-2.0.2/src/entity/base_entity.rs:123:26
    |
121 |     fn has_many<R>(_: R) -> RelationBuilder<Self, R>
    |        -------- required by a bound in this associated function
122 |     where
123 |         R: EntityTrait + Related<Self>,
    |                          ^^^^^^^^^^^^^ required by this bound in `EntityTrait::has_many`
    = note: the full name for the type has been written to '/home/bendo01/Projects/xsia_xarx/server/target/debug/deps/xsia_xarx-84a5e407a7f67ab6.long-type-7665746317361974483.txt'
    = note: consider using `--verbose` to print the full type name to the console
    = note: this error originates in the derive macro `DeriveRelation` which comes from the expansion of the derive macro `DeriveEntityModel` (in Nightly builds, run with -Z macro-backtrace for more info)

error[E0277]: the trait bound `Entity: Related<Entity>` is not satisfied
   --> src/models/feeder/master/dosen.rs:6:1
    |
  6 | #[sea_orm::model]
    | ^^^^^^^^^^^^^^^^^ unsatisfied trait bound
    |
help: the trait `sea_orm::Related<models::feeder::master::dosen::Entity>` is not implemented for `Entity`
   --> src/models/feeder/master/riwayat_pendidikan_dosen.rs:7:35
    |
  7 | #[derive(Clone, Debug, PartialEq, DeriveEntityModel, Serialize, Deseria...
    |                                   ^^^^^^^^^^^^^^^^^
    = help: the following other types implement trait `sea_orm::Related<R>`:
              `Entity` implements `Related<Entity>`
              `Entity` implements `Related<Entity>`
              `Entity` implements `Related<Entity>`
              `Entity` implements `Related<Entity>`
              `Entity` implements `Related<Entity>`
              `Entity` implements `Related<Entity>`
              `Entity` implements `Related<Entity>`
              `Entity` implements `Related<Entity>`
            and 415 others
note: required by a bound in `has_many`
   --> /home/bendo01/.cargo/registry/src/index.crates.io-1949cf8c6b5b557f/sea-orm-2.0.2/src/entity/base_entity.rs:123:26
    |
121 |     fn has_many<R>(_: R) -> RelationBuilder<Self, R>
    |        -------- required by a bound in this associated function
122 |     where
123 |         R: EntityTrait + Related<Self>,
    |                          ^^^^^^^^^^^^^ required by this bound in `EntityTrait::has_many`
    = note: the full name for the type has been written to '/home/bendo01/Projects/xsia_xarx/server/target/debug/deps/xsia_xarx-84a5e407a7f67ab6.long-type-17415172266194113017.txt'
    = note: consider using `--verbose` to print the full type name to the console
    = note: this error originates in the derive macro `DeriveRelation` which comes from the expansion of the derive macro `DeriveEntityModel` (in Nightly builds, run with -Z macro-backtrace for more info)

error[E0277]: the trait bound `Entity: Related<Entity>` is not satisfied
   --> src/models/feeder/master/dosen.rs:6:1
    |
  6 | #[sea_orm::model]
    | ^^^^^^^^^^^^^^^^^ unsatisfied trait bound
    |
help: the trait `sea_orm::Related<models::feeder::master::dosen::Entity>` is not implemented for `Entity`
   --> src/models/feeder/master/riwayat_penelitian_dosen.rs:7:39
    |
  7 | #[derive(Clone, Debug, PartialEq, Eq, DeriveEntityModel, Serialize, Des...
    |                                       ^^^^^^^^^^^^^^^^^
    = help: the following other types implement trait `sea_orm::Related<R>`:
              `Entity` implements `Related<Entity>`
              `Entity` implements `Related<Entity>`
              `Entity` implements `Related<Entity>`
              `Entity` implements `Related<Entity>`
              `Entity` implements `Related<Entity>`
              `Entity` implements `Related<Entity>`
              `Entity` implements `Related<Entity>`
              `Entity` implements `Related<Entity>`
            and 415 others
note: required by a bound in `has_many`
   --> /home/bendo01/.cargo/registry/src/index.crates.io-1949cf8c6b5b557f/sea-orm-2.0.2/src/entity/base_entity.rs:123:26
    |
121 |     fn has_many<R>(_: R) -> RelationBuilder<Self, R>
    |        -------- required by a bound in this associated function
122 |     where
123 |         R: EntityTrait + Related<Self>,
    |                          ^^^^^^^^^^^^^ required by this bound in `EntityTrait::has_many`
    = note: the full name for the type has been written to '/home/bendo01/Projects/xsia_xarx/server/target/debug/deps/xsia_xarx-84a5e407a7f67ab6.long-type-18278144700765779328.txt'
    = note: consider using `--verbose` to print the full type name to the console
    = note: this error originates in the derive macro `DeriveRelation` which comes from the expansion of the derive macro `DeriveEntityModel` (in Nightly builds, run with -Z macro-backtrace for more info)

error[E0277]: the trait bound `Entity: Related<Entity>` is not satisfied
   --> src/models/feeder/master/dosen.rs:6:1
    |
  6 | #[sea_orm::model]
    | ^^^^^^^^^^^^^^^^^ unsatisfied trait bound
    |
help: the trait `sea_orm::Related<models::feeder::master::dosen::Entity>` is not implemented for `Entity`
   --> src/models/feeder/master/riwayat_sertifikasi_dosen.rs:7:39
    |
  7 | #[derive(Clone, Debug, PartialEq, Eq, DeriveEntityModel, Serialize, Des...
    |                                       ^^^^^^^^^^^^^^^^^
    = help: the following other types implement trait `sea_orm::Related<R>`:
              `Entity` implements `Related<Entity>`
              `Entity` implements `Related<Entity>`
              `Entity` implements `Related<Entity>`
              `Entity` implements `Related<Entity>`
              `Entity` implements `Related<Entity>`
              `Entity` implements `Related<Entity>`
              `Entity` implements `Related<Entity>`
              `Entity` implements `Related<Entity>`
            and 415 others
note: required by a bound in `has_many`
   --> /home/bendo01/.cargo/registry/src/index.crates.io-1949cf8c6b5b557f/sea-orm-2.0.2/src/entity/base_entity.rs:123:26
    |
121 |     fn has_many<R>(_: R) -> RelationBuilder<Self, R>
    |        -------- required by a bound in this associated function
122 |     where
123 |         R: EntityTrait + Related<Self>,
    |                          ^^^^^^^^^^^^^ required by this bound in `EntityTrait::has_many`
    = note: the full name for the type has been written to '/home/bendo01/Projects/xsia_xarx/server/target/debug/deps/xsia_xarx-84a5e407a7f67ab6.long-type-13471608694907231829.txt'
    = note: consider using `--verbose` to print the full type name to the console
    = note: this error originates in the derive macro `DeriveRelation` which comes from the expansion of the derive macro `DeriveEntityModel` (in Nightly builds, run with -Z macro-backtrace for more info)

error[E0277]: the trait bound `Entity: Related<Entity>` is not satisfied
   --> src/models/feeder/master/dosen.rs:6:1
    |
  6 | #[sea_orm::model]
    | ^^^^^^^^^^^^^^^^^ unsatisfied trait bound
    |
help: the trait `sea_orm::Related<models::feeder::master::dosen::Entity>` is not implemented for `models::feeder::master::uji_mahasiswa::Entity`
   --> src/models/feeder/master/uji_mahasiswa.rs:7:39
    |
  7 | #[derive(Clone, Debug, PartialEq, Eq, DeriveEntityModel, Serialize, Des...
    |                                       ^^^^^^^^^^^^^^^^^
    = help: the following other types implement trait `sea_orm::Related<R>`:
              `Entity` implements `Related<Entity>`
              `Entity` implements `Related<Entity>`
              `Entity` implements `Related<Entity>`
              `Entity` implements `Related<Entity>`
              `Entity` implements `Related<Entity>`
              `Entity` implements `Related<Entity>`
              `Entity` implements `Related<Entity>`
              `Entity` implements `Related<Entity>`
            and 415 others
note: required by a bound in `has_many`
   --> /home/bendo01/.cargo/registry/src/index.crates.io-1949cf8c6b5b557f/sea-orm-2.0.2/src/entity/base_entity.rs:123:26
    |
121 |     fn has_many<R>(_: R) -> RelationBuilder<Self, R>
    |        -------- required by a bound in this associated function
122 |     where
123 |         R: EntityTrait + Related<Self>,
    |                          ^^^^^^^^^^^^^ required by this bound in `EntityTrait::has_many`
    = note: the full name for the type has been written to '/home/bendo01/Projects/xsia_xarx/server/target/debug/deps/xsia_xarx-84a5e407a7f67ab6.long-type-17082939974026880206.txt'
    = note: consider using `--verbose` to print the full type name to the console
    = note: this error originates in the derive macro `DeriveRelation` which comes from the expansion of the derive macro `DeriveEntityModel` (in Nightly builds, run with -Z macro-backtrace for more info)

error[E0277]: the trait bound `Entity: Related<Entity>` is not satisfied
   --> src/models/feeder/master/kelas_kuliah.rs:6:1
    |
  6 | #[sea_orm::model]
    | ^^^^^^^^^^^^^^^^^ unsatisfied trait bound
    |
help: the trait `sea_orm::Related<models::feeder::master::kelas_kuliah::Entity>` is not implemented for `Entity`
   --> src/models/feeder/master/detail_nilai_perkuliahan_kelas.rs:7:35
    |
  7 | #[derive(Clone, Debug, PartialEq, DeriveEntityModel, Serialize, Deseria...
    |                                   ^^^^^^^^^^^^^^^^^
    = help: the following other types implement trait `sea_orm::Related<R>`:
              `Entity` implements `Related<Entity>`
              `Entity` implements `Related<Entity>`
              `Entity` implements `Related<Entity>`
              `Entity` implements `Related<Entity>`
              `Entity` implements `Related<Entity>`
              `Entity` implements `Related<Entity>`
              `Entity` implements `Related<Entity>`
              `Entity` implements `Related<Entity>`
            and 415 others
note: required by a bound in `has_many`
   --> /home/bendo01/.cargo/registry/src/index.crates.io-1949cf8c6b5b557f/sea-orm-2.0.2/src/entity/base_entity.rs:123:26
    |
121 |     fn has_many<R>(_: R) -> RelationBuilder<Self, R>
    |        -------- required by a bound in this associated function
122 |     where
123 |         R: EntityTrait + Related<Self>,
    |                          ^^^^^^^^^^^^^ required by this bound in `EntityTrait::has_many`
    = note: the full name for the type has been written to '/home/bendo01/Projects/xsia_xarx/server/target/debug/deps/xsia_xarx-84a5e407a7f67ab6.long-type-7598793579306918921.txt'
    = note: consider using `--verbose` to print the full type name to the console
    = note: this error originates in the derive macro `DeriveRelation` which comes from the expansion of the derive macro `DeriveEntityModel` (in Nightly builds, run with -Z macro-backtrace for more info)

error[E0277]: the trait bound `Entity: Related<Entity>` is not satisfied
   --> src/models/feeder/master/kelas_kuliah.rs:6:1
    |
  6 | #[sea_orm::model]
    | ^^^^^^^^^^^^^^^^^ unsatisfied trait bound
    |
help: the trait `sea_orm::Related<models::feeder::master::kelas_kuliah::Entity>` is not implemented for `Entity`
   --> src/models/feeder/master/dosen_pengajar_kelas_kuliah.rs:7:35
    |
  7 | #[derive(Clone, Debug, PartialEq, DeriveEntityModel, Serialize, Deseria...
    |                                   ^^^^^^^^^^^^^^^^^
    = help: the following other types implement trait `sea_orm::Related<R>`:
              `Entity` implements `Related<Entity>`
              `Entity` implements `Related<Entity>`
              `Entity` implements `Related<Entity>`
              `Entity` implements `Related<Entity>`
              `Entity` implements `Related<Entity>`
              `Entity` implements `Related<Entity>`
              `Entity` implements `Related<Entity>`
              `Entity` implements `Related<Entity>`
            and 415 others
note: required by a bound in `has_many`
   --> /home/bendo01/.cargo/registry/src/index.crates.io-1949cf8c6b5b557f/sea-orm-2.0.2/src/entity/base_entity.rs:123:26
    |
121 |     fn has_many<R>(_: R) -> RelationBuilder<Self, R>
    |        -------- required by a bound in this associated function
122 |     where
123 |         R: EntityTrait + Related<Self>,
    |                          ^^^^^^^^^^^^^ required by this bound in `EntityTrait::has_many`
    = note: the full name for the type has been written to '/home/bendo01/Projects/xsia_xarx/server/target/debug/deps/xsia_xarx-84a5e407a7f67ab6.long-type-10783299074705001273.txt'
    = note: consider using `--verbose` to print the full type name to the console
    = note: this error originates in the derive macro `DeriveRelation` which comes from the expansion of the derive macro `DeriveEntityModel` (in Nightly builds, run with -Z macro-backtrace for more info)

error[E0277]: the trait bound `Entity: Related<Entity>` is not satisfied
   --> src/models/feeder/master/kelas_kuliah.rs:6:1
    |
  6 | #[sea_orm::model]
    | ^^^^^^^^^^^^^^^^^ unsatisfied trait bound
    |
help: the trait `sea_orm::Related<models::feeder::master::kelas_kuliah::Entity>` is not implemented for `Entity`
   --> src/models/feeder/master/komponen_evaluasi_kelas.rs:7:39
    |
  7 | #[derive(Clone, Debug, PartialEq, Eq, DeriveEntityModel, Serialize, Des...
    |                                       ^^^^^^^^^^^^^^^^^
    = help: the following other types implement trait `sea_orm::Related<R>`:
              `Entity` implements `Related<Entity>`
              `Entity` implements `Related<Entity>`
              `Entity` implements `Related<Entity>`
              `Entity` implements `Related<Entity>`
              `Entity` implements `Related<Entity>`
              `Entity` implements `Related<Entity>`
              `Entity` implements `Related<Entity>`
              `Entity` implements `Related<Entity>`
            and 415 others
note: required by a bound in `has_many`
   --> /home/bendo01/.cargo/registry/src/index.crates.io-1949cf8c6b5b557f/sea-orm-2.0.2/src/entity/base_entity.rs:123:26
    |
121 |     fn has_many<R>(_: R) -> RelationBuilder<Self, R>
    |        -------- required by a bound in this associated function
122 |     where
123 |         R: EntityTrait + Related<Self>,
    |                          ^^^^^^^^^^^^^ required by this bound in `EntityTrait::has_many`
    = note: the full name for the type has been written to '/home/bendo01/Projects/xsia_xarx/server/target/debug/deps/xsia_xarx-84a5e407a7f67ab6.long-type-7371511244923572687.txt'
    = note: consider using `--verbose` to print the full type name to the console
    = note: this error originates in the derive macro `DeriveRelation` which comes from the expansion of the derive macro `DeriveEntityModel` (in Nightly builds, run with -Z macro-backtrace for more info)

error[E0277]: the trait bound `Entity: Related<Entity>` is not satisfied
   --> src/models/feeder/master/kelas_kuliah.rs:6:1
    |
  6 | #[sea_orm::model]
    | ^^^^^^^^^^^^^^^^^ unsatisfied trait bound
    |
help: the trait `sea_orm::Related<models::feeder::master::kelas_kuliah::Entity>` is not implemented for `Entity`
   --> src/models/feeder/master/nilai_perkuliahan_kelas.rs:7:35
    |
  7 | #[derive(Clone, Debug, PartialEq, DeriveEntityModel, Serialize, Deseria...
    |                                   ^^^^^^^^^^^^^^^^^
    = help: the following other types implement trait `sea_orm::Related<R>`:
              `Entity` implements `Related<Entity>`
              `Entity` implements `Related<Entity>`
              `Entity` implements `Related<Entity>`
              `Entity` implements `Related<Entity>`
              `Entity` implements `Related<Entity>`
              `Entity` implements `Related<Entity>`
              `Entity` implements `Related<Entity>`
              `Entity` implements `Related<Entity>`
            and 415 others
note: required by a bound in `has_many`
   --> /home/bendo01/.cargo/registry/src/index.crates.io-1949cf8c6b5b557f/sea-orm-2.0.2/src/entity/base_entity.rs:123:26
    |
121 |     fn has_many<R>(_: R) -> RelationBuilder<Self, R>
    |        -------- required by a bound in this associated function
122 |     where
123 |         R: EntityTrait + Related<Self>,
    |                          ^^^^^^^^^^^^^ required by this bound in `EntityTrait::has_many`
    = note: the full name for the type has been written to '/home/bendo01/Projects/xsia_xarx/server/target/debug/deps/xsia_xarx-84a5e407a7f67ab6.long-type-8719729716624914471.txt'
    = note: consider using `--verbose` to print the full type name to the console
    = note: this error originates in the derive macro `DeriveRelation` which comes from the expansion of the derive macro `DeriveEntityModel` (in Nightly builds, run with -Z macro-backtrace for more info)

error[E0277]: the trait bound `Entity: Related<Entity>` is not satisfied
   --> src/models/feeder/master/kelas_kuliah.rs:6:1
    |
  6 | #[sea_orm::model]
    | ^^^^^^^^^^^^^^^^^ unsatisfied trait bound
    |
help: the trait `sea_orm::Related<models::feeder::master::kelas_kuliah::Entity>` is not implemented for `models::feeder::master::peserta_kelas_kuliah::Entity`
   --> src/models/feeder/master/peserta_kelas_kuliah.rs:7:39
    |
  7 | #[derive(Clone, Debug, PartialEq, Eq, DeriveEntityModel, Serialize, Des...
    |                                       ^^^^^^^^^^^^^^^^^
    = help: the following other types implement trait `sea_orm::Related<R>`:
              `Entity` implements `Related<Entity>`
              `Entity` implements `Related<Entity>`
              `Entity` implements `Related<Entity>`
              `Entity` implements `Related<Entity>`
              `Entity` implements `Related<Entity>`
              `Entity` implements `Related<Entity>`
              `Entity` implements `Related<Entity>`
              `Entity` implements `Related<Entity>`
            and 415 others
note: required by a bound in `has_many`
   --> /home/bendo01/.cargo/registry/src/index.crates.io-1949cf8c6b5b557f/sea-orm-2.0.2/src/entity/base_entity.rs:123:26
    |
121 |     fn has_many<R>(_: R) -> RelationBuilder<Self, R>
    |        -------- required by a bound in this associated function
122 |     where
123 |         R: EntityTrait + Related<Self>,
    |                          ^^^^^^^^^^^^^ required by this bound in `EntityTrait::has_many`
    = note: the full name for the type has been written to '/home/bendo01/Projects/xsia_xarx/server/target/debug/deps/xsia_xarx-84a5e407a7f67ab6.long-type-1363014392856434371.txt'
    = note: consider using `--verbose` to print the full type name to the console
    = note: this error originates in the derive macro `DeriveRelation` which comes from the expansion of the derive macro `DeriveEntityModel` (in Nightly builds, run with -Z macro-backtrace for more info)

error[E0277]: the trait bound `Entity: Related<Entity>` is not satisfied
   --> src/models/feeder/master/kelas_kuliah.rs:6:1
    |
  6 | #[sea_orm::model]
    | ^^^^^^^^^^^^^^^^^ unsatisfied trait bound
    |
help: the trait `sea_orm::Related<models::feeder::master::kelas_kuliah::Entity>` is not implemented for `models::feeder::master::transkrip_mahasiswa::Entity`
   --> src/models/feeder/master/transkrip_mahasiswa.rs:7:35
    |
  7 | #[derive(Clone, Debug, PartialEq, DeriveEntityModel, Serialize, Deseria...
    |                                   ^^^^^^^^^^^^^^^^^
    = help: the following other types implement trait `sea_orm::Related<R>`:
              `Entity` implements `Related<Entity>`
              `Entity` implements `Related<Entity>`
              `Entity` implements `Related<Entity>`
              `Entity` implements `Related<Entity>`
              `Entity` implements `Related<Entity>`
              `Entity` implements `Related<Entity>`
              `Entity` implements `Related<Entity>`
              `Entity` implements `Related<Entity>`
            and 415 others
note: required by a bound in `has_many`
   --> /home/bendo01/.cargo/registry/src/index.crates.io-1949cf8c6b5b557f/sea-orm-2.0.2/src/entity/base_entity.rs:123:26
    |
121 |     fn has_many<R>(_: R) -> RelationBuilder<Self, R>
    |        -------- required by a bound in this associated function
122 |     where
123 |         R: EntityTrait + Related<Self>,
    |                          ^^^^^^^^^^^^^ required by this bound in `EntityTrait::has_many`
    = note: the full name for the type has been written to '/home/bendo01/Projects/xsia_xarx/server/target/debug/deps/xsia_xarx-84a5e407a7f67ab6.long-type-11931168051979664294.txt'
    = note: consider using `--verbose` to print the full type name to the console
    = note: this error originates in the derive macro `DeriveRelation` which comes from the expansion of the derive macro `DeriveEntityModel` (in Nightly builds, run with -Z macro-backtrace for more info)

error[E0277]: the trait bound `Entity: Related<Entity>` is not satisfied
   --> src/models/feeder/master/kurikulum.rs:6:1
    |
  6 | #[sea_orm::model]
    | ^^^^^^^^^^^^^^^^^ unsatisfied trait bound
    |
help: the trait `Related<models::feeder::master::kurikulum::Entity>` is not implemented for `models::feeder::master::matakuliah_kurikulum::Entity`
      but trait `Related<models::feeder::referensi::semester::Entity>` is implemented for it
   --> src/models/feeder/master/matakuliah_kurikulum.rs:6:1
    |
  6 | #[sea_orm::model]
    | ^^^^^^^^^^^^^^^^^
    = help: for that trait implementation, expected `models::feeder::referensi::semester::Entity`, found `models::feeder::master::kurikulum::Entity`
note: required by a bound in `has_many`
   --> /home/bendo01/.cargo/registry/src/index.crates.io-1949cf8c6b5b557f/sea-orm-2.0.2/src/entity/base_entity.rs:123:26
    |
121 |     fn has_many<R>(_: R) -> RelationBuilder<Self, R>
    |        -------- required by a bound in this associated function
122 |     where
123 |         R: EntityTrait + Related<Self>,
    |                          ^^^^^^^^^^^^^ required by this bound in `EntityTrait::has_many`
    = note: the full name for the type has been written to '/home/bendo01/Projects/xsia_xarx/server/target/debug/deps/xsia_xarx-84a5e407a7f67ab6.long-type-4868783763134811358.txt'
    = note: consider using `--verbose` to print the full type name to the console
    = note: this error originates in the derive macro `DeriveRelation` which comes from the expansion of the derive macro `DeriveModelEx` (in Nightly builds, run with -Z macro-backtrace for more info)

error[E0277]: the trait bound `Entity: Related<Entity>` is not satisfied
   --> src/models/feeder/master/mahasiswa.rs:6:1
    |
  6 | #[sea_orm::model]
    | ^^^^^^^^^^^^^^^^^ unsatisfied trait bound
    |
help: the trait `sea_orm::Related<models::feeder::master::mahasiswa::Entity>` is not implemented for `Entity`
   --> src/models/feeder/master/aktifitas_kuliah_mahasiswa.rs:7:35
    |
  7 | #[derive(Clone, Debug, PartialEq, DeriveEntityModel, Serialize, Deseria...
    |                                   ^^^^^^^^^^^^^^^^^
    = help: the following other types implement trait `sea_orm::Related<R>`:
              `Entity` implements `Related<Entity>`
              `Entity` implements `Related<Entity>`
              `Entity` implements `Related<Entity>`
              `Entity` implements `Related<Entity>`
              `Entity` implements `Related<Entity>`
              `Entity` implements `Related<Entity>`
              `Entity` implements `Related<Entity>`
              `Entity` implements `Related<Entity>`
            and 415 others
note: required by a bound in `has_many`
   --> /home/bendo01/.cargo/registry/src/index.crates.io-1949cf8c6b5b557f/sea-orm-2.0.2/src/entity/base_entity.rs:123:26
    |
121 |     fn has_many<R>(_: R) -> RelationBuilder<Self, R>
    |        -------- required by a bound in this associated function
122 |     where
123 |         R: EntityTrait + Related<Self>,
    |                          ^^^^^^^^^^^^^ required by this bound in `EntityTrait::has_many`
    = note: the full name for the type has been written to '/home/bendo01/Projects/xsia_xarx/server/target/debug/deps/xsia_xarx-84a5e407a7f67ab6.long-type-11074537961827342644.txt'
    = note: consider using `--verbose` to print the full type name to the console
    = note: this error originates in the derive macro `DeriveRelation` which comes from the expansion of the derive macro `DeriveEntityModel` (in Nightly builds, run with -Z macro-backtrace for more info)

error[E0277]: the trait bound `Entity: Related<Entity>` is not satisfied
   --> src/models/feeder/master/mahasiswa.rs:6:1
    |
  6 | #[sea_orm::model]
    | ^^^^^^^^^^^^^^^^^ unsatisfied trait bound
    |
help: the trait `sea_orm::Related<models::feeder::master::mahasiswa::Entity>` is not implemented for `models::feeder::master::biodata_mahasiswa::Entity`
   --> src/models/feeder/master/biodata_mahasiswa.rs:7:39
    |
  7 | #[derive(Clone, Debug, PartialEq, Eq, DeriveEntityModel, Serialize, Des...
    |                                       ^^^^^^^^^^^^^^^^^
    = help: the following other types implement trait `sea_orm::Related<R>`:
              `Entity` implements `Related<Entity>`
              `Entity` implements `Related<Entity>`
              `Entity` implements `Related<Entity>`
              `Entity` implements `Related<Entity>`
              `Entity` implements `Related<Entity>`
              `Entity` implements `Related<Entity>`
              `Entity` implements `Related<Entity>`
              `Entity` implements `Related<Entity>`
            and 415 others
note: required by a bound in `has_many`
   --> /home/bendo01/.cargo/registry/src/index.crates.io-1949cf8c6b5b557f/sea-orm-2.0.2/src/entity/base_entity.rs:123:26
    |
121 |     fn has_many<R>(_: R) -> RelationBuilder<Self, R>
    |        -------- required by a bound in this associated function
122 |     where
123 |         R: EntityTrait + Related<Self>,
    |                          ^^^^^^^^^^^^^ required by this bound in `EntityTrait::has_many`
    = note: the full name for the type has been written to '/home/bendo01/Projects/xsia_xarx/server/target/debug/deps/xsia_xarx-84a5e407a7f67ab6.long-type-3173784906567637821.txt'
    = note: consider using `--verbose` to print the full type name to the console
    = note: this error originates in the derive macro `DeriveRelation` which comes from the expansion of the derive macro `DeriveEntityModel` (in Nightly builds, run with -Z macro-backtrace for more info)

error[E0277]: the trait bound `Entity: Related<Entity>` is not satisfied
   --> src/models/feeder/master/mahasiswa.rs:6:1
    |
  6 | #[sea_orm::model]
    | ^^^^^^^^^^^^^^^^^ unsatisfied trait bound
    |
help: the trait `sea_orm::Related<models::feeder::master::mahasiswa::Entity>` is not implemented for `Entity`
   --> src/models/feeder/master/detail_nilai_perkuliahan_kelas.rs:7:35
    |
  7 | #[derive(Clone, Debug, PartialEq, DeriveEntityModel, Serialize, Deseria...
    |                                   ^^^^^^^^^^^^^^^^^
    = help: the following other types implement trait `sea_orm::Related<R>`:
              `Entity` implements `Related<Entity>`
              `Entity` implements `Related<Entity>`
              `Entity` implements `Related<Entity>`
              `Entity` implements `Related<Entity>`
              `Entity` implements `Related<Entity>`
              `Entity` implements `Related<Entity>`
              `Entity` implements `Related<Entity>`
              `Entity` implements `Related<Entity>`
            and 415 others
note: required by a bound in `has_many`
   --> /home/bendo01/.cargo/registry/src/index.crates.io-1949cf8c6b5b557f/sea-orm-2.0.2/src/entity/base_entity.rs:123:26
    |
121 |     fn has_many<R>(_: R) -> RelationBuilder<Self, R>
    |        -------- required by a bound in this associated function
122 |     where
123 |         R: EntityTrait + Related<Self>,
    |                          ^^^^^^^^^^^^^ required by this bound in `EntityTrait::has_many`
    = note: the full name for the type has been written to '/home/bendo01/Projects/xsia_xarx/server/target/debug/deps/xsia_xarx-84a5e407a7f67ab6.long-type-7598793579306918921.txt'
    = note: consider using `--verbose` to print the full type name to the console
    = note: this error originates in the derive macro `DeriveRelation` which comes from the expansion of the derive macro `DeriveEntityModel` (in Nightly builds, run with -Z macro-backtrace for more info)

error[E0277]: the trait bound `Entity: Related<Entity>` is not satisfied
   --> src/models/feeder/master/mahasiswa.rs:6:1
    |
  6 | #[sea_orm::model]
    | ^^^^^^^^^^^^^^^^^ unsatisfied trait bound
    |
help: the trait `sea_orm::Related<models::feeder::master::mahasiswa::Entity>` is not implemented for `Entity`
   --> src/models/feeder/master/mahasiswa_lulusan_dropout.rs:7:35
    |
  7 | #[derive(Clone, Debug, PartialEq, DeriveEntityModel, Serialize, Deseria...
    |                                   ^^^^^^^^^^^^^^^^^
    = help: the following other types implement trait `sea_orm::Related<R>`:
              `Entity` implements `Related<Entity>`
              `Entity` implements `Related<Entity>`
              `Entity` implements `Related<Entity>`
              `Entity` implements `Related<Entity>`
              `Entity` implements `Related<Entity>`
              `Entity` implements `Related<Entity>`
              `Entity` implements `Related<Entity>`
              `Entity` implements `Related<Entity>`
            and 415 others
note: required by a bound in `has_many`
   --> /home/bendo01/.cargo/registry/src/index.crates.io-1949cf8c6b5b557f/sea-orm-2.0.2/src/entity/base_entity.rs:123:26
    |
121 |     fn has_many<R>(_: R) -> RelationBuilder<Self, R>
    |        -------- required by a bound in this associated function
122 |     where
123 |         R: EntityTrait + Related<Self>,
    |                          ^^^^^^^^^^^^^ required by this bound in `EntityTrait::has_many`
    = note: the full name for the type has been written to '/home/bendo01/Projects/xsia_xarx/server/target/debug/deps/xsia_xarx-84a5e407a7f67ab6.long-type-4349855444420342760.txt'
    = note: consider using `--verbose` to print the full type name to the console
    = note: this error originates in the derive macro `DeriveRelation` which comes from the expansion of the derive macro `DeriveEntityModel` (in Nightly builds, run with -Z macro-backtrace for more info)

error[E0277]: the trait bound `Entity: Related<Entity>` is not satisfied
   --> src/models/feeder/master/mahasiswa.rs:6:1
    |
  6 | #[sea_orm::model]
    | ^^^^^^^^^^^^^^^^^ unsatisfied trait bound
    |
help: the trait `sea_orm::Related<models::feeder::master::mahasiswa::Entity>` is not implemented for `models::feeder::master::peserta_kelas_kuliah::Entity`
   --> src/models/feeder/master/peserta_kelas_kuliah.rs:7:39
    |
  7 | #[derive(Clone, Debug, PartialEq, Eq, DeriveEntityModel, Serialize, Des...
    |                                       ^^^^^^^^^^^^^^^^^
    = help: the following other types implement trait `sea_orm::Related<R>`:
              `Entity` implements `Related<Entity>`
              `Entity` implements `Related<Entity>`
              `Entity` implements `Related<Entity>`
              `Entity` implements `Related<Entity>`
              `Entity` implements `Related<Entity>`
              `Entity` implements `Related<Entity>`
              `Entity` implements `Related<Entity>`
              `Entity` implements `Related<Entity>`
            and 415 others
note: required by a bound in `has_many`
   --> /home/bendo01/.cargo/registry/src/index.crates.io-1949cf8c6b5b557f/sea-orm-2.0.2/src/entity/base_entity.rs:123:26
    |
121 |     fn has_many<R>(_: R) -> RelationBuilder<Self, R>
    |        -------- required by a bound in this associated function
122 |     where
123 |         R: EntityTrait + Related<Self>,
    |                          ^^^^^^^^^^^^^ required by this bound in `EntityTrait::has_many`
    = note: the full name for the type has been written to '/home/bendo01/Projects/xsia_xarx/server/target/debug/deps/xsia_xarx-84a5e407a7f67ab6.long-type-10137035590910783892.txt'
    = note: consider using `--verbose` to print the full type name to the console
    = note: this error originates in the derive macro `DeriveRelation` which comes from the expansion of the derive macro `DeriveEntityModel` (in Nightly builds, run with -Z macro-backtrace for more info)

error[E0277]: the trait bound `Entity: Related<Entity>` is not satisfied
   --> src/models/feeder/master/mahasiswa.rs:6:1
    |
  6 | #[sea_orm::model]
    | ^^^^^^^^^^^^^^^^^ unsatisfied trait bound
    |
help: the trait `sea_orm::Related<models::feeder::master::mahasiswa::Entity>` is not implemented for `models::feeder::master::prestasi_mahasiswa::Entity`
   --> src/models/feeder/master/prestasi_mahasiswa.rs:7:39
    |
  7 | #[derive(Clone, Debug, PartialEq, Eq, DeriveEntityModel, Serialize, Des...
    |                                       ^^^^^^^^^^^^^^^^^
    = help: the following other types implement trait `sea_orm::Related<R>`:
              `Entity` implements `Related<Entity>`
              `Entity` implements `Related<Entity>`
              `Entity` implements `Related<Entity>`
              `Entity` implements `Related<Entity>`
              `Entity` implements `Related<Entity>`
              `Entity` implements `Related<Entity>`
              `Entity` implements `Related<Entity>`
              `Entity` implements `Related<Entity>`
            and 415 others
note: required by a bound in `has_many`
   --> /home/bendo01/.cargo/registry/src/index.crates.io-1949cf8c6b5b557f/sea-orm-2.0.2/src/entity/base_entity.rs:123:26
    |
121 |     fn has_many<R>(_: R) -> RelationBuilder<Self, R>
    |        -------- required by a bound in this associated function
122 |     where
123 |         R: EntityTrait + Related<Self>,
    |                          ^^^^^^^^^^^^^ required by this bound in `EntityTrait::has_many`
    = note: the full name for the type has been written to '/home/bendo01/Projects/xsia_xarx/server/target/debug/deps/xsia_xarx-84a5e407a7f67ab6.long-type-17178726304955474614.txt'
    = note: consider using `--verbose` to print the full type name to the console
    = note: this error originates in the derive macro `DeriveRelation` which comes from the expansion of the derive macro `DeriveEntityModel` (in Nightly builds, run with -Z macro-backtrace for more info)

error[E0277]: the trait bound `Entity: Related<Entity>` is not satisfied
   --> src/models/feeder/master/mahasiswa.rs:6:1
    |
  6 | #[sea_orm::model]
    | ^^^^^^^^^^^^^^^^^ unsatisfied trait bound
    |
help: the trait `sea_orm::Related<models::feeder::master::mahasiswa::Entity>` is not implemented for `Entity`
   --> src/models/feeder/master/riwayat_pendidikan_mahasiswa.rs:7:35
    |
  7 | #[derive(Clone, Debug, PartialEq, DeriveEntityModel, Serialize, Deseria...
    |                                   ^^^^^^^^^^^^^^^^^
    = help: the following other types implement trait `sea_orm::Related<R>`:
              `Entity` implements `Related<Entity>`
              `Entity` implements `Related<Entity>`
              `Entity` implements `Related<Entity>`
              `Entity` implements `Related<Entity>`
              `Entity` implements `Related<Entity>`
              `Entity` implements `Related<Entity>`
              `Entity` implements `Related<Entity>`
              `Entity` implements `Related<Entity>`
            and 415 others
note: required by a bound in `has_many`
   --> /home/bendo01/.cargo/registry/src/index.crates.io-1949cf8c6b5b557f/sea-orm-2.0.2/src/entity/base_entity.rs:123:26
    |
121 |     fn has_many<R>(_: R) -> RelationBuilder<Self, R>
    |        -------- required by a bound in this associated function
122 |     where
123 |         R: EntityTrait + Related<Self>,
    |                          ^^^^^^^^^^^^^ required by this bound in `EntityTrait::has_many`
    = note: the full name for the type has been written to '/home/bendo01/Projects/xsia_xarx/server/target/debug/deps/xsia_xarx-84a5e407a7f67ab6.long-type-11019701537030738523.txt'
    = note: consider using `--verbose` to print the full type name to the console
    = note: this error originates in the derive macro `DeriveRelation` which comes from the expansion of the derive macro `DeriveEntityModel` (in Nightly builds, run with -Z macro-backtrace for more info)

error[E0277]: the trait bound `Entity: Related<Entity>` is not satisfied
   --> src/models/feeder/master/perguruan_tinggi.rs:6:1
    |
  6 | #[sea_orm::model]
    | ^^^^^^^^^^^^^^^^^ unsatisfied trait bound
    |
help: the trait `sea_orm::Related<models::feeder::master::perguruan_tinggi::Entity>` is not implemented for `models::feeder::master::mahasiswa::Entity`
   --> src/models/feeder/master/mahasiswa.rs:7:35
    |
  7 | #[derive(Clone, Debug, PartialEq, DeriveEntityModel, Serialize, Deseria...
    |                                   ^^^^^^^^^^^^^^^^^
    = help: the following other types implement trait `sea_orm::Related<R>`:
              `Entity` implements `Related<Entity>`
              `Entity` implements `Related<Entity>`
              `Entity` implements `Related<Entity>`
              `Entity` implements `Related<Entity>`
              `Entity` implements `Related<Entity>`
              `Entity` implements `Related<Entity>`
              `Entity` implements `Related<Entity>`
              `Entity` implements `Related<Entity>`
            and 415 others
note: required by a bound in `has_many`
   --> /home/bendo01/.cargo/registry/src/index.crates.io-1949cf8c6b5b557f/sea-orm-2.0.2/src/entity/base_entity.rs:123:26
    |
121 |     fn has_many<R>(_: R) -> RelationBuilder<Self, R>
    |        -------- required by a bound in this associated function
122 |     where
123 |         R: EntityTrait + Related<Self>,
    |                          ^^^^^^^^^^^^^ required by this bound in `EntityTrait::has_many`
    = note: the full name for the type has been written to '/home/bendo01/Projects/xsia_xarx/server/target/debug/deps/xsia_xarx-84a5e407a7f67ab6.long-type-17577042274082646658.txt'
    = note: consider using `--verbose` to print the full type name to the console
    = note: this error originates in the derive macro `DeriveRelation` which comes from the expansion of the derive macro `DeriveEntityModel` (in Nightly builds, run with -Z macro-backtrace for more info)

error[E0277]: the trait bound `Entity: Related<Entity>` is not satisfied
   --> src/models/feeder/master/perguruan_tinggi.rs:6:1
    |
  6 | #[sea_orm::model]
    | ^^^^^^^^^^^^^^^^^ unsatisfied trait bound
    |
help: the trait `sea_orm::Related<models::feeder::master::perguruan_tinggi::Entity>` is not implemented for `Entity`
   --> src/models/feeder/master/mahasiswa_lulusan_dropout.rs:7:35
    |
  7 | #[derive(Clone, Debug, PartialEq, DeriveEntityModel, Serialize, Deseria...
    |                                   ^^^^^^^^^^^^^^^^^
    = help: the following other types implement trait `sea_orm::Related<R>`:
              `Entity` implements `Related<Entity>`
              `Entity` implements `Related<Entity>`
              `Entity` implements `Related<Entity>`
              `Entity` implements `Related<Entity>`
              `Entity` implements `Related<Entity>`
              `Entity` implements `Related<Entity>`
              `Entity` implements `Related<Entity>`
              `Entity` implements `Related<Entity>`
            and 415 others
note: required by a bound in `has_many`
   --> /home/bendo01/.cargo/registry/src/index.crates.io-1949cf8c6b5b557f/sea-orm-2.0.2/src/entity/base_entity.rs:123:26
    |
121 |     fn has_many<R>(_: R) -> RelationBuilder<Self, R>
    |        -------- required by a bound in this associated function
122 |     where
123 |         R: EntityTrait + Related<Self>,
    |                          ^^^^^^^^^^^^^ required by this bound in `EntityTrait::has_many`
    = note: the full name for the type has been written to '/home/bendo01/Projects/xsia_xarx/server/target/debug/deps/xsia_xarx-84a5e407a7f67ab6.long-type-4349855444420342760.txt'
    = note: consider using `--verbose` to print the full type name to the console
    = note: this error originates in the derive macro `DeriveRelation` which comes from the expansion of the derive macro `DeriveEntityModel` (in Nightly builds, run with -Z macro-backtrace for more info)

error[E0277]: the trait bound `Entity: Related<Entity>` is not satisfied
   --> src/models/feeder/master/perguruan_tinggi.rs:6:1
    |
  6 | #[sea_orm::model]
    | ^^^^^^^^^^^^^^^^^ unsatisfied trait bound
    |
help: the trait `sea_orm::Related<models::feeder::master::perguruan_tinggi::Entity>` is not implemented for `Entity`
   --> src/models/feeder/master/nilai_transfer_pendidikan_mahasiswa.rs:7:35
    |
  7 | #[derive(Clone, Debug, PartialEq, DeriveEntityModel, Serialize, Deseria...
    |                                   ^^^^^^^^^^^^^^^^^
    = help: the following other types implement trait `sea_orm::Related<R>`:
              `Entity` implements `Related<Entity>`
              `Entity` implements `Related<Entity>`
              `Entity` implements `Related<Entity>`
              `Entity` implements `Related<Entity>`
              `Entity` implements `Related<Entity>`
              `Entity` implements `Related<Entity>`
              `Entity` implements `Related<Entity>`
              `Entity` implements `Related<Entity>`
            and 415 others
note: required by a bound in `has_many`
   --> /home/bendo01/.cargo/registry/src/index.crates.io-1949cf8c6b5b557f/sea-orm-2.0.2/src/entity/base_entity.rs:123:26
    |
121 |     fn has_many<R>(_: R) -> RelationBuilder<Self, R>
    |        -------- required by a bound in this associated function
122 |     where
123 |         R: EntityTrait + Related<Self>,
    |                          ^^^^^^^^^^^^^ required by this bound in `EntityTrait::has_many`
    = note: the full name for the type has been written to '/home/bendo01/Projects/xsia_xarx/server/target/debug/deps/xsia_xarx-84a5e407a7f67ab6.long-type-12465089655214942718.txt'
    = note: consider using `--verbose` to print the full type name to the console
    = note: this error originates in the derive macro `DeriveRelation` which comes from the expansion of the derive macro `DeriveEntityModel` (in Nightly builds, run with -Z macro-backtrace for more info)

error[E0277]: the trait bound `Entity: Related<Entity>` is not satisfied
   --> src/models/feeder/master/perguruan_tinggi.rs:6:1
    |
  6 | #[sea_orm::model]
    | ^^^^^^^^^^^^^^^^^ unsatisfied trait bound
    |
help: the trait `sea_orm::Related<models::feeder::master::perguruan_tinggi::Entity>` is not implemented for `models::feeder::master::penugasan_dosen::Entity`
   --> src/models/feeder/master/penugasan_dosen.rs:7:39
    |
  7 | #[derive(Clone, Debug, PartialEq, Eq, DeriveEntityModel, Serialize, Des...
    |                                       ^^^^^^^^^^^^^^^^^
    = help: the following other types implement trait `sea_orm::Related<R>`:
              `Entity` implements `Related<Entity>`
              `Entity` implements `Related<Entity>`
              `Entity` implements `Related<Entity>`
              `Entity` implements `Related<Entity>`
              `Entity` implements `Related<Entity>`
              `Entity` implements `Related<Entity>`
              `Entity` implements `Related<Entity>`
              `Entity` implements `Related<Entity>`
            and 415 others
note: required by a bound in `has_many`
   --> /home/bendo01/.cargo/registry/src/index.crates.io-1949cf8c6b5b557f/sea-orm-2.0.2/src/entity/base_entity.rs:123:26
    |
121 |     fn has_many<R>(_: R) -> RelationBuilder<Self, R>
    |        -------- required by a bound in this associated function
122 |     where
123 |         R: EntityTrait + Related<Self>,
    |                          ^^^^^^^^^^^^^ required by this bound in `EntityTrait::has_many`
    = note: the full name for the type has been written to '/home/bendo01/Projects/xsia_xarx/server/target/debug/deps/xsia_xarx-84a5e407a7f67ab6.long-type-4806076816757619867.txt'
    = note: consider using `--verbose` to print the full type name to the console
    = note: this error originates in the derive macro `DeriveRelation` which comes from the expansion of the derive macro `DeriveEntityModel` (in Nightly builds, run with -Z macro-backtrace for more info)

error[E0277]: the trait bound `Entity: Related<Entity>` is not satisfied
   --> src/models/feeder/master/perguruan_tinggi.rs:6:1
    |
  6 | #[sea_orm::model]
    | ^^^^^^^^^^^^^^^^^ unsatisfied trait bound
    |
help: the trait `sea_orm::Related<models::feeder::master::perguruan_tinggi::Entity>` is not implemented for `Entity`
   --> src/models/feeder/master/profil_perguruan_tinggi.rs:7:39
    |
  7 | #[derive(Clone, Debug, PartialEq, Eq, DeriveEntityModel, Serialize, Des...
    |                                       ^^^^^^^^^^^^^^^^^
    = help: the following other types implement trait `sea_orm::Related<R>`:
              `Entity` implements `Related<Entity>`
              `Entity` implements `Related<Entity>`
              `Entity` implements `Related<Entity>`
              `Entity` implements `Related<Entity>`
              `Entity` implements `Related<Entity>`
              `Entity` implements `Related<Entity>`
              `Entity` implements `Related<Entity>`
              `Entity` implements `Related<Entity>`
            and 415 others
note: required by a bound in `has_many`
   --> /home/bendo01/.cargo/registry/src/index.crates.io-1949cf8c6b5b557f/sea-orm-2.0.2/src/entity/base_entity.rs:123:26
    |
121 |     fn has_many<R>(_: R) -> RelationBuilder<Self, R>
    |        -------- required by a bound in this associated function
122 |     where
123 |         R: EntityTrait + Related<Self>,
    |                          ^^^^^^^^^^^^^ required by this bound in `EntityTrait::has_many`
    = note: the full name for the type has been written to '/home/bendo01/Projects/xsia_xarx/server/target/debug/deps/xsia_xarx-84a5e407a7f67ab6.long-type-11007619035337935308.txt'
    = note: consider using `--verbose` to print the full type name to the console
    = note: this error originates in the derive macro `DeriveRelation` which comes from the expansion of the derive macro `DeriveEntityModel` (in Nightly builds, run with -Z macro-backtrace for more info)

error[E0277]: the trait bound `Entity: Related<Entity>` is not satisfied
   --> src/models/feeder/master/perguruan_tinggi.rs:6:1
    |
  6 | #[sea_orm::model]
    | ^^^^^^^^^^^^^^^^^ unsatisfied trait bound
    |
help: the trait `sea_orm::Related<models::feeder::master::perguruan_tinggi::Entity>` is not implemented for `models::feeder::master::program_studi::Entity`
   --> src/models/feeder/master/program_studi.rs:7:39
    |
  7 | #[derive(Clone, Debug, PartialEq, Eq, DeriveEntityModel, Serialize, Des...
    |                                       ^^^^^^^^^^^^^^^^^
    = help: the following other types implement trait `sea_orm::Related<R>`:
              `Entity` implements `Related<Entity>`
              `Entity` implements `Related<Entity>`
              `Entity` implements `Related<Entity>`
              `Entity` implements `Related<Entity>`
              `Entity` implements `Related<Entity>`
              `Entity` implements `Related<Entity>`
              `Entity` implements `Related<Entity>`
              `Entity` implements `Related<Entity>`
            and 415 others
note: required by a bound in `has_many`
   --> /home/bendo01/.cargo/registry/src/index.crates.io-1949cf8c6b5b557f/sea-orm-2.0.2/src/entity/base_entity.rs:123:26
    |
121 |     fn has_many<R>(_: R) -> RelationBuilder<Self, R>
    |        -------- required by a bound in this associated function
122 |     where
123 |         R: EntityTrait + Related<Self>,
    |                          ^^^^^^^^^^^^^ required by this bound in `EntityTrait::has_many`
    = note: the full name for the type has been written to '/home/bendo01/Projects/xsia_xarx/server/target/debug/deps/xsia_xarx-84a5e407a7f67ab6.long-type-8168065082888581458.txt'
    = note: consider using `--verbose` to print the full type name to the console
    = note: this error originates in the derive macro `DeriveRelation` which comes from the expansion of the derive macro `DeriveEntityModel` (in Nightly builds, run with -Z macro-backtrace for more info)

error[E0277]: the trait bound `Entity: Related<Entity>` is not satisfied
   --> src/models/feeder/master/perguruan_tinggi.rs:6:1
    |
  6 | #[sea_orm::model]
    | ^^^^^^^^^^^^^^^^^ unsatisfied trait bound
    |
help: the trait `sea_orm::Related<models::feeder::master::perguruan_tinggi::Entity>` is not implemented for `Entity`
   --> src/models/feeder/master/riwayat_pendidikan_dosen.rs:7:35
    |
  7 | #[derive(Clone, Debug, PartialEq, DeriveEntityModel, Serialize, Deseria...
    |                                   ^^^^^^^^^^^^^^^^^
    = help: the following other types implement trait `sea_orm::Related<R>`:
              `Entity` implements `Related<Entity>`
              `Entity` implements `Related<Entity>`
              `Entity` implements `Related<Entity>`
              `Entity` implements `Related<Entity>`
              `Entity` implements `Related<Entity>`
              `Entity` implements `Related<Entity>`
              `Entity` implements `Related<Entity>`
              `Entity` implements `Related<Entity>`
            and 415 others
note: required by a bound in `has_many`
   --> /home/bendo01/.cargo/registry/src/index.crates.io-1949cf8c6b5b557f/sea-orm-2.0.2/src/entity/base_entity.rs:123:26
    |
121 |     fn has_many<R>(_: R) -> RelationBuilder<Self, R>
    |        -------- required by a bound in this associated function
122 |     where
123 |         R: EntityTrait + Related<Self>,
    |                          ^^^^^^^^^^^^^ required by this bound in `EntityTrait::has_many`
    = note: the full name for the type has been written to '/home/bendo01/Projects/xsia_xarx/server/target/debug/deps/xsia_xarx-84a5e407a7f67ab6.long-type-17415172266194113017.txt'
    = note: consider using `--verbose` to print the full type name to the console
    = note: this error originates in the derive macro `DeriveRelation` which comes from the expansion of the derive macro `DeriveEntityModel` (in Nightly builds, run with -Z macro-backtrace for more info)

error[E0277]: the trait bound `Entity: Related<Entity>` is not satisfied
   --> src/models/feeder/master/perguruan_tinggi.rs:6:1
    |
  6 | #[sea_orm::model]
    | ^^^^^^^^^^^^^^^^^ unsatisfied trait bound
    |
help: the trait `sea_orm::Related<models::feeder::master::perguruan_tinggi::Entity>` is not implemented for `Entity`
   --> src/models/feeder/master/riwayat_pendidikan_mahasiswa.rs:7:35
    |
  7 | #[derive(Clone, Debug, PartialEq, DeriveEntityModel, Serialize, Deseria...
    |                                   ^^^^^^^^^^^^^^^^^
    = help: the following other types implement trait `sea_orm::Related<R>`:
              `Entity` implements `Related<Entity>`
              `Entity` implements `Related<Entity>`
              `Entity` implements `Related<Entity>`
              `Entity` implements `Related<Entity>`
              `Entity` implements `Related<Entity>`
              `Entity` implements `Related<Entity>`
              `Entity` implements `Related<Entity>`
              `Entity` implements `Related<Entity>`
            and 415 others
note: required by a bound in `has_many`
   --> /home/bendo01/.cargo/registry/src/index.crates.io-1949cf8c6b5b557f/sea-orm-2.0.2/src/entity/base_entity.rs:123:26
    |
121 |     fn has_many<R>(_: R) -> RelationBuilder<Self, R>
    |        -------- required by a bound in this associated function
122 |     where
123 |         R: EntityTrait + Related<Self>,
    |                          ^^^^^^^^^^^^^ required by this bound in `EntityTrait::has_many`
    = note: the full name for the type has been written to '/home/bendo01/Projects/xsia_xarx/server/target/debug/deps/xsia_xarx-84a5e407a7f67ab6.long-type-11019701537030738523.txt'
    = note: consider using `--verbose` to print the full type name to the console
    = note: this error originates in the derive macro `DeriveRelation` which comes from the expansion of the derive macro `DeriveEntityModel` (in Nightly builds, run with -Z macro-backtrace for more info)

error[E0277]: the trait bound `Entity: Related<Entity>` is not satisfied
   --> src/models/feeder/master/program_studi.rs:6:1
    |
  6 | #[sea_orm::model]
    | ^^^^^^^^^^^^^^^^^ unsatisfied trait bound
    |
help: the trait `sea_orm::Related<models::feeder::master::program_studi::Entity>` is not implemented for `Entity`
   --> src/models/feeder/master/aktifitas_kuliah_mahasiswa.rs:7:35
    |
  7 | #[derive(Clone, Debug, PartialEq, DeriveEntityModel, Serialize, Deseria...
    |                                   ^^^^^^^^^^^^^^^^^
help: the trait `Related<Entity>` is implemented for `models::feeder::referensi::periode_lampau::Entity`
   --> src/models/feeder/referensi/periode_lampau.rs:11:1
    |
 11 | #[sea_orm::model]
    | ^^^^^^^^^^^^^^^^^
note: required by a bound in `has_many`
   --> /home/bendo01/.cargo/registry/src/index.crates.io-1949cf8c6b5b557f/sea-orm-2.0.2/src/entity/base_entity.rs:123:26
    |
121 |     fn has_many<R>(_: R) -> RelationBuilder<Self, R>
    |        -------- required by a bound in this associated function
122 |     where
123 |         R: EntityTrait + Related<Self>,
    |                          ^^^^^^^^^^^^^ required by this bound in `EntityTrait::has_many`
    = note: the full name for the type has been written to '/home/bendo01/Projects/xsia_xarx/server/target/debug/deps/xsia_xarx-84a5e407a7f67ab6.long-type-11074537961827342644.txt'
    = note: consider using `--verbose` to print the full type name to the console
    = note: this error originates in the derive macro `DeriveRelation` which comes from the expansion of the derive macro `DeriveModelEx` (in Nightly builds, run with -Z macro-backtrace for more info)

error[E0277]: the trait bound `Entity: Related<Entity>` is not satisfied
   --> src/models/feeder/master/program_studi.rs:6:1
    |
  6 | #[sea_orm::model]
    | ^^^^^^^^^^^^^^^^^ unsatisfied trait bound
    |
help: the trait `sea_orm::Related<models::feeder::master::program_studi::Entity>` is not implemented for `models::feeder::master::aktifitas_mahasiswa::Entity`
   --> src/models/feeder/master/aktifitas_mahasiswa.rs:7:39
    |
  7 | #[derive(Clone, Debug, PartialEq, Eq, DeriveEntityModel, Serialize, Des...
    |                                       ^^^^^^^^^^^^^^^^^
help: the trait `Related<Entity>` is implemented for `models::feeder::referensi::periode_lampau::Entity`
   --> src/models/feeder/referensi/periode_lampau.rs:11:1
    |
 11 | #[sea_orm::model]
    | ^^^^^^^^^^^^^^^^^
note: required by a bound in `has_many`
   --> /home/bendo01/.cargo/registry/src/index.crates.io-1949cf8c6b5b557f/sea-orm-2.0.2/src/entity/base_entity.rs:123:26
    |
121 |     fn has_many<R>(_: R) -> RelationBuilder<Self, R>
    |        -------- required by a bound in this associated function
122 |     where
123 |         R: EntityTrait + Related<Self>,
    |                          ^^^^^^^^^^^^^ required by this bound in `EntityTrait::has_many`
    = note: the full name for the type has been written to '/home/bendo01/Projects/xsia_xarx/server/target/debug/deps/xsia_xarx-84a5e407a7f67ab6.long-type-9694393035298691935.txt'
    = note: consider using `--verbose` to print the full type name to the console
    = note: this error originates in the derive macro `DeriveRelation` which comes from the expansion of the derive macro `DeriveModelEx` (in Nightly builds, run with -Z macro-backtrace for more info)

error[E0277]: the trait bound `Entity: Related<Entity>` is not satisfied
   --> src/models/feeder/master/program_studi.rs:6:1
    |
  6 | #[sea_orm::model]
    | ^^^^^^^^^^^^^^^^^ unsatisfied trait bound
    |
help: the trait `sea_orm::Related<models::feeder::master::program_studi::Entity>` is not implemented for `Entity`
   --> src/models/feeder/master/aktifitas_mengajar_dosen.rs:7:39
    |
  7 | #[derive(Clone, Debug, PartialEq, Eq, DeriveEntityModel, Serialize, Des...
    |                                       ^^^^^^^^^^^^^^^^^
help: the trait `Related<Entity>` is implemented for `models::feeder::referensi::periode_lampau::Entity`
   --> src/models/feeder/referensi/periode_lampau.rs:11:1
    |
 11 | #[sea_orm::model]
    | ^^^^^^^^^^^^^^^^^
note: required by a bound in `has_many`
   --> /home/bendo01/.cargo/registry/src/index.crates.io-1949cf8c6b5b557f/sea-orm-2.0.2/src/entity/base_entity.rs:123:26
    |
121 |     fn has_many<R>(_: R) -> RelationBuilder<Self, R>
    |        -------- required by a bound in this associated function
122 |     where
123 |         R: EntityTrait + Related<Self>,
    |                          ^^^^^^^^^^^^^ required by this bound in `EntityTrait::has_many`
    = note: the full name for the type has been written to '/home/bendo01/Projects/xsia_xarx/server/target/debug/deps/xsia_xarx-84a5e407a7f67ab6.long-type-847531369009235940.txt'
    = note: consider using `--verbose` to print the full type name to the console
    = note: this error originates in the derive macro `DeriveRelation` which comes from the expansion of the derive macro `DeriveModelEx` (in Nightly builds, run with -Z macro-backtrace for more info)

error[E0277]: the trait bound `Entity: Related<Entity>` is not satisfied
   --> src/models/feeder/master/program_studi.rs:6:1
    |
  6 | #[sea_orm::model]
    | ^^^^^^^^^^^^^^^^^ unsatisfied trait bound
    |
help: the trait `sea_orm::Related<models::feeder::master::program_studi::Entity>` is not implemented for `Entity`
   --> src/models/feeder/master/bidang_minat_perguruan_tinggi.rs:7:39
    |
  7 | #[derive(Clone, Debug, PartialEq, Eq, DeriveEntityModel, Serialize, Des...
    |                                       ^^^^^^^^^^^^^^^^^
help: the trait `Related<Entity>` is implemented for `models::feeder::referensi::periode_lampau::Entity`
   --> src/models/feeder/referensi/periode_lampau.rs:11:1
    |
 11 | #[sea_orm::model]
    | ^^^^^^^^^^^^^^^^^
note: required by a bound in `has_many`
   --> /home/bendo01/.cargo/registry/src/index.crates.io-1949cf8c6b5b557f/sea-orm-2.0.2/src/entity/base_entity.rs:123:26
    |
121 |     fn has_many<R>(_: R) -> RelationBuilder<Self, R>
    |        -------- required by a bound in this associated function
122 |     where
123 |         R: EntityTrait + Related<Self>,
    |                          ^^^^^^^^^^^^^ required by this bound in `EntityTrait::has_many`
    = note: the full name for the type has been written to '/home/bendo01/Projects/xsia_xarx/server/target/debug/deps/xsia_xarx-84a5e407a7f67ab6.long-type-13240907024100630083.txt'
    = note: consider using `--verbose` to print the full type name to the console
    = note: this error originates in the derive macro `DeriveRelation` which comes from the expansion of the derive macro `DeriveModelEx` (in Nightly builds, run with -Z macro-backtrace for more info)

error[E0277]: the trait bound `Entity: Related<Entity>` is not satisfied
   --> src/models/feeder/master/program_studi.rs:6:1
    |
  6 | #[sea_orm::model]
    | ^^^^^^^^^^^^^^^^^ unsatisfied trait bound
    |
help: the trait `sea_orm::Related<models::feeder::master::program_studi::Entity>` is not implemented for `Entity`
   --> src/models/feeder/master/detail_nilai_perkuliahan_kelas.rs:7:35
    |
  7 | #[derive(Clone, Debug, PartialEq, DeriveEntityModel, Serialize, Deseria...
    |                                   ^^^^^^^^^^^^^^^^^
help: the trait `Related<Entity>` is implemented for `models::feeder::referensi::periode_lampau::Entity`
   --> src/models/feeder/referensi/periode_lampau.rs:11:1
    |
 11 | #[sea_orm::model]
    | ^^^^^^^^^^^^^^^^^
note: required by a bound in `has_many`
   --> /home/bendo01/.cargo/registry/src/index.crates.io-1949cf8c6b5b557f/sea-orm-2.0.2/src/entity/base_entity.rs:123:26
    |
121 |     fn has_many<R>(_: R) -> RelationBuilder<Self, R>
    |        -------- required by a bound in this associated function
122 |     where
123 |         R: EntityTrait + Related<Self>,
    |                          ^^^^^^^^^^^^^ required by this bound in `EntityTrait::has_many`
    = note: the full name for the type has been written to '/home/bendo01/Projects/xsia_xarx/server/target/debug/deps/xsia_xarx-84a5e407a7f67ab6.long-type-7598793579306918921.txt'
    = note: consider using `--verbose` to print the full type name to the console
    = note: this error originates in the derive macro `DeriveRelation` which comes from the expansion of the derive macro `DeriveModelEx` (in Nightly builds, run with -Z macro-backtrace for more info)

error[E0277]: the trait bound `Entity: Related<Entity>` is not satisfied
   --> src/models/feeder/master/program_studi.rs:6:1
    |
  6 | #[sea_orm::model]
    | ^^^^^^^^^^^^^^^^^ unsatisfied trait bound
    |
help: the trait `sea_orm::Related<models::feeder::master::program_studi::Entity>` is not implemented for `Entity`
   --> src/models/feeder/master/dosen_pengajar_kelas_kuliah.rs:7:35
    |
  7 | #[derive(Clone, Debug, PartialEq, DeriveEntityModel, Serialize, Deseria...
    |                                   ^^^^^^^^^^^^^^^^^
help: the trait `Related<Entity>` is implemented for `models::feeder::referensi::periode_lampau::Entity`
   --> src/models/feeder/referensi/periode_lampau.rs:11:1
    |
 11 | #[sea_orm::model]
    | ^^^^^^^^^^^^^^^^^
note: required by a bound in `has_many`
   --> /home/bendo01/.cargo/registry/src/index.crates.io-1949cf8c6b5b557f/sea-orm-2.0.2/src/entity/base_entity.rs:123:26
    |
121 |     fn has_many<R>(_: R) -> RelationBuilder<Self, R>
    |        -------- required by a bound in this associated function
122 |     where
123 |         R: EntityTrait + Related<Self>,
    |                          ^^^^^^^^^^^^^ required by this bound in `EntityTrait::has_many`
    = note: the full name for the type has been written to '/home/bendo01/Projects/xsia_xarx/server/target/debug/deps/xsia_xarx-84a5e407a7f67ab6.long-type-10783299074705001273.txt'
    = note: consider using `--verbose` to print the full type name to the console
    = note: this error originates in the derive macro `DeriveRelation` which comes from the expansion of the derive macro `DeriveModelEx` (in Nightly builds, run with -Z macro-backtrace for more info)

error[E0277]: the trait bound `Entity: Related<Entity>` is not satisfied
   --> src/models/feeder/master/program_studi.rs:6:1
    |
  6 | #[sea_orm::model]
    | ^^^^^^^^^^^^^^^^^ unsatisfied trait bound
    |
help: the trait `sea_orm::Related<models::feeder::master::program_studi::Entity>` is not implemented for `Entity`
   --> src/models/feeder/master/hitung_transkrip_angkatan_mahasiswa.rs:7:39
    |
  7 | #[derive(Clone, Debug, PartialEq, Eq, DeriveEntityModel, Serialize, Des...
    |                                       ^^^^^^^^^^^^^^^^^
help: the trait `Related<Entity>` is implemented for `models::feeder::referensi::periode_lampau::Entity`
   --> src/models/feeder/referensi/periode_lampau.rs:11:1
    |
 11 | #[sea_orm::model]
    | ^^^^^^^^^^^^^^^^^
note: required by a bound in `has_many`
   --> /home/bendo01/.cargo/registry/src/index.crates.io-1949cf8c6b5b557f/sea-orm-2.0.2/src/entity/base_entity.rs:123:26
    |
121 |     fn has_many<R>(_: R) -> RelationBuilder<Self, R>
    |        -------- required by a bound in this associated function
122 |     where
123 |         R: EntityTrait + Related<Self>,
    |                          ^^^^^^^^^^^^^ required by this bound in `EntityTrait::has_many`
    = note: the full name for the type has been written to '/home/bendo01/Projects/xsia_xarx/server/target/debug/deps/xsia_xarx-84a5e407a7f67ab6.long-type-7821897420142525590.txt'
    = note: consider using `--verbose` to print the full type name to the console
    = note: this error originates in the derive macro `DeriveRelation` which comes from the expansion of the derive macro `DeriveModelEx` (in Nightly builds, run with -Z macro-backtrace for more info)

error[E0277]: the trait bound `Entity: Related<Entity>` is not satisfied
   --> src/models/feeder/master/program_studi.rs:6:1
    |
  6 | #[sea_orm::model]
    | ^^^^^^^^^^^^^^^^^ unsatisfied trait bound
    |
help: the trait `sea_orm::Related<models::feeder::master::program_studi::Entity>` is not implemented for `Entity`
   --> src/models/feeder/master/kartu_rencana_studi_mahasiswa.rs:7:35
    |
  7 | #[derive(Clone, Debug, PartialEq, DeriveEntityModel, Serialize, Deseria...
    |                                   ^^^^^^^^^^^^^^^^^
help: the trait `Related<Entity>` is implemented for `models::feeder::referensi::periode_lampau::Entity`
   --> src/models/feeder/referensi/periode_lampau.rs:11:1
    |
 11 | #[sea_orm::model]
    | ^^^^^^^^^^^^^^^^^
note: required by a bound in `has_many`
   --> /home/bendo01/.cargo/registry/src/index.crates.io-1949cf8c6b5b557f/sea-orm-2.0.2/src/entity/base_entity.rs:123:26
    |
121 |     fn has_many<R>(_: R) -> RelationBuilder<Self, R>
    |        -------- required by a bound in this associated function
122 |     where
123 |         R: EntityTrait + Related<Self>,
    |                          ^^^^^^^^^^^^^ required by this bound in `EntityTrait::has_many`
    = note: the full name for the type has been written to '/home/bendo01/Projects/xsia_xarx/server/target/debug/deps/xsia_xarx-84a5e407a7f67ab6.long-type-15754046050750431304.txt'
    = note: consider using `--verbose` to print the full type name to the console
    = note: this error originates in the derive macro `DeriveRelation` which comes from the expansion of the derive macro `DeriveModelEx` (in Nightly builds, run with -Z macro-backtrace for more info)

error[E0277]: the trait bound `Entity: Related<Entity>` is not satisfied
   --> src/models/feeder/master/program_studi.rs:6:1
    |
  6 | #[sea_orm::model]
    | ^^^^^^^^^^^^^^^^^ unsatisfied trait bound
    |
help: the trait `sea_orm::Related<models::feeder::master::program_studi::Entity>` is not implemented for `models::feeder::master::kelas_kuliah::Entity`
   --> src/models/feeder/master/kelas_kuliah.rs:7:35
    |
  7 | #[derive(Clone, Debug, PartialEq, DeriveEntityModel, Serialize, Deseria...
    |                                   ^^^^^^^^^^^^^^^^^
help: the trait `Related<Entity>` is implemented for `models::feeder::referensi::periode_lampau::Entity`
   --> src/models/feeder/referensi/periode_lampau.rs:11:1
    |
 11 | #[sea_orm::model]
    | ^^^^^^^^^^^^^^^^^
note: required by a bound in `has_many`
   --> /home/bendo01/.cargo/registry/src/index.crates.io-1949cf8c6b5b557f/sea-orm-2.0.2/src/entity/base_entity.rs:123:26
    |
121 |     fn has_many<R>(_: R) -> RelationBuilder<Self, R>
    |        -------- required by a bound in this associated function
122 |     where
123 |         R: EntityTrait + Related<Self>,
    |                          ^^^^^^^^^^^^^ required by this bound in `EntityTrait::has_many`
    = note: the full name for the type has been written to '/home/bendo01/Projects/xsia_xarx/server/target/debug/deps/xsia_xarx-84a5e407a7f67ab6.long-type-347608122715561775.txt'
    = note: consider using `--verbose` to print the full type name to the console
    = note: this error originates in the derive macro `DeriveRelation` which comes from the expansion of the derive macro `DeriveModelEx` (in Nightly builds, run with -Z macro-backtrace for more info)

error[E0277]: the trait bound `Entity: Related<Entity>` is not satisfied
   --> src/models/feeder/master/program_studi.rs:6:1
    |
  6 | #[sea_orm::model]
    | ^^^^^^^^^^^^^^^^^ unsatisfied trait bound
    |
help: the trait `sea_orm::Related<models::feeder::master::program_studi::Entity>` is not implemented for `models::feeder::master::kurikulum::Entity`
   --> src/models/feeder/master/kurikulum.rs:7:35
    |
  7 | #[derive(Clone, Debug, PartialEq, DeriveEntityModel, Serialize, Deseria...
    |                                   ^^^^^^^^^^^^^^^^^
help: the trait `Related<Entity>` is implemented for `models::feeder::referensi::periode_lampau::Entity`
   --> src/models/feeder/referensi/periode_lampau.rs:11:1
    |
 11 | #[sea_orm::model]
    | ^^^^^^^^^^^^^^^^^
note: required by a bound in `has_many`
   --> /home/bendo01/.cargo/registry/src/index.crates.io-1949cf8c6b5b557f/sea-orm-2.0.2/src/entity/base_entity.rs:123:26
    |
121 |     fn has_many<R>(_: R) -> RelationBuilder<Self, R>
    |        -------- required by a bound in this associated function
122 |     where
123 |         R: EntityTrait + Related<Self>,
    |                          ^^^^^^^^^^^^^ required by this bound in `EntityTrait::has_many`
    = note: the full name for the type has been written to '/home/bendo01/Projects/xsia_xarx/server/target/debug/deps/xsia_xarx-84a5e407a7f67ab6.long-type-8067547913878838787.txt'
    = note: consider using `--verbose` to print the full type name to the console
    = note: this error originates in the derive macro `DeriveRelation` which comes from the expansion of the derive macro `DeriveModelEx` (in Nightly builds, run with -Z macro-backtrace for more info)

error[E0277]: the trait bound `Entity: Related<Entity>` is not satisfied
   --> src/models/feeder/master/program_studi.rs:6:1
    |
  6 | #[sea_orm::model]
    | ^^^^^^^^^^^^^^^^^ unsatisfied trait bound
    |
help: the trait `sea_orm::Related<models::feeder::master::program_studi::Entity>` is not implemented for `models::feeder::master::mahasiswa::Entity`
   --> src/models/feeder/master/mahasiswa.rs:7:35
    |
  7 | #[derive(Clone, Debug, PartialEq, DeriveEntityModel, Serialize, Deseria...
    |                                   ^^^^^^^^^^^^^^^^^
help: the trait `Related<Entity>` is implemented for `models::feeder::referensi::periode_lampau::Entity`
   --> src/models/feeder/referensi/periode_lampau.rs:11:1
    |
 11 | #[sea_orm::model]
    | ^^^^^^^^^^^^^^^^^
note: required by a bound in `has_many`
   --> /home/bendo01/.cargo/registry/src/index.crates.io-1949cf8c6b5b557f/sea-orm-2.0.2/src/entity/base_entity.rs:123:26
    |
121 |     fn has_many<R>(_: R) -> RelationBuilder<Self, R>
    |        -------- required by a bound in this associated function
122 |     where
123 |         R: EntityTrait + Related<Self>,
    |                          ^^^^^^^^^^^^^ required by this bound in `EntityTrait::has_many`
    = note: the full name for the type has been written to '/home/bendo01/Projects/xsia_xarx/server/target/debug/deps/xsia_xarx-84a5e407a7f67ab6.long-type-6701954806297683926.txt'
    = note: consider using `--verbose` to print the full type name to the console
    = note: this error originates in the derive macro `DeriveRelation` which comes from the expansion of the derive macro `DeriveModelEx` (in Nightly builds, run with -Z macro-backtrace for more info)

error[E0277]: the trait bound `Entity: Related<Entity>` is not satisfied
   --> src/models/feeder/master/program_studi.rs:6:1
    |
  6 | #[sea_orm::model]
    | ^^^^^^^^^^^^^^^^^ unsatisfied trait bound
    |
help: the trait `sea_orm::Related<models::feeder::master::program_studi::Entity>` is not implemented for `Entity`
   --> src/models/feeder/master/mahasiswa_lulusan_dropout.rs:7:35
    |
  7 | #[derive(Clone, Debug, PartialEq, DeriveEntityModel, Serialize, Deseria...
    |                                   ^^^^^^^^^^^^^^^^^
help: the trait `Related<Entity>` is implemented for `models::feeder::referensi::periode_lampau::Entity`
   --> src/models/feeder/referensi/periode_lampau.rs:11:1
    |
 11 | #[sea_orm::model]
    | ^^^^^^^^^^^^^^^^^
note: required by a bound in `has_many`
   --> /home/bendo01/.cargo/registry/src/index.crates.io-1949cf8c6b5b557f/sea-orm-2.0.2/src/entity/base_entity.rs:123:26
    |
121 |     fn has_many<R>(_: R) -> RelationBuilder<Self, R>
    |        -------- required by a bound in this associated function
122 |     where
123 |         R: EntityTrait + Related<Self>,
    |                          ^^^^^^^^^^^^^ required by this bound in `EntityTrait::has_many`
    = note: the full name for the type has been written to '/home/bendo01/Projects/xsia_xarx/server/target/debug/deps/xsia_xarx-84a5e407a7f67ab6.long-type-4349855444420342760.txt'
    = note: consider using `--verbose` to print the full type name to the console
    = note: this error originates in the derive macro `DeriveRelation` which comes from the expansion of the derive macro `DeriveModelEx` (in Nightly builds, run with -Z macro-backtrace for more info)

error[E0277]: the trait bound `Entity: Related<Entity>` is not satisfied
   --> src/models/feeder/master/program_studi.rs:6:1
    |
  6 | #[sea_orm::model]
    | ^^^^^^^^^^^^^^^^^ unsatisfied trait bound
    |
help: the trait `sea_orm::Related<models::feeder::master::program_studi::Entity>` is not implemented for `models::feeder::master::matakuliah::Entity`
   --> src/models/feeder/master/matakuliah.rs:7:35
    |
  7 | #[derive(Clone, Debug, PartialEq, DeriveEntityModel, Serialize, Deseria...
    |                                   ^^^^^^^^^^^^^^^^^
help: the trait `Related<Entity>` is implemented for `models::feeder::referensi::periode_lampau::Entity`
   --> src/models/feeder/referensi/periode_lampau.rs:11:1
    |
 11 | #[sea_orm::model]
    | ^^^^^^^^^^^^^^^^^
note: required by a bound in `has_many`
   --> /home/bendo01/.cargo/registry/src/index.crates.io-1949cf8c6b5b557f/sea-orm-2.0.2/src/entity/base_entity.rs:123:26
    |
121 |     fn has_many<R>(_: R) -> RelationBuilder<Self, R>
    |        -------- required by a bound in this associated function
122 |     where
123 |         R: EntityTrait + Related<Self>,
    |                          ^^^^^^^^^^^^^ required by this bound in `EntityTrait::has_many`
    = note: the full name for the type has been written to '/home/bendo01/Projects/xsia_xarx/server/target/debug/deps/xsia_xarx-84a5e407a7f67ab6.long-type-1740067107865494845.txt'
    = note: consider using `--verbose` to print the full type name to the console
    = note: this error originates in the derive macro `DeriveRelation` which comes from the expansion of the derive macro `DeriveModelEx` (in Nightly builds, run with -Z macro-backtrace for more info)

error[E0277]: the trait bound `Entity: Related<Entity>` is not satisfied
   --> src/models/feeder/master/program_studi.rs:6:1
    |
  6 | #[sea_orm::model]
    | ^^^^^^^^^^^^^^^^^ unsatisfied trait bound
    |
help: the trait `Related<models::feeder::master::program_studi::Entity>` is not implemented for `models::feeder::master::matakuliah_kurikulum::Entity`
      but trait `Related<models::feeder::referensi::semester::Entity>` is implemented for it
   --> src/models/feeder/master/matakuliah_kurikulum.rs:6:1
    |
  6 | #[sea_orm::model]
    | ^^^^^^^^^^^^^^^^^
    = help: for that trait implementation, expected `models::feeder::referensi::semester::Entity`, found `models::feeder::master::program_studi::Entity`
note: required by a bound in `has_many`
   --> /home/bendo01/.cargo/registry/src/index.crates.io-1949cf8c6b5b557f/sea-orm-2.0.2/src/entity/base_entity.rs:123:26
    |
121 |     fn has_many<R>(_: R) -> RelationBuilder<Self, R>
    |        -------- required by a bound in this associated function
122 |     where
123 |         R: EntityTrait + Related<Self>,
    |                          ^^^^^^^^^^^^^ required by this bound in `EntityTrait::has_many`
    = note: the full name for the type has been written to '/home/bendo01/Projects/xsia_xarx/server/target/debug/deps/xsia_xarx-84a5e407a7f67ab6.long-type-2132704429333908310.txt'
    = note: consider using `--verbose` to print the full type name to the console
    = note: this error originates in the derive macro `DeriveRelation` which comes from the expansion of the derive macro `DeriveModelEx` (in Nightly builds, run with -Z macro-backtrace for more info)

error[E0277]: the trait bound `Entity: Related<Entity>` is not satisfied
   --> src/models/feeder/master/program_studi.rs:6:1
    |
  6 | #[sea_orm::model]
    | ^^^^^^^^^^^^^^^^^ unsatisfied trait bound
    |
help: the trait `sea_orm::Related<models::feeder::master::program_studi::Entity>` is not implemented for `Entity`
   --> src/models/feeder/master/nilai_transfer_pendidikan_mahasiswa.rs:7:35
    |
  7 | #[derive(Clone, Debug, PartialEq, DeriveEntityModel, Serialize, Deseria...
    |                                   ^^^^^^^^^^^^^^^^^
help: the trait `Related<Entity>` is implemented for `models::feeder::referensi::periode_lampau::Entity`
   --> src/models/feeder/referensi/periode_lampau.rs:11:1
    |
 11 | #[sea_orm::model]
    | ^^^^^^^^^^^^^^^^^
note: required by a bound in `has_many`
   --> /home/bendo01/.cargo/registry/src/index.crates.io-1949cf8c6b5b557f/sea-orm-2.0.2/src/entity/base_entity.rs:123:26
    |
121 |     fn has_many<R>(_: R) -> RelationBuilder<Self, R>
    |        -------- required by a bound in this associated function
122 |     where
123 |         R: EntityTrait + Related<Self>,
    |                          ^^^^^^^^^^^^^ required by this bound in `EntityTrait::has_many`
    = note: the full name for the type has been written to '/home/bendo01/Projects/xsia_xarx/server/target/debug/deps/xsia_xarx-84a5e407a7f67ab6.long-type-12465089655214942718.txt'
    = note: consider using `--verbose` to print the full type name to the console
    = note: this error originates in the derive macro `DeriveRelation` which comes from the expansion of the derive macro `DeriveModelEx` (in Nightly builds, run with -Z macro-backtrace for more info)

error[E0277]: the trait bound `Entity: Related<Entity>` is not satisfied
   --> src/models/feeder/master/program_studi.rs:6:1
    |
  6 | #[sea_orm::model]
    | ^^^^^^^^^^^^^^^^^ unsatisfied trait bound
    |
help: the trait `sea_orm::Related<models::feeder::master::program_studi::Entity>` is not implemented for `models::feeder::master::penugasan_dosen::Entity`
   --> src/models/feeder/master/penugasan_dosen.rs:7:39
    |
  7 | #[derive(Clone, Debug, PartialEq, Eq, DeriveEntityModel, Serialize, Des...
    |                                       ^^^^^^^^^^^^^^^^^
help: the trait `Related<Entity>` is implemented for `models::feeder::referensi::periode_lampau::Entity`
   --> src/models/feeder/referensi/periode_lampau.rs:11:1
    |
 11 | #[sea_orm::model]
    | ^^^^^^^^^^^^^^^^^
note: required by a bound in `has_many`
   --> /home/bendo01/.cargo/registry/src/index.crates.io-1949cf8c6b5b557f/sea-orm-2.0.2/src/entity/base_entity.rs:123:26
    |
121 |     fn has_many<R>(_: R) -> RelationBuilder<Self, R>
    |        -------- required by a bound in this associated function
122 |     where
123 |         R: EntityTrait + Related<Self>,
    |                          ^^^^^^^^^^^^^ required by this bound in `EntityTrait::has_many`
    = note: the full name for the type has been written to '/home/bendo01/Projects/xsia_xarx/server/target/debug/deps/xsia_xarx-84a5e407a7f67ab6.long-type-3031797267126617215.txt'
    = note: consider using `--verbose` to print the full type name to the console
    = note: this error originates in the derive macro `DeriveRelation` which comes from the expansion of the derive macro `DeriveModelEx` (in Nightly builds, run with -Z macro-backtrace for more info)

error[E0277]: the trait bound `Entity: Related<Entity>` is not satisfied
   --> src/models/feeder/master/program_studi.rs:6:1
    |
  6 | #[sea_orm::model]
    | ^^^^^^^^^^^^^^^^^ unsatisfied trait bound
    |
help: the trait `sea_orm::Related<models::feeder::master::program_studi::Entity>` is not implemented for `models::feeder::master::periode_aktif::Entity`
   --> src/models/feeder/master/periode_aktif.rs:7:39
    |
  7 | #[derive(Clone, Debug, PartialEq, Eq, DeriveEntityModel, Serialize, Des...
    |                                       ^^^^^^^^^^^^^^^^^
help: the trait `Related<Entity>` is implemented for `models::feeder::referensi::periode_lampau::Entity`
   --> src/models/feeder/referensi/periode_lampau.rs:11:1
    |
 11 | #[sea_orm::model]
    | ^^^^^^^^^^^^^^^^^
note: required by a bound in `has_many`
   --> /home/bendo01/.cargo/registry/src/index.crates.io-1949cf8c6b5b557f/sea-orm-2.0.2/src/entity/base_entity.rs:123:26
    |
121 |     fn has_many<R>(_: R) -> RelationBuilder<Self, R>
    |        -------- required by a bound in this associated function
122 |     where
123 |         R: EntityTrait + Related<Self>,
    |                          ^^^^^^^^^^^^^ required by this bound in `EntityTrait::has_many`
    = note: the full name for the type has been written to '/home/bendo01/Projects/xsia_xarx/server/target/debug/deps/xsia_xarx-84a5e407a7f67ab6.long-type-10253184732575280070.txt'
    = note: consider using `--verbose` to print the full type name to the console
    = note: this error originates in the derive macro `DeriveRelation` which comes from the expansion of the derive macro `DeriveModelEx` (in Nightly builds, run with -Z macro-backtrace for more info)

error[E0277]: the trait bound `Entity: Related<Entity>` is not satisfied
   --> src/models/feeder/master/program_studi.rs:6:1
    |
  6 | #[sea_orm::model]
    | ^^^^^^^^^^^^^^^^^ unsatisfied trait bound
    |
help: the trait `sea_orm::Related<models::feeder::master::program_studi::Entity>` is not implemented for `models::feeder::master::periode_perkuliahan::Entity`
   --> src/models/feeder/master/periode_perkuliahan.rs:7:39
    |
  7 | #[derive(Clone, Debug, PartialEq, Eq, DeriveEntityModel, Serialize, Des...
    |                                       ^^^^^^^^^^^^^^^^^
help: the trait `Related<Entity>` is implemented for `models::feeder::referensi::periode_lampau::Entity`
   --> src/models/feeder/referensi/periode_lampau.rs:11:1
    |
 11 | #[sea_orm::model]
    | ^^^^^^^^^^^^^^^^^
note: required by a bound in `has_many`
   --> /home/bendo01/.cargo/registry/src/index.crates.io-1949cf8c6b5b557f/sea-orm-2.0.2/src/entity/base_entity.rs:123:26
    |
121 |     fn has_many<R>(_: R) -> RelationBuilder<Self, R>
    |        -------- required by a bound in this associated function
122 |     where
123 |         R: EntityTrait + Related<Self>,
    |                          ^^^^^^^^^^^^^ required by this bound in `EntityTrait::has_many`
    = note: the full name for the type has been written to '/home/bendo01/Projects/xsia_xarx/server/target/debug/deps/xsia_xarx-84a5e407a7f67ab6.long-type-6702407602359143909.txt'
    = note: consider using `--verbose` to print the full type name to the console
    = note: this error originates in the derive macro `DeriveRelation` which comes from the expansion of the derive macro `DeriveModelEx` (in Nightly builds, run with -Z macro-backtrace for more info)

error[E0277]: the trait bound `Entity: Related<Entity>` is not satisfied
   --> src/models/feeder/master/program_studi.rs:6:1
    |
  6 | #[sea_orm::model]
    | ^^^^^^^^^^^^^^^^^ unsatisfied trait bound
    |
help: the trait `sea_orm::Related<models::feeder::master::program_studi::Entity>` is not implemented for `models::feeder::master::perkuliahan_mahasiswa::Entity`
   --> src/models/feeder/master/perkuliahan_mahasiswa.rs:7:35
    |
  7 | #[derive(Clone, Debug, PartialEq, DeriveEntityModel, Serialize, Deseria...
    |                                   ^^^^^^^^^^^^^^^^^
help: the trait `Related<Entity>` is implemented for `models::feeder::referensi::periode_lampau::Entity`
   --> src/models/feeder/referensi/periode_lampau.rs:11:1
    |
 11 | #[sea_orm::model]
    | ^^^^^^^^^^^^^^^^^
note: required by a bound in `has_many`
   --> /home/bendo01/.cargo/registry/src/index.crates.io-1949cf8c6b5b557f/sea-orm-2.0.2/src/entity/base_entity.rs:123:26
    |
121 |     fn has_many<R>(_: R) -> RelationBuilder<Self, R>
    |        -------- required by a bound in this associated function
122 |     where
123 |         R: EntityTrait + Related<Self>,
    |                          ^^^^^^^^^^^^^ required by this bound in `EntityTrait::has_many`
    = note: the full name for the type has been written to '/home/bendo01/Projects/xsia_xarx/server/target/debug/deps/xsia_xarx-84a5e407a7f67ab6.long-type-3569507089989025376.txt'
    = note: consider using `--verbose` to print the full type name to the console
    = note: this error originates in the derive macro `DeriveRelation` which comes from the expansion of the derive macro `DeriveModelEx` (in Nightly builds, run with -Z macro-backtrace for more info)

error[E0277]: the trait bound `Entity: Related<Entity>` is not satisfied
   --> src/models/feeder/master/program_studi.rs:6:1
    |
  6 | #[sea_orm::model]
    | ^^^^^^^^^^^^^^^^^ unsatisfied trait bound
    |
help: the trait `sea_orm::Related<models::feeder::master::program_studi::Entity>` is not implemented for `models::feeder::master::peserta_kelas_kuliah::Entity`
   --> src/models/feeder/master/peserta_kelas_kuliah.rs:7:39
    |
  7 | #[derive(Clone, Debug, PartialEq, Eq, DeriveEntityModel, Serialize, Des...
    |                                       ^^^^^^^^^^^^^^^^^
help: the trait `Related<Entity>` is implemented for `models::feeder::referensi::periode_lampau::Entity`
   --> src/models/feeder/referensi/periode_lampau.rs:11:1
    |
 11 | #[sea_orm::model]
    | ^^^^^^^^^^^^^^^^^
note: required by a bound in `has_many`
   --> /home/bendo01/.cargo/registry/src/index.crates.io-1949cf8c6b5b557f/sea-orm-2.0.2/src/entity/base_entity.rs:123:26
    |
121 |     fn has_many<R>(_: R) -> RelationBuilder<Self, R>
    |        -------- required by a bound in this associated function
122 |     where
123 |         R: EntityTrait + Related<Self>,
    |                          ^^^^^^^^^^^^^ required by this bound in `EntityTrait::has_many`
    = note: the full name for the type has been written to '/home/bendo01/Projects/xsia_xarx/server/target/debug/deps/xsia_xarx-84a5e407a7f67ab6.long-type-15251457223813097408.txt'
    = note: consider using `--verbose` to print the full type name to the console
    = note: this error originates in the derive macro `DeriveRelation` which comes from the expansion of the derive macro `DeriveModelEx` (in Nightly builds, run with -Z macro-backtrace for more info)

error[E0277]: the trait bound `Entity: Related<Entity>` is not satisfied
   --> src/models/feeder/master/program_studi.rs:6:1
    |
  6 | #[sea_orm::model]
    | ^^^^^^^^^^^^^^^^^ unsatisfied trait bound
    |
help: the trait `Related<models::feeder::master::program_studi::Entity>` is not implemented for `models::feeder::master::rencana_evaluasi::Entity`
      but trait `Related<models::feeder::referensi::jenis_evaluasi::Entity>` is implemented for it
   --> src/models/feeder/master/rencana_evaluasi.rs:6:1
    |
  6 | #[sea_orm::model]
    | ^^^^^^^^^^^^^^^^^
    = help: for that trait implementation, expected `models::feeder::referensi::jenis_evaluasi::Entity`, found `models::feeder::master::program_studi::Entity`
note: required by a bound in `has_many`
   --> /home/bendo01/.cargo/registry/src/index.crates.io-1949cf8c6b5b557f/sea-orm-2.0.2/src/entity/base_entity.rs:123:26
    |
121 |     fn has_many<R>(_: R) -> RelationBuilder<Self, R>
    |        -------- required by a bound in this associated function
122 |     where
123 |         R: EntityTrait + Related<Self>,
    |                          ^^^^^^^^^^^^^ required by this bound in `EntityTrait::has_many`
    = note: the full name for the type has been written to '/home/bendo01/Projects/xsia_xarx/server/target/debug/deps/xsia_xarx-84a5e407a7f67ab6.long-type-6267019315712865738.txt'
    = note: consider using `--verbose` to print the full type name to the console
    = note: this error originates in the derive macro `DeriveRelation` which comes from the expansion of the derive macro `DeriveModelEx` (in Nightly builds, run with -Z macro-backtrace for more info)

error[E0277]: the trait bound `Entity: Related<Entity>` is not satisfied
   --> src/models/feeder/master/program_studi.rs:6:1
    |
  6 | #[sea_orm::model]
    | ^^^^^^^^^^^^^^^^^ unsatisfied trait bound
    |
help: the trait `sea_orm::Related<models::feeder::master::program_studi::Entity>` is not implemented for `models::feeder::master::rencana_pembelajaran::Entity`
   --> src/models/feeder/master/rencana_pembelajaran.rs:7:35
    |
  7 | #[derive(Clone, Debug, PartialEq, DeriveEntityModel, Serialize, Deseria...
    |                                   ^^^^^^^^^^^^^^^^^
help: the trait `Related<Entity>` is implemented for `models::feeder::referensi::periode_lampau::Entity`
   --> src/models/feeder/referensi/periode_lampau.rs:11:1
    |
 11 | #[sea_orm::model]
    | ^^^^^^^^^^^^^^^^^
note: required by a bound in `has_many`
   --> /home/bendo01/.cargo/registry/src/index.crates.io-1949cf8c6b5b557f/sea-orm-2.0.2/src/entity/base_entity.rs:123:26
    |
121 |     fn has_many<R>(_: R) -> RelationBuilder<Self, R>
    |        -------- required by a bound in this associated function
122 |     where
123 |         R: EntityTrait + Related<Self>,
    |                          ^^^^^^^^^^^^^ required by this bound in `EntityTrait::has_many`
    = note: the full name for the type has been written to '/home/bendo01/Projects/xsia_xarx/server/target/debug/deps/xsia_xarx-84a5e407a7f67ab6.long-type-7331564712396740499.txt'
    = note: consider using `--verbose` to print the full type name to the console
    = note: this error originates in the derive macro `DeriveRelation` which comes from the expansion of the derive macro `DeriveModelEx` (in Nightly builds, run with -Z macro-backtrace for more info)

error[E0277]: the trait bound `Entity: Related<Entity>` is not satisfied
   --> src/models/feeder/master/program_studi.rs:6:1
    |
  6 | #[sea_orm::model]
    | ^^^^^^^^^^^^^^^^^ unsatisfied trait bound
    |
help: the trait `sea_orm::Related<models::feeder::master::program_studi::Entity>` is not implemented for `Entity`
   --> src/models/feeder/master/riwayat_nilai_mahasiswa.rs:7:35
    |
  7 | #[derive(Clone, Debug, PartialEq, DeriveEntityModel, Serialize, Deseria...
    |                                   ^^^^^^^^^^^^^^^^^
help: the trait `Related<Entity>` is implemented for `models::feeder::referensi::periode_lampau::Entity`
   --> src/models/feeder/referensi/periode_lampau.rs:11:1
    |
 11 | #[sea_orm::model]
    | ^^^^^^^^^^^^^^^^^
note: required by a bound in `has_many`
   --> /home/bendo01/.cargo/registry/src/index.crates.io-1949cf8c6b5b557f/sea-orm-2.0.2/src/entity/base_entity.rs:123:26
    |
121 |     fn has_many<R>(_: R) -> RelationBuilder<Self, R>
    |        -------- required by a bound in this associated function
122 |     where
123 |         R: EntityTrait + Related<Self>,
    |                          ^^^^^^^^^^^^^ required by this bound in `EntityTrait::has_many`
    = note: the full name for the type has been written to '/home/bendo01/Projects/xsia_xarx/server/target/debug/deps/xsia_xarx-84a5e407a7f67ab6.long-type-13678860313761007236.txt'
    = note: consider using `--verbose` to print the full type name to the console
    = note: this error originates in the derive macro `DeriveRelation` which comes from the expansion of the derive macro `DeriveModelEx` (in Nightly builds, run with -Z macro-backtrace for more info)

error[E0277]: the trait bound `Entity: Related<Entity>` is not satisfied
   --> src/models/feeder/master/program_studi.rs:6:1
    |
  6 | #[sea_orm::model]
    | ^^^^^^^^^^^^^^^^^ unsatisfied trait bound
    |
help: the trait `sea_orm::Related<models::feeder::master::program_studi::Entity>` is not implemented for `Entity`
   --> src/models/feeder/master/riwayat_pendidikan_mahasiswa.rs:7:35
    |
  7 | #[derive(Clone, Debug, PartialEq, DeriveEntityModel, Serialize, Deseria...
    |                                   ^^^^^^^^^^^^^^^^^
help: the trait `Related<Entity>` is implemented for `models::feeder::referensi::periode_lampau::Entity`
   --> src/models/feeder/referensi/periode_lampau.rs:11:1
    |
 11 | #[sea_orm::model]
    | ^^^^^^^^^^^^^^^^^
note: required by a bound in `has_many`
   --> /home/bendo01/.cargo/registry/src/index.crates.io-1949cf8c6b5b557f/sea-orm-2.0.2/src/entity/base_entity.rs:123:26
    |
121 |     fn has_many<R>(_: R) -> RelationBuilder<Self, R>
    |        -------- required by a bound in this associated function
122 |     where
123 |         R: EntityTrait + Related<Self>,
    |                          ^^^^^^^^^^^^^ required by this bound in `EntityTrait::has_many`
    = note: the full name for the type has been written to '/home/bendo01/Projects/xsia_xarx/server/target/debug/deps/xsia_xarx-84a5e407a7f67ab6.long-type-11019701537030738523.txt'
    = note: consider using `--verbose` to print the full type name to the console
    = note: this error originates in the derive macro `DeriveRelation` which comes from the expansion of the derive macro `DeriveModelEx` (in Nightly builds, run with -Z macro-backtrace for more info)

error[E0277]: the trait bound `Entity: Related<Entity>` is not satisfied
   --> src/models/feeder/master/program_studi.rs:6:1
    |
  6 | #[sea_orm::model]
    | ^^^^^^^^^^^^^^^^^ unsatisfied trait bound
    |
help: the trait `sea_orm::Related<models::feeder::master::program_studi::Entity>` is not implemented for `Entity`
   --> src/models/feeder/master/skala_nilai_program_studi.rs:7:35
    |
  7 | #[derive(Clone, Debug, PartialEq, DeriveEntityModel, Serialize, Deseria...
    |                                   ^^^^^^^^^^^^^^^^^
help: the trait `Related<Entity>` is implemented for `models::feeder::referensi::periode_lampau::Entity`
   --> src/models/feeder/referensi/periode_lampau.rs:11:1
    |
 11 | #[sea_orm::model]
    | ^^^^^^^^^^^^^^^^^
note: required by a bound in `has_many`
   --> /home/bendo01/.cargo/registry/src/index.crates.io-1949cf8c6b5b557f/sea-orm-2.0.2/src/entity/base_entity.rs:123:26
    |
121 |     fn has_many<R>(_: R) -> RelationBuilder<Self, R>
    |        -------- required by a bound in this associated function
122 |     where
123 |         R: EntityTrait + Related<Self>,
    |                          ^^^^^^^^^^^^^ required by this bound in `EntityTrait::has_many`
    = note: the full name for the type has been written to '/home/bendo01/Projects/xsia_xarx/server/target/debug/deps/xsia_xarx-84a5e407a7f67ab6.long-type-9781223730811739505.txt'
    = note: consider using `--verbose` to print the full type name to the console
    = note: this error originates in the derive macro `DeriveRelation` which comes from the expansion of the derive macro `DeriveModelEx` (in Nightly builds, run with -Z macro-backtrace for more info)

error[E0277]: the trait bound `Entity: Related<Entity>` is not satisfied
   --> src/models/feeder/master/program_studi.rs:6:1
    |
  6 | #[sea_orm::model]
    | ^^^^^^^^^^^^^^^^^ unsatisfied trait bound
    |
help: the trait `sea_orm::Related<models::feeder::master::program_studi::Entity>` is not implemented for `models::feeder::master::substansi_matakuliah::Entity`
   --> src/models/feeder/master/substansi_matakuliah.rs:7:35
    |
  7 | #[derive(Clone, Debug, PartialEq, DeriveEntityModel, Serialize, Deseria...
    |                                   ^^^^^^^^^^^^^^^^^
help: the trait `Related<Entity>` is implemented for `models::feeder::referensi::periode_lampau::Entity`
   --> src/models/feeder/referensi/periode_lampau.rs:11:1
    |
 11 | #[sea_orm::model]
    | ^^^^^^^^^^^^^^^^^
note: required by a bound in `has_many`
   --> /home/bendo01/.cargo/registry/src/index.crates.io-1949cf8c6b5b557f/sea-orm-2.0.2/src/entity/base_entity.rs:123:26
    |
121 |     fn has_many<R>(_: R) -> RelationBuilder<Self, R>
    |        -------- required by a bound in this associated function
122 |     where
123 |         R: EntityTrait + Related<Self>,
    |                          ^^^^^^^^^^^^^ required by this bound in `EntityTrait::has_many`
    = note: the full name for the type has been written to '/home/bendo01/Projects/xsia_xarx/server/target/debug/deps/xsia_xarx-84a5e407a7f67ab6.long-type-8505119548697441590.txt'
    = note: consider using `--verbose` to print the full type name to the console
    = note: this error originates in the derive macro `DeriveRelation` which comes from the expansion of the derive macro `DeriveModelEx` (in Nightly builds, run with -Z macro-backtrace for more info)

error[E0277]: the trait bound `Entity: Related<Entity>` is not satisfied
   --> src/models/feeder/referensi/agama.rs:11:1
    |
 11 | #[sea_orm::model]
    | ^^^^^^^^^^^^^^^^^ unsatisfied trait bound
    |
help: the trait `sea_orm::Related<models::feeder::referensi::agama::Entity>` is not implemented for `models::feeder::master::biodata_dosen::Entity`
   --> src/models/feeder/master/biodata_dosen.rs:13:39
    |
 13 | #[derive(Clone, Debug, PartialEq, Eq, DeriveEntityModel, Serialize, Des...
    |                                       ^^^^^^^^^^^^^^^^^
    = help: the following other types implement trait `sea_orm::Related<R>`:
              `Entity` implements `Related<Entity>`
              `Entity` implements `Related<Entity>`
              `Entity` implements `Related<Entity>`
              `Entity` implements `Related<Entity>`
              `Entity` implements `Related<Entity>`
              `Entity` implements `Related<Entity>`
              `Entity` implements `Related<Entity>`
              `Entity` implements `Related<Entity>`
            and 415 others
note: required by a bound in `has_many`
   --> /home/bendo01/.cargo/registry/src/index.crates.io-1949cf8c6b5b557f/sea-orm-2.0.2/src/entity/base_entity.rs:123:26
    |
121 |     fn has_many<R>(_: R) -> RelationBuilder<Self, R>
    |        -------- required by a bound in this associated function
122 |     where
123 |         R: EntityTrait + Related<Self>,
    |                          ^^^^^^^^^^^^^ required by this bound in `EntityTrait::has_many`
    = note: the full name for the type has been written to '/home/bendo01/Projects/xsia_xarx/server/target/debug/deps/xsia_xarx-84a5e407a7f67ab6.long-type-7762436331645648195.txt'
    = note: consider using `--verbose` to print the full type name to the console
    = note: this error originates in the derive macro `DeriveRelation` which comes from the expansion of the derive macro `DeriveEntityModel` (in Nightly builds, run with -Z macro-backtrace for more info)

error[E0277]: the trait bound `Entity: Related<Entity>` is not satisfied
   --> src/models/feeder/referensi/agama.rs:11:1
    |
 11 | #[sea_orm::model]
    | ^^^^^^^^^^^^^^^^^ unsatisfied trait bound
    |
help: the trait `sea_orm::Related<models::feeder::referensi::agama::Entity>` is not implemented for `models::feeder::master::biodata_mahasiswa::Entity`
   --> src/models/feeder/master/biodata_mahasiswa.rs:7:39
    |
  7 | #[derive(Clone, Debug, PartialEq, Eq, DeriveEntityModel, Serialize, Des...
    |                                       ^^^^^^^^^^^^^^^^^
    = help: the following other types implement trait `sea_orm::Related<R>`:
              `Entity` implements `Related<Entity>`
              `Entity` implements `Related<Entity>`
              `Entity` implements `Related<Entity>`
              `Entity` implements `Related<Entity>`
              `Entity` implements `Related<Entity>`
              `Entity` implements `Related<Entity>`
              `Entity` implements `Related<Entity>`
              `Entity` implements `Related<Entity>`
            and 415 others
note: required by a bound in `has_many`
   --> /home/bendo01/.cargo/registry/src/index.crates.io-1949cf8c6b5b557f/sea-orm-2.0.2/src/entity/base_entity.rs:123:26
    |
121 |     fn has_many<R>(_: R) -> RelationBuilder<Self, R>
    |        -------- required by a bound in this associated function
122 |     where
123 |         R: EntityTrait + Related<Self>,
    |                          ^^^^^^^^^^^^^ required by this bound in `EntityTrait::has_many`
    = note: the full name for the type has been written to '/home/bendo01/Projects/xsia_xarx/server/target/debug/deps/xsia_xarx-84a5e407a7f67ab6.long-type-6898985981142019951.txt'
    = note: consider using `--verbose` to print the full type name to the console
    = note: this error originates in the derive macro `DeriveRelation` which comes from the expansion of the derive macro `DeriveEntityModel` (in Nightly builds, run with -Z macro-backtrace for more info)

error[E0277]: the trait bound `Entity: Related<Entity>` is not satisfied
   --> src/models/feeder/referensi/agama.rs:11:1
    |
 11 | #[sea_orm::model]
    | ^^^^^^^^^^^^^^^^^ unsatisfied trait bound
    |
help: the trait `sea_orm::Related<models::feeder::referensi::agama::Entity>` is not implemented for `models::feeder::master::dosen::Entity`
   --> src/models/feeder/master/dosen.rs:7:39
    |
  7 | #[derive(Clone, Debug, PartialEq, Eq, DeriveEntityModel, Serialize, Des...
    |                                       ^^^^^^^^^^^^^^^^^
    = help: the following other types implement trait `sea_orm::Related<R>`:
              `Entity` implements `Related<Entity>`
              `Entity` implements `Related<Entity>`
              `Entity` implements `Related<Entity>`
              `Entity` implements `Related<Entity>`
              `Entity` implements `Related<Entity>`
              `Entity` implements `Related<Entity>`
              `Entity` implements `Related<Entity>`
              `Entity` implements `Related<Entity>`
            and 415 others
note: required by a bound in `has_many`
   --> /home/bendo01/.cargo/registry/src/index.crates.io-1949cf8c6b5b557f/sea-orm-2.0.2/src/entity/base_entity.rs:123:26
    |
121 |     fn has_many<R>(_: R) -> RelationBuilder<Self, R>
    |        -------- required by a bound in this associated function
122 |     where
123 |         R: EntityTrait + Related<Self>,
    |                          ^^^^^^^^^^^^^ required by this bound in `EntityTrait::has_many`
    = note: the full name for the type has been written to '/home/bendo01/Projects/xsia_xarx/server/target/debug/deps/xsia_xarx-84a5e407a7f67ab6.long-type-17146772611830004767.txt'
    = note: consider using `--verbose` to print the full type name to the console
    = note: this error originates in the derive macro `DeriveRelation` which comes from the expansion of the derive macro `DeriveEntityModel` (in Nightly builds, run with -Z macro-backtrace for more info)

error[E0277]: the trait bound `Entity: Related<Entity>` is not satisfied
   --> src/models/feeder/referensi/agama.rs:11:1
    |
 11 | #[sea_orm::model]
    | ^^^^^^^^^^^^^^^^^ unsatisfied trait bound
    |
help: the trait `sea_orm::Related<models::feeder::referensi::agama::Entity>` is not implemented for `models::feeder::master::mahasiswa::Entity`
   --> src/models/feeder/master/mahasiswa.rs:7:35
    |
  7 | #[derive(Clone, Debug, PartialEq, DeriveEntityModel, Serialize, Deseria...
    |                                   ^^^^^^^^^^^^^^^^^
    = help: the following other types implement trait `sea_orm::Related<R>`:
              `Entity` implements `Related<Entity>`
              `Entity` implements `Related<Entity>`
              `Entity` implements `Related<Entity>`
              `Entity` implements `Related<Entity>`
              `Entity` implements `Related<Entity>`
              `Entity` implements `Related<Entity>`
              `Entity` implements `Related<Entity>`
              `Entity` implements `Related<Entity>`
            and 415 others
note: required by a bound in `has_many`
   --> /home/bendo01/.cargo/registry/src/index.crates.io-1949cf8c6b5b557f/sea-orm-2.0.2/src/entity/base_entity.rs:123:26
    |
121 |     fn has_many<R>(_: R) -> RelationBuilder<Self, R>
    |        -------- required by a bound in this associated function
122 |     where
123 |         R: EntityTrait + Related<Self>,
    |                          ^^^^^^^^^^^^^ required by this bound in `EntityTrait::has_many`
    = note: the full name for the type has been written to '/home/bendo01/Projects/xsia_xarx/server/target/debug/deps/xsia_xarx-84a5e407a7f67ab6.long-type-8039988701414030040.txt'
    = note: consider using `--verbose` to print the full type name to the console
    = note: this error originates in the derive macro `DeriveRelation` which comes from the expansion of the derive macro `DeriveEntityModel` (in Nightly builds, run with -Z macro-backtrace for more info)

error[E0277]: the trait bound `Entity: Related<Entity>` is not satisfied
   --> src/models/feeder/referensi/alat_transportasi.rs:11:1
    |
 11 | #[sea_orm::model]
    | ^^^^^^^^^^^^^^^^^ unsatisfied trait bound
    |
help: the trait `sea_orm::Related<models::feeder::referensi::alat_transportasi::Entity>` is not implemented for `models::feeder::master::biodata_mahasiswa::Entity`
   --> src/models/feeder/master/biodata_mahasiswa.rs:7:39
    |
  7 | #[derive(Clone, Debug, PartialEq, Eq, DeriveEntityModel, Serialize, Des...
    |                                       ^^^^^^^^^^^^^^^^^
    = help: the following other types implement trait `sea_orm::Related<R>`:
              `Entity` implements `Related<Entity>`
              `Entity` implements `Related<Entity>`
              `Entity` implements `Related<Entity>`
              `Entity` implements `Related<Entity>`
              `Entity` implements `Related<Entity>`
              `Entity` implements `Related<Entity>`
              `Entity` implements `Related<Entity>`
              `Entity` implements `Related<Entity>`
            and 415 others
note: required by a bound in `has_many`
   --> /home/bendo01/.cargo/registry/src/index.crates.io-1949cf8c6b5b557f/sea-orm-2.0.2/src/entity/base_entity.rs:123:26
    |
121 |     fn has_many<R>(_: R) -> RelationBuilder<Self, R>
    |        -------- required by a bound in this associated function
122 |     where
123 |         R: EntityTrait + Related<Self>,
    |                          ^^^^^^^^^^^^^ required by this bound in `EntityTrait::has_many`
    = note: the full name for the type has been written to '/home/bendo01/Projects/xsia_xarx/server/target/debug/deps/xsia_xarx-84a5e407a7f67ab6.long-type-4138183616702040578.txt'
    = note: consider using `--verbose` to print the full type name to the console
    = note: this error originates in the derive macro `DeriveRelation` which comes from the expansion of the derive macro `DeriveEntityModel` (in Nightly builds, run with -Z macro-backtrace for more info)

error[E0277]: the trait bound `Entity: Related<Entity>` is not satisfied
   --> src/models/feeder/referensi/jabatan_fungsional.rs:11:1
    |
 11 | #[sea_orm::model]
    | ^^^^^^^^^^^^^^^^^ unsatisfied trait bound
    |
help: the trait `sea_orm::Related<models::feeder::referensi::jabatan_fungsional::Entity>` is not implemented for `Entity`
   --> src/models/feeder/master/riwayat_fungsional_dosen.rs:7:39
    |
  7 | #[derive(Clone, Debug, PartialEq, Eq, DeriveEntityModel, Serialize, Des...
    |                                       ^^^^^^^^^^^^^^^^^
    = help: the following other types implement trait `sea_orm::Related<R>`:
              `Entity` implements `Related<Entity>`
              `Entity` implements `Related<Entity>`
              `Entity` implements `Related<Entity>`
              `Entity` implements `Related<Entity>`
              `Entity` implements `Related<Entity>`
              `Entity` implements `Related<Entity>`
              `Entity` implements `Related<Entity>`
              `Entity` implements `Related<Entity>`
            and 415 others
note: required by a bound in `has_many`
   --> /home/bendo01/.cargo/registry/src/index.crates.io-1949cf8c6b5b557f/sea-orm-2.0.2/src/entity/base_entity.rs:123:26
    |
121 |     fn has_many<R>(_: R) -> RelationBuilder<Self, R>
    |        -------- required by a bound in this associated function
122 |     where
123 |         R: EntityTrait + Related<Self>,
    |                          ^^^^^^^^^^^^^ required by this bound in `EntityTrait::has_many`
    = note: the full name for the type has been written to '/home/bendo01/Projects/xsia_xarx/server/target/debug/deps/xsia_xarx-84a5e407a7f67ab6.long-type-6188623569284078410.txt'
    = note: consider using `--verbose` to print the full type name to the console
    = note: this error originates in the derive macro `DeriveRelation` which comes from the expansion of the derive macro `DeriveEntityModel` (in Nightly builds, run with -Z macro-backtrace for more info)

error[E0277]: the trait bound `Entity: Related<Entity>` is not satisfied
   --> src/models/feeder/referensi/jalur_masuk.rs:11:1
    |
 11 | #[sea_orm::model]
    | ^^^^^^^^^^^^^^^^^ unsatisfied trait bound
    |
help: the trait `sea_orm::Related<models::feeder::referensi::jalur_masuk::Entity>` is not implemented for `Entity`
   --> src/models/feeder/master/mahasiswa_lulusan_dropout.rs:7:35
    |
  7 | #[derive(Clone, Debug, PartialEq, DeriveEntityModel, Serialize, Deseria...
    |                                   ^^^^^^^^^^^^^^^^^
    = help: the following other types implement trait `sea_orm::Related<R>`:
              `Entity` implements `Related<Entity>`
              `Entity` implements `Related<Entity>`
              `Entity` implements `Related<Entity>`
              `Entity` implements `Related<Entity>`
              `Entity` implements `Related<Entity>`
              `Entity` implements `Related<Entity>`
              `Entity` implements `Related<Entity>`
              `Entity` implements `Related<Entity>`
            and 415 others
note: required by a bound in `has_many`
   --> /home/bendo01/.cargo/registry/src/index.crates.io-1949cf8c6b5b557f/sea-orm-2.0.2/src/entity/base_entity.rs:123:26
    |
121 |     fn has_many<R>(_: R) -> RelationBuilder<Self, R>
    |        -------- required by a bound in this associated function
122 |     where
123 |         R: EntityTrait + Related<Self>,
    |                          ^^^^^^^^^^^^^ required by this bound in `EntityTrait::has_many`
    = note: the full name for the type has been written to '/home/bendo01/Projects/xsia_xarx/server/target/debug/deps/xsia_xarx-84a5e407a7f67ab6.long-type-4349855444420342760.txt'
    = note: consider using `--verbose` to print the full type name to the console
    = note: this error originates in the derive macro `DeriveRelation` which comes from the expansion of the derive macro `DeriveEntityModel` (in Nightly builds, run with -Z macro-backtrace for more info)

error[E0277]: the trait bound `Entity: Related<Entity>` is not satisfied
   --> src/models/feeder/referensi/jenis_evaluasi.rs:11:1
    |
 11 | #[sea_orm::model]
    | ^^^^^^^^^^^^^^^^^ unsatisfied trait bound
    |
help: the trait `sea_orm::Related<models::feeder::referensi::jenis_evaluasi::Entity>` is not implemented for `Entity`
   --> src/models/feeder/master/dosen_pengajar_kelas_kuliah.rs:7:35
    |
  7 | #[derive(Clone, Debug, PartialEq, DeriveEntityModel, Serialize, Deseria...
    |                                   ^^^^^^^^^^^^^^^^^
help: the trait `Related<Entity>` is implemented for `models::feeder::master::rencana_evaluasi::Entity`
   --> src/models/feeder/master/rencana_evaluasi.rs:6:1
    |
  6 | #[sea_orm::model]
    | ^^^^^^^^^^^^^^^^^
note: required by a bound in `has_many`
   --> /home/bendo01/.cargo/registry/src/index.crates.io-1949cf8c6b5b557f/sea-orm-2.0.2/src/entity/base_entity.rs:123:26
    |
121 |     fn has_many<R>(_: R) -> RelationBuilder<Self, R>
    |        -------- required by a bound in this associated function
122 |     where
123 |         R: EntityTrait + Related<Self>,
    |                          ^^^^^^^^^^^^^ required by this bound in `EntityTrait::has_many`
    = note: the full name for the type has been written to '/home/bendo01/Projects/xsia_xarx/server/target/debug/deps/xsia_xarx-84a5e407a7f67ab6.long-type-10783299074705001273.txt'
    = note: consider using `--verbose` to print the full type name to the console
    = note: this error originates in the derive macro `DeriveRelation` which comes from the expansion of the derive macro `DeriveModelEx` (in Nightly builds, run with -Z macro-backtrace for more info)

error[E0277]: the trait bound `Entity: Related<Entity>` is not satisfied
   --> src/models/feeder/referensi/jenis_evaluasi.rs:11:1
    |
 11 | #[sea_orm::model]
    | ^^^^^^^^^^^^^^^^^ unsatisfied trait bound
    |
help: the trait `sea_orm::Related<models::feeder::referensi::jenis_evaluasi::Entity>` is not implemented for `Entity`
   --> src/models/feeder/master/komponen_evaluasi_kelas.rs:7:39
    |
  7 | #[derive(Clone, Debug, PartialEq, Eq, DeriveEntityModel, Serialize, Des...
    |                                       ^^^^^^^^^^^^^^^^^
help: the trait `Related<Entity>` is implemented for `models::feeder::master::rencana_evaluasi::Entity`
   --> src/models/feeder/master/rencana_evaluasi.rs:6:1
    |
  6 | #[sea_orm::model]
    | ^^^^^^^^^^^^^^^^^
note: required by a bound in `has_many`
   --> /home/bendo01/.cargo/registry/src/index.crates.io-1949cf8c6b5b557f/sea-orm-2.0.2/src/entity/base_entity.rs:123:26
    |
121 |     fn has_many<R>(_: R) -> RelationBuilder<Self, R>
    |        -------- required by a bound in this associated function
122 |     where
123 |         R: EntityTrait + Related<Self>,
    |                          ^^^^^^^^^^^^^ required by this bound in `EntityTrait::has_many`
    = note: the full name for the type has been written to '/home/bendo01/Projects/xsia_xarx/server/target/debug/deps/xsia_xarx-84a5e407a7f67ab6.long-type-7371511244923572687.txt'
    = note: consider using `--verbose` to print the full type name to the console
    = note: this error originates in the derive macro `DeriveRelation` which comes from the expansion of the derive macro `DeriveModelEx` (in Nightly builds, run with -Z macro-backtrace for more info)

error[E0277]: the trait bound `Entity: Related<Entity>` is not satisfied
   --> src/models/feeder/referensi/jenis_keluar.rs:11:1
    |
 11 | #[sea_orm::model]
    | ^^^^^^^^^^^^^^^^^ unsatisfied trait bound
    |
help: the trait `sea_orm::Related<models::feeder::referensi::jenis_keluar::Entity>` is not implemented for `Entity`
   --> src/models/feeder/master/mahasiswa_lulusan_dropout.rs:7:35
    |
  7 | #[derive(Clone, Debug, PartialEq, DeriveEntityModel, Serialize, Deseria...
    |                                   ^^^^^^^^^^^^^^^^^
    = help: the following other types implement trait `sea_orm::Related<R>`:
              `Entity` implements `Related<Entity>`
              `Entity` implements `Related<Entity>`
              `Entity` implements `Related<Entity>`
              `Entity` implements `Related<Entity>`
              `Entity` implements `Related<Entity>`
              `Entity` implements `Related<Entity>`
              `Entity` implements `Related<Entity>`
              `Entity` implements `Related<Entity>`
            and 415 others
note: required by a bound in `has_many`
   --> /home/bendo01/.cargo/registry/src/index.crates.io-1949cf8c6b5b557f/sea-orm-2.0.2/src/entity/base_entity.rs:123:26
    |
121 |     fn has_many<R>(_: R) -> RelationBuilder<Self, R>
    |        -------- required by a bound in this associated function
122 |     where
123 |         R: EntityTrait + Related<Self>,
    |                          ^^^^^^^^^^^^^ required by this bound in `EntityTrait::has_many`
    = note: the full name for the type has been written to '/home/bendo01/Projects/xsia_xarx/server/target/debug/deps/xsia_xarx-84a5e407a7f67ab6.long-type-4349855444420342760.txt'
    = note: consider using `--verbose` to print the full type name to the console
    = note: this error originates in the derive macro `DeriveRelation` which comes from the expansion of the derive macro `DeriveEntityModel` (in Nightly builds, run with -Z macro-backtrace for more info)

error[E0277]: the trait bound `Entity: Related<Entity>` is not satisfied
   --> src/models/feeder/referensi/jenis_keluar.rs:11:1
    |
 11 | #[sea_orm::model]
    | ^^^^^^^^^^^^^^^^^ unsatisfied trait bound
    |
help: the trait `sea_orm::Related<models::feeder::referensi::jenis_keluar::Entity>` is not implemented for `Entity`
   --> src/models/feeder/master/riwayat_pendidikan_mahasiswa.rs:7:35
    |
  7 | #[derive(Clone, Debug, PartialEq, DeriveEntityModel, Serialize, Deseria...
    |                                   ^^^^^^^^^^^^^^^^^
    = help: the following other types implement trait `sea_orm::Related<R>`:
              `Entity` implements `Related<Entity>`
              `Entity` implements `Related<Entity>`
              `Entity` implements `Related<Entity>`
              `Entity` implements `Related<Entity>`
              `Entity` implements `Related<Entity>`
              `Entity` implements `Related<Entity>`
              `Entity` implements `Related<Entity>`
              `Entity` implements `Related<Entity>`
            and 415 others
note: required by a bound in `has_many`
   --> /home/bendo01/.cargo/registry/src/index.crates.io-1949cf8c6b5b557f/sea-orm-2.0.2/src/entity/base_entity.rs:123:26
    |
121 |     fn has_many<R>(_: R) -> RelationBuilder<Self, R>
    |        -------- required by a bound in this associated function
122 |     where
123 |         R: EntityTrait + Related<Self>,
    |                          ^^^^^^^^^^^^^ required by this bound in `EntityTrait::has_many`
    = note: the full name for the type has been written to '/home/bendo01/Projects/xsia_xarx/server/target/debug/deps/xsia_xarx-84a5e407a7f67ab6.long-type-11019701537030738523.txt'
    = note: consider using `--verbose` to print the full type name to the console
    = note: this error originates in the derive macro `DeriveRelation` which comes from the expansion of the derive macro `DeriveEntityModel` (in Nightly builds, run with -Z macro-backtrace for more info)

error[E0277]: the trait bound `Entity: Related<Entity>` is not satisfied
   --> src/models/feeder/referensi/jenis_prestasi.rs:11:1
    |
 11 | #[sea_orm::model]
    | ^^^^^^^^^^^^^^^^^ unsatisfied trait bound
    |
help: the trait `sea_orm::Related<models::feeder::referensi::jenis_prestasi::Entity>` is not implemented for `models::feeder::master::prestasi_mahasiswa::Entity`
   --> src/models/feeder/master/prestasi_mahasiswa.rs:7:39
    |
  7 | #[derive(Clone, Debug, PartialEq, Eq, DeriveEntityModel, Serialize, Des...
    |                                       ^^^^^^^^^^^^^^^^^
    = help: the following other types implement trait `sea_orm::Related<R>`:
              `Entity` implements `Related<Entity>`
              `Entity` implements `Related<Entity>`
              `Entity` implements `Related<Entity>`
              `Entity` implements `Related<Entity>`
              `Entity` implements `Related<Entity>`
              `Entity` implements `Related<Entity>`
              `Entity` implements `Related<Entity>`
              `Entity` implements `Related<Entity>`
            and 415 others
note: required by a bound in `has_many`
   --> /home/bendo01/.cargo/registry/src/index.crates.io-1949cf8c6b5b557f/sea-orm-2.0.2/src/entity/base_entity.rs:123:26
    |
121 |     fn has_many<R>(_: R) -> RelationBuilder<Self, R>
    |        -------- required by a bound in this associated function
122 |     where
123 |         R: EntityTrait + Related<Self>,
    |                          ^^^^^^^^^^^^^ required by this bound in `EntityTrait::has_many`
    = note: the full name for the type has been written to '/home/bendo01/Projects/xsia_xarx/server/target/debug/deps/xsia_xarx-84a5e407a7f67ab6.long-type-3168471457205767585.txt'
    = note: consider using `--verbose` to print the full type name to the console
    = note: this error originates in the derive macro `DeriveRelation` which comes from the expansion of the derive macro `DeriveEntityModel` (in Nightly builds, run with -Z macro-backtrace for more info)

error[E0277]: the trait bound `Entity: Related<Entity>` is not satisfied
   --> src/models/feeder/referensi/jenis_sertifikasi.rs:11:1
    |
 11 | #[sea_orm::model]
    | ^^^^^^^^^^^^^^^^^ unsatisfied trait bound
    |
help: the trait `sea_orm::Related<models::feeder::referensi::jenis_sertifikasi::Entity>` is not implemented for `Entity`
   --> src/models/feeder/master/riwayat_sertifikasi_dosen.rs:7:39
    |
  7 | #[derive(Clone, Debug, PartialEq, Eq, DeriveEntityModel, Serialize, Des...
    |                                       ^^^^^^^^^^^^^^^^^
    = help: the following other types implement trait `sea_orm::Related<R>`:
              `Entity` implements `Related<Entity>`
              `Entity` implements `Related<Entity>`
              `Entity` implements `Related<Entity>`
              `Entity` implements `Related<Entity>`
              `Entity` implements `Related<Entity>`
              `Entity` implements `Related<Entity>`
              `Entity` implements `Related<Entity>`
              `Entity` implements `Related<Entity>`
            and 415 others
note: required by a bound in `has_many`
   --> /home/bendo01/.cargo/registry/src/index.crates.io-1949cf8c6b5b557f/sea-orm-2.0.2/src/entity/base_entity.rs:123:26
    |
121 |     fn has_many<R>(_: R) -> RelationBuilder<Self, R>
    |        -------- required by a bound in this associated function
122 |     where
123 |         R: EntityTrait + Related<Self>,
    |                          ^^^^^^^^^^^^^ required by this bound in `EntityTrait::has_many`
    = note: the full name for the type has been written to '/home/bendo01/Projects/xsia_xarx/server/target/debug/deps/xsia_xarx-84a5e407a7f67ab6.long-type-13471608694907231829.txt'
    = note: consider using `--verbose` to print the full type name to the console
    = note: this error originates in the derive macro `DeriveRelation` which comes from the expansion of the derive macro `DeriveEntityModel` (in Nightly builds, run with -Z macro-backtrace for more info)

error[E0277]: the trait bound `Entity: Related<Entity>` is not satisfied
   --> src/models/feeder/referensi/jenis_substansi.rs:11:1
    |
 11 | #[sea_orm::model]
    | ^^^^^^^^^^^^^^^^^ unsatisfied trait bound
    |
help: the trait `sea_orm::Related<models::feeder::referensi::jenis_substansi::Entity>` is not implemented for `models::feeder::master::substansi_matakuliah::Entity`
   --> src/models/feeder/master/substansi_matakuliah.rs:7:35
    |
  7 | #[derive(Clone, Debug, PartialEq, DeriveEntityModel, Serialize, Deseria...
    |                                   ^^^^^^^^^^^^^^^^^
    = help: the following other types implement trait `sea_orm::Related<R>`:
              `Entity` implements `Related<Entity>`
              `Entity` implements `Related<Entity>`
              `Entity` implements `Related<Entity>`
              `Entity` implements `Related<Entity>`
              `Entity` implements `Related<Entity>`
              `Entity` implements `Related<Entity>`
              `Entity` implements `Related<Entity>`
              `Entity` implements `Related<Entity>`
            and 415 others
note: required by a bound in `has_many`
   --> /home/bendo01/.cargo/registry/src/index.crates.io-1949cf8c6b5b557f/sea-orm-2.0.2/src/entity/base_entity.rs:123:26
    |
121 |     fn has_many<R>(_: R) -> RelationBuilder<Self, R>
    |        -------- required by a bound in this associated function
122 |     where
123 |         R: EntityTrait + Related<Self>,
    |                          ^^^^^^^^^^^^^ required by this bound in `EntityTrait::has_many`
    = note: the full name for the type has been written to '/home/bendo01/Projects/xsia_xarx/server/target/debug/deps/xsia_xarx-84a5e407a7f67ab6.long-type-4278222188442064924.txt'
    = note: consider using `--verbose` to print the full type name to the console
    = note: this error originates in the derive macro `DeriveRelation` which comes from the expansion of the derive macro `DeriveEntityModel` (in Nightly builds, run with -Z macro-backtrace for more info)

error[E0277]: the trait bound `Entity: Related<Entity>` is not satisfied
   --> src/models/feeder/referensi/jenis_tinggal.rs:11:1
    |
 11 | #[sea_orm::model]
    | ^^^^^^^^^^^^^^^^^ unsatisfied trait bound
    |
help: the trait `sea_orm::Related<models::feeder::referensi::jenis_tinggal::Entity>` is not implemented for `models::feeder::master::biodata_mahasiswa::Entity`
   --> src/models/feeder/master/biodata_mahasiswa.rs:7:39
    |
  7 | #[derive(Clone, Debug, PartialEq, Eq, DeriveEntityModel, Serialize, Des...
    |                                       ^^^^^^^^^^^^^^^^^
    = help: the following other types implement trait `sea_orm::Related<R>`:
              `Entity` implements `Related<Entity>`
              `Entity` implements `Related<Entity>`
              `Entity` implements `Related<Entity>`
              `Entity` implements `Related<Entity>`
              `Entity` implements `Related<Entity>`
              `Entity` implements `Related<Entity>`
              `Entity` implements `Related<Entity>`
              `Entity` implements `Related<Entity>`
            and 415 others
note: required by a bound in `has_many`
   --> /home/bendo01/.cargo/registry/src/index.crates.io-1949cf8c6b5b557f/sea-orm-2.0.2/src/entity/base_entity.rs:123:26
    |
121 |     fn has_many<R>(_: R) -> RelationBuilder<Self, R>
    |        -------- required by a bound in this associated function
122 |     where
123 |         R: EntityTrait + Related<Self>,
    |                          ^^^^^^^^^^^^^ required by this bound in `EntityTrait::has_many`
    = note: the full name for the type has been written to '/home/bendo01/Projects/xsia_xarx/server/target/debug/deps/xsia_xarx-84a5e407a7f67ab6.long-type-2264810176508604573.txt'
    = note: consider using `--verbose` to print the full type name to the console
    = note: this error originates in the derive macro `DeriveRelation` which comes from the expansion of the derive macro `DeriveEntityModel` (in Nightly builds, run with -Z macro-backtrace for more info)

error[E0277]: the trait bound `Entity: Related<Entity>` is not satisfied
   --> src/models/feeder/referensi/jenjang_pendidikan.rs:11:1
    |
 11 | #[sea_orm::model]
    | ^^^^^^^^^^^^^^^^^ unsatisfied trait bound
    |
help: the trait `sea_orm::Related<models::feeder::referensi::jenjang_pendidikan::Entity>` is not implemented for `models::feeder::master::fakultas::Entity`
   --> src/models/feeder/master/fakultas.rs:7:39
    |
  7 | #[derive(Clone, Debug, PartialEq, Eq, DeriveEntityModel, Serialize, Des...
    |                                       ^^^^^^^^^^^^^^^^^
    = help: the following other types implement trait `sea_orm::Related<R>`:
              `Entity` implements `Related<Entity>`
              `Entity` implements `Related<Entity>`
              `Entity` implements `Related<Entity>`
              `Entity` implements `Related<Entity>`
              `Entity` implements `Related<Entity>`
              `Entity` implements `Related<Entity>`
              `Entity` implements `Related<Entity>`
              `Entity` implements `Related<Entity>`
            and 415 others
note: required by a bound in `has_many`
   --> /home/bendo01/.cargo/registry/src/index.crates.io-1949cf8c6b5b557f/sea-orm-2.0.2/src/entity/base_entity.rs:123:26
    |
121 |     fn has_many<R>(_: R) -> RelationBuilder<Self, R>
    |        -------- required by a bound in this associated function
122 |     where
123 |         R: EntityTrait + Related<Self>,
    |                          ^^^^^^^^^^^^^ required by this bound in `EntityTrait::has_many`
    = note: the full name for the type has been written to '/home/bendo01/Projects/xsia_xarx/server/target/debug/deps/xsia_xarx-84a5e407a7f67ab6.long-type-3430741190199752127.txt'
    = note: consider using `--verbose` to print the full type name to the console
    = note: this error originates in the derive macro `DeriveRelation` which comes from the expansion of the derive macro `DeriveEntityModel` (in Nightly builds, run with -Z macro-backtrace for more info)

error[E0277]: the trait bound `Entity: Related<Entity>` is not satisfied
   --> src/models/feeder/referensi/jenjang_pendidikan.rs:11:1
    |
 11 | #[sea_orm::model]
    | ^^^^^^^^^^^^^^^^^ unsatisfied trait bound
    |
help: the trait `sea_orm::Related<models::feeder::referensi::jenjang_pendidikan::Entity>` is not implemented for `models::feeder::master::program_studi::Entity`
   --> src/models/feeder/master/program_studi.rs:7:39
    |
  7 | #[derive(Clone, Debug, PartialEq, Eq, DeriveEntityModel, Serialize, Des...
    |                                       ^^^^^^^^^^^^^^^^^
    = help: the following other types implement trait `sea_orm::Related<R>`:
              `Entity` implements `Related<Entity>`
              `Entity` implements `Related<Entity>`
              `Entity` implements `Related<Entity>`
              `Entity` implements `Related<Entity>`
              `Entity` implements `Related<Entity>`
              `Entity` implements `Related<Entity>`
              `Entity` implements `Related<Entity>`
              `Entity` implements `Related<Entity>`
            and 415 others
note: required by a bound in `has_many`
   --> /home/bendo01/.cargo/registry/src/index.crates.io-1949cf8c6b5b557f/sea-orm-2.0.2/src/entity/base_entity.rs:123:26
    |
121 |     fn has_many<R>(_: R) -> RelationBuilder<Self, R>
    |        -------- required by a bound in this associated function
122 |     where
123 |         R: EntityTrait + Related<Self>,
    |                          ^^^^^^^^^^^^^ required by this bound in `EntityTrait::has_many`
    = note: the full name for the type has been written to '/home/bendo01/Projects/xsia_xarx/server/target/debug/deps/xsia_xarx-84a5e407a7f67ab6.long-type-3255793626711516083.txt'
    = note: consider using `--verbose` to print the full type name to the console
    = note: this error originates in the derive macro `DeriveRelation` which comes from the expansion of the derive macro `DeriveEntityModel` (in Nightly builds, run with -Z macro-backtrace for more info)

error[E0277]: the trait bound `Entity: Related<Entity>` is not satisfied
   --> src/models/feeder/referensi/jenjang_pendidikan.rs:11:1
    |
 11 | #[sea_orm::model]
    | ^^^^^^^^^^^^^^^^^ unsatisfied trait bound
    |
help: the trait `sea_orm::Related<models::feeder::referensi::jenjang_pendidikan::Entity>` is not implemented for `Entity`
   --> src/models/feeder/master/riwayat_pendidikan_dosen.rs:7:35
    |
  7 | #[derive(Clone, Debug, PartialEq, DeriveEntityModel, Serialize, Deseria...
    |                                   ^^^^^^^^^^^^^^^^^
    = help: the following other types implement trait `sea_orm::Related<R>`:
              `Entity` implements `Related<Entity>`
              `Entity` implements `Related<Entity>`
              `Entity` implements `Related<Entity>`
              `Entity` implements `Related<Entity>`
              `Entity` implements `Related<Entity>`
              `Entity` implements `Related<Entity>`
              `Entity` implements `Related<Entity>`
              `Entity` implements `Related<Entity>`
            and 415 others
note: required by a bound in `has_many`
   --> /home/bendo01/.cargo/registry/src/index.crates.io-1949cf8c6b5b557f/sea-orm-2.0.2/src/entity/base_entity.rs:123:26
    |
121 |     fn has_many<R>(_: R) -> RelationBuilder<Self, R>
    |        -------- required by a bound in this associated function
122 |     where
123 |         R: EntityTrait + Related<Self>,
    |                          ^^^^^^^^^^^^^ required by this bound in `EntityTrait::has_many`
    = note: the full name for the type has been written to '/home/bendo01/Projects/xsia_xarx/server/target/debug/deps/xsia_xarx-84a5e407a7f67ab6.long-type-17415172266194113017.txt'
    = note: consider using `--verbose` to print the full type name to the console
    = note: this error originates in the derive macro `DeriveRelation` which comes from the expansion of the derive macro `DeriveEntityModel` (in Nightly builds, run with -Z macro-backtrace for more info)

error[E0277]: the trait bound `Entity: Related<Entity>` is not satisfied
   --> src/models/feeder/referensi/kategori_kegiatan.rs:11:1
    |
 11 | #[sea_orm::model]
    | ^^^^^^^^^^^^^^^^^ unsatisfied trait bound
    |
help: the trait `sea_orm::Related<models::feeder::referensi::kategori_kegiatan::Entity>` is not implemented for `models::feeder::master::bimbing_mahasiswa::Entity`
   --> src/models/feeder/master/bimbing_mahasiswa.rs:7:39
    |
  7 | #[derive(Clone, Debug, PartialEq, Eq, DeriveEntityModel, Serialize, Des...
    |                                       ^^^^^^^^^^^^^^^^^
    = help: the following other types implement trait `sea_orm::Related<R>`:
              `Entity` implements `Related<Entity>`
              `Entity` implements `Related<Entity>`
              `Entity` implements `Related<Entity>`
              `Entity` implements `Related<Entity>`
              `Entity` implements `Related<Entity>`
              `Entity` implements `Related<Entity>`
              `Entity` implements `Related<Entity>`
              `Entity` implements `Related<Entity>`
            and 415 others
note: required by a bound in `has_many`
   --> /home/bendo01/.cargo/registry/src/index.crates.io-1949cf8c6b5b557f/sea-orm-2.0.2/src/entity/base_entity.rs:123:26
    |
121 |     fn has_many<R>(_: R) -> RelationBuilder<Self, R>
    |        -------- required by a bound in this associated function
122 |     where
123 |         R: EntityTrait + Related<Self>,
    |                          ^^^^^^^^^^^^^ required by this bound in `EntityTrait::has_many`
    = note: the full name for the type has been written to '/home/bendo01/Projects/xsia_xarx/server/target/debug/deps/xsia_xarx-84a5e407a7f67ab6.long-type-5776052513126913945.txt'
    = note: consider using `--verbose` to print the full type name to the console
    = note: this error originates in the derive macro `DeriveRelation` which comes from the expansion of the derive macro `DeriveEntityModel` (in Nightly builds, run with -Z macro-backtrace for more info)

error[E0277]: the trait bound `Entity: Related<Entity>` is not satisfied
   --> src/models/feeder/referensi/kategori_kegiatan.rs:11:1
    |
 11 | #[sea_orm::model]
    | ^^^^^^^^^^^^^^^^^ unsatisfied trait bound
    |
help: the trait `sea_orm::Related<models::feeder::referensi::kategori_kegiatan::Entity>` is not implemented for `Entity`
   --> src/models/feeder/master/mahasiswa_bimbingan_dosen.rs:7:39
    |
  7 | #[derive(Clone, Debug, PartialEq, Eq, DeriveEntityModel, Serialize, Des...
    |                                       ^^^^^^^^^^^^^^^^^
    = help: the following other types implement trait `sea_orm::Related<R>`:
              `Entity` implements `Related<Entity>`
              `Entity` implements `Related<Entity>`
              `Entity` implements `Related<Entity>`
              `Entity` implements `Related<Entity>`
              `Entity` implements `Related<Entity>`
              `Entity` implements `Related<Entity>`
              `Entity` implements `Related<Entity>`
              `Entity` implements `Related<Entity>`
            and 415 others
note: required by a bound in `has_many`
   --> /home/bendo01/.cargo/registry/src/index.crates.io-1949cf8c6b5b557f/sea-orm-2.0.2/src/entity/base_entity.rs:123:26
    |
121 |     fn has_many<R>(_: R) -> RelationBuilder<Self, R>
    |        -------- required by a bound in this associated function
122 |     where
123 |         R: EntityTrait + Related<Self>,
    |                          ^^^^^^^^^^^^^ required by this bound in `EntityTrait::has_many`
    = note: the full name for the type has been written to '/home/bendo01/Projects/xsia_xarx/server/target/debug/deps/xsia_xarx-84a5e407a7f67ab6.long-type-9997982796058488863.txt'
    = note: consider using `--verbose` to print the full type name to the console
    = note: this error originates in the derive macro `DeriveRelation` which comes from the expansion of the derive macro `DeriveEntityModel` (in Nightly builds, run with -Z macro-backtrace for more info)

error[E0277]: the trait bound `Entity: Related<Entity>` is not satisfied
   --> src/models/feeder/referensi/kategori_kegiatan.rs:11:1
    |
 11 | #[sea_orm::model]
    | ^^^^^^^^^^^^^^^^^ unsatisfied trait bound
    |
help: the trait `sea_orm::Related<models::feeder::referensi::kategori_kegiatan::Entity>` is not implemented for `models::feeder::master::uji_mahasiswa::Entity`
   --> src/models/feeder/master/uji_mahasiswa.rs:7:39
    |
  7 | #[derive(Clone, Debug, PartialEq, Eq, DeriveEntityModel, Serialize, Des...
    |                                       ^^^^^^^^^^^^^^^^^
    = help: the following other types implement trait `sea_orm::Related<R>`:
              `Entity` implements `Related<Entity>`
              `Entity` implements `Related<Entity>`
              `Entity` implements `Related<Entity>`
              `Entity` implements `Related<Entity>`
              `Entity` implements `Related<Entity>`
              `Entity` implements `Related<Entity>`
              `Entity` implements `Related<Entity>`
              `Entity` implements `Related<Entity>`
            and 415 others
note: required by a bound in `has_many`
   --> /home/bendo01/.cargo/registry/src/index.crates.io-1949cf8c6b5b557f/sea-orm-2.0.2/src/entity/base_entity.rs:123:26
    |
121 |     fn has_many<R>(_: R) -> RelationBuilder<Self, R>
    |        -------- required by a bound in this associated function
122 |     where
123 |         R: EntityTrait + Related<Self>,
    |                          ^^^^^^^^^^^^^ required by this bound in `EntityTrait::has_many`
    = note: the full name for the type has been written to '/home/bendo01/Projects/xsia_xarx/server/target/debug/deps/xsia_xarx-84a5e407a7f67ab6.long-type-8863775645482609370.txt'
    = note: consider using `--verbose` to print the full type name to the console
    = note: this error originates in the derive macro `DeriveRelation` which comes from the expansion of the derive macro `DeriveEntityModel` (in Nightly builds, run with -Z macro-backtrace for more info)

error[E0277]: the trait bound `Entity: Related<Entity>` is not satisfied
   --> src/models/feeder/referensi/level_wilayah.rs:11:1
    |
 11 | #[sea_orm::model]
    | ^^^^^^^^^^^^^^^^^ unsatisfied trait bound
    |
help: the trait `sea_orm::Related<models::feeder::referensi::level_wilayah::Entity>` is not implemented for `models::feeder::referensi::wilayah::Entity`
   --> src/models/feeder/referensi/wilayah.rs:12:39
    |
 12 | #[derive(Clone, Debug, PartialEq, Eq, DeriveEntityModel)]
    |                                       ^^^^^^^^^^^^^^^^^
    = help: the following other types implement trait `sea_orm::Related<R>`:
              `Entity` implements `Related<Entity>`
              `Entity` implements `Related<Entity>`
              `Entity` implements `Related<Entity>`
              `Entity` implements `Related<Entity>`
              `Entity` implements `Related<Entity>`
              `Entity` implements `Related<Entity>`
              `Entity` implements `Related<Entity>`
              `Entity` implements `Related<Entity>`
            and 415 others
note: required by a bound in `has_many`
   --> /home/bendo01/.cargo/registry/src/index.crates.io-1949cf8c6b5b557f/sea-orm-2.0.2/src/entity/base_entity.rs:123:26
    |
121 |     fn has_many<R>(_: R) -> RelationBuilder<Self, R>
    |        -------- required by a bound in this associated function
122 |     where
123 |         R: EntityTrait + Related<Self>,
    |                          ^^^^^^^^^^^^^ required by this bound in `EntityTrait::has_many`
    = note: the full name for the type has been written to '/home/bendo01/Projects/xsia_xarx/server/target/debug/deps/xsia_xarx-84a5e407a7f67ab6.long-type-13851907277293688861.txt'
    = note: consider using `--verbose` to print the full type name to the console
    = note: this error originates in the derive macro `DeriveRelation` which comes from the expansion of the derive macro `DeriveEntityModel` (in Nightly builds, run with -Z macro-backtrace for more info)

error[E0277]: the trait bound `Entity: Related<Entity>` is not satisfied
   --> src/models/feeder/referensi/negara.rs:11:1
    |
 11 | #[sea_orm::model]
    | ^^^^^^^^^^^^^^^^^ unsatisfied trait bound
    |
help: the trait `sea_orm::Related<models::feeder::referensi::negara::Entity>` is not implemented for `models::feeder::master::biodata_mahasiswa::Entity`
   --> src/models/feeder/master/biodata_mahasiswa.rs:7:39
    |
  7 | #[derive(Clone, Debug, PartialEq, Eq, DeriveEntityModel, Serialize, Des...
    |                                       ^^^^^^^^^^^^^^^^^
    = help: the following other types implement trait `sea_orm::Related<R>`:
              `Entity` implements `Related<Entity>`
              `Entity` implements `Related<Entity>`
              `Entity` implements `Related<Entity>`
              `Entity` implements `Related<Entity>`
              `Entity` implements `Related<Entity>`
              `Entity` implements `Related<Entity>`
              `Entity` implements `Related<Entity>`
              `Entity` implements `Related<Entity>`
            and 415 others
note: required by a bound in `has_many`
   --> /home/bendo01/.cargo/registry/src/index.crates.io-1949cf8c6b5b557f/sea-orm-2.0.2/src/entity/base_entity.rs:123:26
    |
121 |     fn has_many<R>(_: R) -> RelationBuilder<Self, R>
    |        -------- required by a bound in this associated function
122 |     where
123 |         R: EntityTrait + Related<Self>,
    |                          ^^^^^^^^^^^^^ required by this bound in `EntityTrait::has_many`
    = note: the full name for the type has been written to '/home/bendo01/Projects/xsia_xarx/server/target/debug/deps/xsia_xarx-84a5e407a7f67ab6.long-type-15732896777810347778.txt'
    = note: consider using `--verbose` to print the full type name to the console
    = note: this error originates in the derive macro `DeriveRelation` which comes from the expansion of the derive macro `DeriveEntityModel` (in Nightly builds, run with -Z macro-backtrace for more info)

error[E0277]: the trait bound `Entity: Related<Entity>` is not satisfied
   --> src/models/feeder/referensi/negara.rs:11:1
    |
 11 | #[sea_orm::model]
    | ^^^^^^^^^^^^^^^^^ unsatisfied trait bound
    |
help: the trait `sea_orm::Related<models::feeder::referensi::negara::Entity>` is not implemented for `models::feeder::referensi::wilayah::Entity`
   --> src/models/feeder/referensi/wilayah.rs:12:39
    |
 12 | #[derive(Clone, Debug, PartialEq, Eq, DeriveEntityModel)]
    |                                       ^^^^^^^^^^^^^^^^^
    = help: the following other types implement trait `sea_orm::Related<R>`:
              `Entity` implements `Related<Entity>`
              `Entity` implements `Related<Entity>`
              `Entity` implements `Related<Entity>`
              `Entity` implements `Related<Entity>`
              `Entity` implements `Related<Entity>`
              `Entity` implements `Related<Entity>`
              `Entity` implements `Related<Entity>`
              `Entity` implements `Related<Entity>`
            and 415 others
note: required by a bound in `has_many`
   --> /home/bendo01/.cargo/registry/src/index.crates.io-1949cf8c6b5b557f/sea-orm-2.0.2/src/entity/base_entity.rs:123:26
    |
121 |     fn has_many<R>(_: R) -> RelationBuilder<Self, R>
    |        -------- required by a bound in this associated function
122 |     where
123 |         R: EntityTrait + Related<Self>,
    |                          ^^^^^^^^^^^^^ required by this bound in `EntityTrait::has_many`
    = note: the full name for the type has been written to '/home/bendo01/Projects/xsia_xarx/server/target/debug/deps/xsia_xarx-84a5e407a7f67ab6.long-type-13677958120887988422.txt'
    = note: consider using `--verbose` to print the full type name to the console
    = note: this error originates in the derive macro `DeriveRelation` which comes from the expansion of the derive macro `DeriveEntityModel` (in Nightly builds, run with -Z macro-backtrace for more info)

error[E0277]: the trait bound `Entity: Related<Entity>` is not satisfied
   --> src/models/feeder/referensi/pangkat_golongan.rs:11:1
    |
 11 | #[sea_orm::model]
    | ^^^^^^^^^^^^^^^^^ unsatisfied trait bound
    |
help: the trait `sea_orm::Related<models::feeder::referensi::pangkat_golongan::Entity>` is not implemented for `models::feeder::master::biodata_dosen::Entity`
   --> src/models/feeder/master/biodata_dosen.rs:13:39
    |
 13 | #[derive(Clone, Debug, PartialEq, Eq, DeriveEntityModel, Serialize, Des...
    |                                       ^^^^^^^^^^^^^^^^^
    = help: the following other types implement trait `sea_orm::Related<R>`:
              `Entity` implements `Related<Entity>`
              `Entity` implements `Related<Entity>`
              `Entity` implements `Related<Entity>`
              `Entity` implements `Related<Entity>`
              `Entity` implements `Related<Entity>`
              `Entity` implements `Related<Entity>`
              `Entity` implements `Related<Entity>`
              `Entity` implements `Related<Entity>`
            and 415 others
note: required by a bound in `has_many`
   --> /home/bendo01/.cargo/registry/src/index.crates.io-1949cf8c6b5b557f/sea-orm-2.0.2/src/entity/base_entity.rs:123:26
    |
121 |     fn has_many<R>(_: R) -> RelationBuilder<Self, R>
    |        -------- required by a bound in this associated function
122 |     where
123 |         R: EntityTrait + Related<Self>,
    |                          ^^^^^^^^^^^^^ required by this bound in `EntityTrait::has_many`
    = note: the full name for the type has been written to '/home/bendo01/Projects/xsia_xarx/server/target/debug/deps/xsia_xarx-84a5e407a7f67ab6.long-type-2894485954545460547.txt'
    = note: consider using `--verbose` to print the full type name to the console
    = note: this error originates in the derive macro `DeriveRelation` which comes from the expansion of the derive macro `DeriveEntityModel` (in Nightly builds, run with -Z macro-backtrace for more info)

error[E0277]: the trait bound `Entity: Related<Entity>` is not satisfied
   --> src/models/feeder/referensi/pangkat_golongan.rs:11:1
    |
 11 | #[sea_orm::model]
    | ^^^^^^^^^^^^^^^^^ unsatisfied trait bound
    |
help: the trait `sea_orm::Related<models::feeder::referensi::pangkat_golongan::Entity>` is not implemented for `models::feeder::master::riwayat_pangkat_dosen::Entity`
   --> src/models/feeder/master/riwayat_pangkat_dosen.rs:7:39
    |
  7 | #[derive(Clone, Debug, PartialEq, Eq, DeriveEntityModel, Serialize, Des...
    |                                       ^^^^^^^^^^^^^^^^^
    = help: the following other types implement trait `sea_orm::Related<R>`:
              `Entity` implements `Related<Entity>`
              `Entity` implements `Related<Entity>`
              `Entity` implements `Related<Entity>`
              `Entity` implements `Related<Entity>`
              `Entity` implements `Related<Entity>`
              `Entity` implements `Related<Entity>`
              `Entity` implements `Related<Entity>`
              `Entity` implements `Related<Entity>`
            and 415 others
note: required by a bound in `has_many`
   --> /home/bendo01/.cargo/registry/src/index.crates.io-1949cf8c6b5b557f/sea-orm-2.0.2/src/entity/base_entity.rs:123:26
    |
121 |     fn has_many<R>(_: R) -> RelationBuilder<Self, R>
    |        -------- required by a bound in this associated function
122 |     where
123 |         R: EntityTrait + Related<Self>,
    |                          ^^^^^^^^^^^^^ required by this bound in `EntityTrait::has_many`
    = note: the full name for the type has been written to '/home/bendo01/Projects/xsia_xarx/server/target/debug/deps/xsia_xarx-84a5e407a7f67ab6.long-type-2876725231424033666.txt'
    = note: consider using `--verbose` to print the full type name to the console
    = note: this error originates in the derive macro `DeriveRelation` which comes from the expansion of the derive macro `DeriveEntityModel` (in Nightly builds, run with -Z macro-backtrace for more info)

error[E0277]: the trait bound `Entity: Related<Entity>` is not satisfied
   --> src/models/feeder/referensi/pembiayaan.rs:11:1
    |
 11 | #[sea_orm::model]
    | ^^^^^^^^^^^^^^^^^ unsatisfied trait bound
    |
help: the trait `sea_orm::Related<models::feeder::referensi::pembiayaan::Entity>` is not implemented for `Entity`
   --> src/models/feeder/master/mahasiswa_lulusan_dropout.rs:7:35
    |
  7 | #[derive(Clone, Debug, PartialEq, DeriveEntityModel, Serialize, Deseria...
    |                                   ^^^^^^^^^^^^^^^^^
    = help: the following other types implement trait `sea_orm::Related<R>`:
              `Entity` implements `Related<Entity>`
              `Entity` implements `Related<Entity>`
              `Entity` implements `Related<Entity>`
              `Entity` implements `Related<Entity>`
              `Entity` implements `Related<Entity>`
              `Entity` implements `Related<Entity>`
              `Entity` implements `Related<Entity>`
              `Entity` implements `Related<Entity>`
            and 415 others
note: required by a bound in `has_many`
   --> /home/bendo01/.cargo/registry/src/index.crates.io-1949cf8c6b5b557f/sea-orm-2.0.2/src/entity/base_entity.rs:123:26
    |
121 |     fn has_many<R>(_: R) -> RelationBuilder<Self, R>
    |        -------- required by a bound in this associated function
122 |     where
123 |         R: EntityTrait + Related<Self>,
    |                          ^^^^^^^^^^^^^ required by this bound in `EntityTrait::has_many`
    = note: the full name for the type has been written to '/home/bendo01/Projects/xsia_xarx/server/target/debug/deps/xsia_xarx-84a5e407a7f67ab6.long-type-4349855444420342760.txt'
    = note: consider using `--verbose` to print the full type name to the console
    = note: this error originates in the derive macro `DeriveRelation` which comes from the expansion of the derive macro `DeriveEntityModel` (in Nightly builds, run with -Z macro-backtrace for more info)

error[E0277]: the trait bound `Entity: Related<Entity>` is not satisfied
   --> src/models/feeder/referensi/pembiayaan.rs:11:1
    |
 11 | #[sea_orm::model]
    | ^^^^^^^^^^^^^^^^^ unsatisfied trait bound
    |
help: the trait `sea_orm::Related<models::feeder::referensi::pembiayaan::Entity>` is not implemented for `models::feeder::master::perkuliahan_mahasiswa::Entity`
   --> src/models/feeder/master/perkuliahan_mahasiswa.rs:7:35
    |
  7 | #[derive(Clone, Debug, PartialEq, DeriveEntityModel, Serialize, Deseria...
    |                                   ^^^^^^^^^^^^^^^^^
    = help: the following other types implement trait `sea_orm::Related<R>`:
              `Entity` implements `Related<Entity>`
              `Entity` implements `Related<Entity>`
              `Entity` implements `Related<Entity>`
              `Entity` implements `Related<Entity>`
              `Entity` implements `Related<Entity>`
              `Entity` implements `Related<Entity>`
              `Entity` implements `Related<Entity>`
              `Entity` implements `Related<Entity>`
            and 415 others
note: required by a bound in `has_many`
   --> /home/bendo01/.cargo/registry/src/index.crates.io-1949cf8c6b5b557f/sea-orm-2.0.2/src/entity/base_entity.rs:123:26
    |
121 |     fn has_many<R>(_: R) -> RelationBuilder<Self, R>
    |        -------- required by a bound in this associated function
122 |     where
123 |         R: EntityTrait + Related<Self>,
    |                          ^^^^^^^^^^^^^ required by this bound in `EntityTrait::has_many`
    = note: the full name for the type has been written to '/home/bendo01/Projects/xsia_xarx/server/target/debug/deps/xsia_xarx-84a5e407a7f67ab6.long-type-18093711251510504002.txt'
    = note: consider using `--verbose` to print the full type name to the console
    = note: this error originates in the derive macro `DeriveRelation` which comes from the expansion of the derive macro `DeriveEntityModel` (in Nightly builds, run with -Z macro-backtrace for more info)

error[E0277]: the trait bound `Entity: Related<Entity>` is not satisfied
   --> src/models/feeder/referensi/pembiayaan.rs:11:1
    |
 11 | #[sea_orm::model]
    | ^^^^^^^^^^^^^^^^^ unsatisfied trait bound
    |
help: the trait `sea_orm::Related<models::feeder::referensi::pembiayaan::Entity>` is not implemented for `Entity`
   --> src/models/feeder/master/riwayat_pendidikan_mahasiswa.rs:7:35
    |
  7 | #[derive(Clone, Debug, PartialEq, DeriveEntityModel, Serialize, Deseria...
    |                                   ^^^^^^^^^^^^^^^^^
    = help: the following other types implement trait `sea_orm::Related<R>`:
              `Entity` implements `Related<Entity>`
              `Entity` implements `Related<Entity>`
              `Entity` implements `Related<Entity>`
              `Entity` implements `Related<Entity>`
              `Entity` implements `Related<Entity>`
              `Entity` implements `Related<Entity>`
              `Entity` implements `Related<Entity>`
              `Entity` implements `Related<Entity>`
            and 415 others
note: required by a bound in `has_many`
   --> /home/bendo01/.cargo/registry/src/index.crates.io-1949cf8c6b5b557f/sea-orm-2.0.2/src/entity/base_entity.rs:123:26
    |
121 |     fn has_many<R>(_: R) -> RelationBuilder<Self, R>
    |        -------- required by a bound in this associated function
122 |     where
123 |         R: EntityTrait + Related<Self>,
    |                          ^^^^^^^^^^^^^ required by this bound in `EntityTrait::has_many`
    = note: the full name for the type has been written to '/home/bendo01/Projects/xsia_xarx/server/target/debug/deps/xsia_xarx-84a5e407a7f67ab6.long-type-11019701537030738523.txt'
    = note: consider using `--verbose` to print the full type name to the console
    = note: this error originates in the derive macro `DeriveRelation` which comes from the expansion of the derive macro `DeriveEntityModel` (in Nightly builds, run with -Z macro-backtrace for more info)

error[E0277]: the trait bound `Entity: Related<Entity>` is not satisfied
   --> src/models/feeder/referensi/semester.rs:11:1
    |
 11 | #[sea_orm::model]
    | ^^^^^^^^^^^^^^^^^ unsatisfied trait bound
    |
help: the trait `sea_orm::Related<models::feeder::referensi::semester::Entity>` is not implemented for `Entity`
   --> src/models/feeder/master/aktifitas_kuliah_mahasiswa.rs:7:35
    |
  7 | #[derive(Clone, Debug, PartialEq, DeriveEntityModel, Serialize, Deseria...
    |                                   ^^^^^^^^^^^^^^^^^
help: the following other types implement trait `sea_orm::Related<R>`
   --> src/models/feeder/master/matakuliah_kurikulum.rs:6:1
    |
  6 | #[sea_orm::model]
    | ^^^^^^^^^^^^^^^^^ `models::feeder::master::matakuliah_kurikulum::Entity`
    |
   ::: src/models/feeder/referensi/periode_lampau.rs:11:1
    |
 11 | #[sea_orm::model]
    | ^^^^^^^^^^^^^^^^^ `models::feeder::referensi::periode_lampau::Entity`
note: required by a bound in `has_many`
   --> /home/bendo01/.cargo/registry/src/index.crates.io-1949cf8c6b5b557f/sea-orm-2.0.2/src/entity/base_entity.rs:123:26
    |
121 |     fn has_many<R>(_: R) -> RelationBuilder<Self, R>
    |        -------- required by a bound in this associated function
122 |     where
123 |         R: EntityTrait + Related<Self>,
    |                          ^^^^^^^^^^^^^ required by this bound in `EntityTrait::has_many`
    = note: the full name for the type has been written to '/home/bendo01/Projects/xsia_xarx/server/target/debug/deps/xsia_xarx-84a5e407a7f67ab6.long-type-11074537961827342644.txt'
    = note: consider using `--verbose` to print the full type name to the console
    = note: this error originates in the derive macro `DeriveRelation` which comes from the expansion of the derive macro `DeriveModelEx` (in Nightly builds, run with -Z macro-backtrace for more info)

error[E0277]: the trait bound `Entity: Related<Entity>` is not satisfied
   --> src/models/feeder/referensi/semester.rs:11:1
    |
 11 | #[sea_orm::model]
    | ^^^^^^^^^^^^^^^^^ unsatisfied trait bound
    |
help: the trait `sea_orm::Related<models::feeder::referensi::semester::Entity>` is not implemented for `models::feeder::master::aktifitas_mahasiswa::Entity`
   --> src/models/feeder/master/aktifitas_mahasiswa.rs:7:39
    |
  7 | #[derive(Clone, Debug, PartialEq, Eq, DeriveEntityModel, Serialize, Des...
    |                                       ^^^^^^^^^^^^^^^^^
help: the following other types implement trait `sea_orm::Related<R>`
   --> src/models/feeder/master/matakuliah_kurikulum.rs:6:1
    |
  6 | #[sea_orm::model]
    | ^^^^^^^^^^^^^^^^^ `models::feeder::master::matakuliah_kurikulum::Entity`
    |
   ::: src/models/feeder/referensi/periode_lampau.rs:11:1
    |
 11 | #[sea_orm::model]
    | ^^^^^^^^^^^^^^^^^ `models::feeder::referensi::periode_lampau::Entity`
note: required by a bound in `has_many`
   --> /home/bendo01/.cargo/registry/src/index.crates.io-1949cf8c6b5b557f/sea-orm-2.0.2/src/entity/base_entity.rs:123:26
    |
121 |     fn has_many<R>(_: R) -> RelationBuilder<Self, R>
    |        -------- required by a bound in this associated function
122 |     where
123 |         R: EntityTrait + Related<Self>,
    |                          ^^^^^^^^^^^^^ required by this bound in `EntityTrait::has_many`
    = note: the full name for the type has been written to '/home/bendo01/Projects/xsia_xarx/server/target/debug/deps/xsia_xarx-84a5e407a7f67ab6.long-type-15269681680744536586.txt'
    = note: consider using `--verbose` to print the full type name to the console
    = note: this error originates in the derive macro `DeriveRelation` which comes from the expansion of the derive macro `DeriveModelEx` (in Nightly builds, run with -Z macro-backtrace for more info)

error[E0277]: the trait bound `Entity: Related<Entity>` is not satisfied
   --> src/models/feeder/referensi/semester.rs:11:1
    |
 11 | #[sea_orm::model]
    | ^^^^^^^^^^^^^^^^^ unsatisfied trait bound
    |
help: the trait `sea_orm::Related<models::feeder::referensi::semester::Entity>` is not implemented for `Entity`
   --> src/models/feeder/master/detail_nilai_perkuliahan_kelas.rs:7:35
    |
  7 | #[derive(Clone, Debug, PartialEq, DeriveEntityModel, Serialize, Deseria...
    |                                   ^^^^^^^^^^^^^^^^^
help: the following other types implement trait `sea_orm::Related<R>`
   --> src/models/feeder/master/matakuliah_kurikulum.rs:6:1
    |
  6 | #[sea_orm::model]
    | ^^^^^^^^^^^^^^^^^ `models::feeder::master::matakuliah_kurikulum::Entity`
    |
   ::: src/models/feeder/referensi/periode_lampau.rs:11:1
    |
 11 | #[sea_orm::model]
    | ^^^^^^^^^^^^^^^^^ `models::feeder::referensi::periode_lampau::Entity`
note: required by a bound in `has_many`
   --> /home/bendo01/.cargo/registry/src/index.crates.io-1949cf8c6b5b557f/sea-orm-2.0.2/src/entity/base_entity.rs:123:26
    |
121 |     fn has_many<R>(_: R) -> RelationBuilder<Self, R>
    |        -------- required by a bound in this associated function
122 |     where
123 |         R: EntityTrait + Related<Self>,
    |                          ^^^^^^^^^^^^^ required by this bound in `EntityTrait::has_many`
    = note: the full name for the type has been written to '/home/bendo01/Projects/xsia_xarx/server/target/debug/deps/xsia_xarx-84a5e407a7f67ab6.long-type-7598793579306918921.txt'
    = note: consider using `--verbose` to print the full type name to the console
    = note: this error originates in the derive macro `DeriveRelation` which comes from the expansion of the derive macro `DeriveModelEx` (in Nightly builds, run with -Z macro-backtrace for more info)

error[E0277]: the trait bound `Entity: Related<Entity>` is not satisfied
   --> src/models/feeder/referensi/semester.rs:11:1
    |
 11 | #[sea_orm::model]
    | ^^^^^^^^^^^^^^^^^ unsatisfied trait bound
    |
help: the trait `sea_orm::Related<models::feeder::referensi::semester::Entity>` is not implemented for `Entity`
   --> src/models/feeder/master/dosen_pengajar_kelas_kuliah.rs:7:35
    |
  7 | #[derive(Clone, Debug, PartialEq, DeriveEntityModel, Serialize, Deseria...
    |                                   ^^^^^^^^^^^^^^^^^
help: the following other types implement trait `sea_orm::Related<R>`
   --> src/models/feeder/master/matakuliah_kurikulum.rs:6:1
    |
  6 | #[sea_orm::model]
    | ^^^^^^^^^^^^^^^^^ `models::feeder::master::matakuliah_kurikulum::Entity`
    |
   ::: src/models/feeder/referensi/periode_lampau.rs:11:1
    |
 11 | #[sea_orm::model]
    | ^^^^^^^^^^^^^^^^^ `models::feeder::referensi::periode_lampau::Entity`
note: required by a bound in `has_many`
   --> /home/bendo01/.cargo/registry/src/index.crates.io-1949cf8c6b5b557f/sea-orm-2.0.2/src/entity/base_entity.rs:123:26
    |
121 |     fn has_many<R>(_: R) -> RelationBuilder<Self, R>
    |        -------- required by a bound in this associated function
122 |     where
123 |         R: EntityTrait + Related<Self>,
    |                          ^^^^^^^^^^^^^ required by this bound in `EntityTrait::has_many`
    = note: the full name for the type has been written to '/home/bendo01/Projects/xsia_xarx/server/target/debug/deps/xsia_xarx-84a5e407a7f67ab6.long-type-10783299074705001273.txt'
    = note: consider using `--verbose` to print the full type name to the console
    = note: this error originates in the derive macro `DeriveRelation` which comes from the expansion of the derive macro `DeriveModelEx` (in Nightly builds, run with -Z macro-backtrace for more info)

error[E0277]: the trait bound `Entity: Related<Entity>` is not satisfied
   --> src/models/feeder/referensi/semester.rs:11:1
    |
 11 | #[sea_orm::model]
    | ^^^^^^^^^^^^^^^^^ unsatisfied trait bound
    |
help: the trait `sea_orm::Related<models::feeder::referensi::semester::Entity>` is not implemented for `models::feeder::master::kelas_kuliah::Entity`
   --> src/models/feeder/master/kelas_kuliah.rs:7:35
    |
  7 | #[derive(Clone, Debug, PartialEq, DeriveEntityModel, Serialize, Deseria...
    |                                   ^^^^^^^^^^^^^^^^^
help: the following other types implement trait `sea_orm::Related<R>`
   --> src/models/feeder/master/matakuliah_kurikulum.rs:6:1
    |
  6 | #[sea_orm::model]
    | ^^^^^^^^^^^^^^^^^ `models::feeder::master::matakuliah_kurikulum::Entity`
    |
   ::: src/models/feeder/referensi/periode_lampau.rs:11:1
    |
 11 | #[sea_orm::model]
    | ^^^^^^^^^^^^^^^^^ `models::feeder::referensi::periode_lampau::Entity`
note: required by a bound in `has_many`
   --> /home/bendo01/.cargo/registry/src/index.crates.io-1949cf8c6b5b557f/sea-orm-2.0.2/src/entity/base_entity.rs:123:26
    |
121 |     fn has_many<R>(_: R) -> RelationBuilder<Self, R>
    |        -------- required by a bound in this associated function
122 |     where
123 |         R: EntityTrait + Related<Self>,
    |                          ^^^^^^^^^^^^^ required by this bound in `EntityTrait::has_many`
    = note: the full name for the type has been written to '/home/bendo01/Projects/xsia_xarx/server/target/debug/deps/xsia_xarx-84a5e407a7f67ab6.long-type-11038691397707925709.txt'
    = note: consider using `--verbose` to print the full type name to the console
    = note: this error originates in the derive macro `DeriveRelation` which comes from the expansion of the derive macro `DeriveModelEx` (in Nightly builds, run with -Z macro-backtrace for more info)

error[E0277]: the trait bound `Entity: Related<Entity>` is not satisfied
   --> src/models/feeder/referensi/semester.rs:11:1
    |
 11 | #[sea_orm::model]
    | ^^^^^^^^^^^^^^^^^ unsatisfied trait bound
    |
help: the trait `sea_orm::Related<models::feeder::referensi::semester::Entity>` is not implemented for `Entity`
   --> src/models/feeder/master/konversi_kampus_merdeka.rs:7:35
    |
  7 | #[derive(Clone, Debug, PartialEq, DeriveEntityModel, Serialize, Deseria...
    |                                   ^^^^^^^^^^^^^^^^^
help: the following other types implement trait `sea_orm::Related<R>`
   --> src/models/feeder/master/matakuliah_kurikulum.rs:6:1
    |
  6 | #[sea_orm::model]
    | ^^^^^^^^^^^^^^^^^ `models::feeder::master::matakuliah_kurikulum::Entity`
    |
   ::: src/models/feeder/referensi/periode_lampau.rs:11:1
    |
 11 | #[sea_orm::model]
    | ^^^^^^^^^^^^^^^^^ `models::feeder::referensi::periode_lampau::Entity`
note: required by a bound in `has_many`
   --> /home/bendo01/.cargo/registry/src/index.crates.io-1949cf8c6b5b557f/sea-orm-2.0.2/src/entity/base_entity.rs:123:26
    |
121 |     fn has_many<R>(_: R) -> RelationBuilder<Self, R>
    |        -------- required by a bound in this associated function
122 |     where
123 |         R: EntityTrait + Related<Self>,
    |                          ^^^^^^^^^^^^^ required by this bound in `EntityTrait::has_many`
    = note: the full name for the type has been written to '/home/bendo01/Projects/xsia_xarx/server/target/debug/deps/xsia_xarx-84a5e407a7f67ab6.long-type-4798817352579935162.txt'
    = note: consider using `--verbose` to print the full type name to the console
    = note: this error originates in the derive macro `DeriveRelation` which comes from the expansion of the derive macro `DeriveModelEx` (in Nightly builds, run with -Z macro-backtrace for more info)

error[E0277]: the trait bound `Entity: Related<Entity>` is not satisfied
   --> src/models/feeder/referensi/semester.rs:11:1
    |
 11 | #[sea_orm::model]
    | ^^^^^^^^^^^^^^^^^ unsatisfied trait bound
    |
help: the trait `sea_orm::Related<models::feeder::referensi::semester::Entity>` is not implemented for `models::feeder::master::kurikulum::Entity`
   --> src/models/feeder/master/kurikulum.rs:7:35
    |
  7 | #[derive(Clone, Debug, PartialEq, DeriveEntityModel, Serialize, Deseria...
    |                                   ^^^^^^^^^^^^^^^^^
help: the following other types implement trait `sea_orm::Related<R>`
   --> src/models/feeder/master/matakuliah_kurikulum.rs:6:1
    |
  6 | #[sea_orm::model]
    | ^^^^^^^^^^^^^^^^^ `models::feeder::master::matakuliah_kurikulum::Entity`
    |
   ::: src/models/feeder/referensi/periode_lampau.rs:11:1
    |
 11 | #[sea_orm::model]
    | ^^^^^^^^^^^^^^^^^ `models::feeder::referensi::periode_lampau::Entity`
note: required by a bound in `has_many`
   --> /home/bendo01/.cargo/registry/src/index.crates.io-1949cf8c6b5b557f/sea-orm-2.0.2/src/entity/base_entity.rs:123:26
    |
121 |     fn has_many<R>(_: R) -> RelationBuilder<Self, R>
    |        -------- required by a bound in this associated function
122 |     where
123 |         R: EntityTrait + Related<Self>,
    |                          ^^^^^^^^^^^^^ required by this bound in `EntityTrait::has_many`
    = note: the full name for the type has been written to '/home/bendo01/Projects/xsia_xarx/server/target/debug/deps/xsia_xarx-84a5e407a7f67ab6.long-type-1887074833000653703.txt'
    = note: consider using `--verbose` to print the full type name to the console
    = note: this error originates in the derive macro `DeriveRelation` which comes from the expansion of the derive macro `DeriveModelEx` (in Nightly builds, run with -Z macro-backtrace for more info)

error[E0277]: the trait bound `Entity: Related<Entity>` is not satisfied
   --> src/models/feeder/referensi/semester.rs:11:1
    |
 11 | #[sea_orm::model]
    | ^^^^^^^^^^^^^^^^^ unsatisfied trait bound
    |
help: the trait `sea_orm::Related<models::feeder::referensi::semester::Entity>` is not implemented for `Entity`
   --> src/models/feeder/master/nilai_transfer_pendidikan_mahasiswa.rs:7:35
    |
  7 | #[derive(Clone, Debug, PartialEq, DeriveEntityModel, Serialize, Deseria...
    |                                   ^^^^^^^^^^^^^^^^^
help: the following other types implement trait `sea_orm::Related<R>`
   --> src/models/feeder/master/matakuliah_kurikulum.rs:6:1
    |
  6 | #[sea_orm::model]
    | ^^^^^^^^^^^^^^^^^ `models::feeder::master::matakuliah_kurikulum::Entity`
    |
   ::: src/models/feeder/referensi/periode_lampau.rs:11:1
    |
 11 | #[sea_orm::model]
    | ^^^^^^^^^^^^^^^^^ `models::feeder::referensi::periode_lampau::Entity`
note: required by a bound in `has_many`
   --> /home/bendo01/.cargo/registry/src/index.crates.io-1949cf8c6b5b557f/sea-orm-2.0.2/src/entity/base_entity.rs:123:26
    |
121 |     fn has_many<R>(_: R) -> RelationBuilder<Self, R>
    |        -------- required by a bound in this associated function
122 |     where
123 |         R: EntityTrait + Related<Self>,
    |                          ^^^^^^^^^^^^^ required by this bound in `EntityTrait::has_many`
    = note: the full name for the type has been written to '/home/bendo01/Projects/xsia_xarx/server/target/debug/deps/xsia_xarx-84a5e407a7f67ab6.long-type-12465089655214942718.txt'
    = note: consider using `--verbose` to print the full type name to the console
    = note: this error originates in the derive macro `DeriveRelation` which comes from the expansion of the derive macro `DeriveModelEx` (in Nightly builds, run with -Z macro-backtrace for more info)

error[E0277]: the trait bound `Entity: Related<Entity>` is not satisfied
   --> src/models/feeder/referensi/semester.rs:11:1
    |
 11 | #[sea_orm::model]
    | ^^^^^^^^^^^^^^^^^ unsatisfied trait bound
    |
help: the trait `sea_orm::Related<models::feeder::referensi::semester::Entity>` is not implemented for `models::feeder::master::periode_perkuliahan::Entity`
   --> src/models/feeder/master/periode_perkuliahan.rs:7:39
    |
  7 | #[derive(Clone, Debug, PartialEq, Eq, DeriveEntityModel, Serialize, Des...
    |                                       ^^^^^^^^^^^^^^^^^
help: the following other types implement trait `sea_orm::Related<R>`
   --> src/models/feeder/master/matakuliah_kurikulum.rs:6:1
    |
  6 | #[sea_orm::model]
    | ^^^^^^^^^^^^^^^^^ `models::feeder::master::matakuliah_kurikulum::Entity`
    |
   ::: src/models/feeder/referensi/periode_lampau.rs:11:1
    |
 11 | #[sea_orm::model]
    | ^^^^^^^^^^^^^^^^^ `models::feeder::referensi::periode_lampau::Entity`
note: required by a bound in `has_many`
   --> /home/bendo01/.cargo/registry/src/index.crates.io-1949cf8c6b5b557f/sea-orm-2.0.2/src/entity/base_entity.rs:123:26
    |
121 |     fn has_many<R>(_: R) -> RelationBuilder<Self, R>
    |        -------- required by a bound in this associated function
122 |     where
123 |         R: EntityTrait + Related<Self>,
    |                          ^^^^^^^^^^^^^ required by this bound in `EntityTrait::has_many`
    = note: the full name for the type has been written to '/home/bendo01/Projects/xsia_xarx/server/target/debug/deps/xsia_xarx-84a5e407a7f67ab6.long-type-1164534108636564988.txt'
    = note: consider using `--verbose` to print the full type name to the console
    = note: this error originates in the derive macro `DeriveRelation` which comes from the expansion of the derive macro `DeriveModelEx` (in Nightly builds, run with -Z macro-backtrace for more info)

error[E0277]: the trait bound `Entity: Related<Entity>` is not satisfied
   --> src/models/feeder/referensi/semester.rs:11:1
    |
 11 | #[sea_orm::model]
    | ^^^^^^^^^^^^^^^^^ unsatisfied trait bound
    |
help: the trait `sea_orm::Related<models::feeder::referensi::semester::Entity>` is not implemented for `models::feeder::master::perkuliahan_mahasiswa::Entity`
   --> src/models/feeder/master/perkuliahan_mahasiswa.rs:7:35
    |
  7 | #[derive(Clone, Debug, PartialEq, DeriveEntityModel, Serialize, Deseria...
    |                                   ^^^^^^^^^^^^^^^^^
help: the following other types implement trait `sea_orm::Related<R>`
   --> src/models/feeder/master/matakuliah_kurikulum.rs:6:1
    |
  6 | #[sea_orm::model]
    | ^^^^^^^^^^^^^^^^^ `models::feeder::master::matakuliah_kurikulum::Entity`
    |
   ::: src/models/feeder/referensi/periode_lampau.rs:11:1
    |
 11 | #[sea_orm::model]
    | ^^^^^^^^^^^^^^^^^ `models::feeder::referensi::periode_lampau::Entity`
note: required by a bound in `has_many`
   --> /home/bendo01/.cargo/registry/src/index.crates.io-1949cf8c6b5b557f/sea-orm-2.0.2/src/entity/base_entity.rs:123:26
    |
121 |     fn has_many<R>(_: R) -> RelationBuilder<Self, R>
    |        -------- required by a bound in this associated function
122 |     where
123 |         R: EntityTrait + Related<Self>,
    |                          ^^^^^^^^^^^^^ required by this bound in `EntityTrait::has_many`
    = note: the full name for the type has been written to '/home/bendo01/Projects/xsia_xarx/server/target/debug/deps/xsia_xarx-84a5e407a7f67ab6.long-type-11513130031346449808.txt'
    = note: consider using `--verbose` to print the full type name to the console
    = note: this error originates in the derive macro `DeriveRelation` which comes from the expansion of the derive macro `DeriveModelEx` (in Nightly builds, run with -Z macro-backtrace for more info)

error[E0277]: the trait bound `Entity: Related<Entity>` is not satisfied
   --> src/models/feeder/referensi/status_mahasiswa.rs:11:1
    |
 11 | #[sea_orm::model]
    | ^^^^^^^^^^^^^^^^^ unsatisfied trait bound
    |
help: the trait `sea_orm::Related<models::feeder::referensi::status_mahasiswa::Entity>` is not implemented for `Entity`
   --> src/models/feeder/master/aktifitas_kuliah_mahasiswa.rs:7:35
    |
  7 | #[derive(Clone, Debug, PartialEq, DeriveEntityModel, Serialize, Deseria...
    |                                   ^^^^^^^^^^^^^^^^^
    = help: the following other types implement trait `sea_orm::Related<R>`:
              `Entity` implements `Related<Entity>`
              `Entity` implements `Related<Entity>`
              `Entity` implements `Related<Entity>`
              `Entity` implements `Related<Entity>`
              `Entity` implements `Related<Entity>`
              `Entity` implements `Related<Entity>`
              `Entity` implements `Related<Entity>`
              `Entity` implements `Related<Entity>`
            and 415 others
note: required by a bound in `has_many`
   --> /home/bendo01/.cargo/registry/src/index.crates.io-1949cf8c6b5b557f/sea-orm-2.0.2/src/entity/base_entity.rs:123:26
    |
121 |     fn has_many<R>(_: R) -> RelationBuilder<Self, R>
    |        -------- required by a bound in this associated function
122 |     where
123 |         R: EntityTrait + Related<Self>,
    |                          ^^^^^^^^^^^^^ required by this bound in `EntityTrait::has_many`
    = note: the full name for the type has been written to '/home/bendo01/Projects/xsia_xarx/server/target/debug/deps/xsia_xarx-84a5e407a7f67ab6.long-type-11074537961827342644.txt'
    = note: consider using `--verbose` to print the full type name to the console
    = note: this error originates in the derive macro `DeriveRelation` which comes from the expansion of the derive macro `DeriveEntityModel` (in Nightly builds, run with -Z macro-backtrace for more info)

error[E0277]: the trait bound `Entity: Related<Entity>` is not satisfied
   --> src/models/feeder/referensi/status_mahasiswa.rs:11:1
    |
 11 | #[sea_orm::model]
    | ^^^^^^^^^^^^^^^^^ unsatisfied trait bound
    |
help: the trait `sea_orm::Related<models::feeder::referensi::status_mahasiswa::Entity>` is not implemented for `models::feeder::master::mahasiswa::Entity`
   --> src/models/feeder/master/mahasiswa.rs:7:35
    |
  7 | #[derive(Clone, Debug, PartialEq, DeriveEntityModel, Serialize, Deseria...
    |                                   ^^^^^^^^^^^^^^^^^
    = help: the following other types implement trait `sea_orm::Related<R>`:
              `Entity` implements `Related<Entity>`
              `Entity` implements `Related<Entity>`
              `Entity` implements `Related<Entity>`
              `Entity` implements `Related<Entity>`
              `Entity` implements `Related<Entity>`
              `Entity` implements `Related<Entity>`
              `Entity` implements `Related<Entity>`
              `Entity` implements `Related<Entity>`
            and 415 others
note: required by a bound in `has_many`
   --> /home/bendo01/.cargo/registry/src/index.crates.io-1949cf8c6b5b557f/sea-orm-2.0.2/src/entity/base_entity.rs:123:26
    |
121 |     fn has_many<R>(_: R) -> RelationBuilder<Self, R>
    |        -------- required by a bound in this associated function
122 |     where
123 |         R: EntityTrait + Related<Self>,
    |                          ^^^^^^^^^^^^^ required by this bound in `EntityTrait::has_many`
    = note: the full name for the type has been written to '/home/bendo01/Projects/xsia_xarx/server/target/debug/deps/xsia_xarx-84a5e407a7f67ab6.long-type-8520598347534383541.txt'
    = note: consider using `--verbose` to print the full type name to the console
    = note: this error originates in the derive macro `DeriveRelation` which comes from the expansion of the derive macro `DeriveEntityModel` (in Nightly builds, run with -Z macro-backtrace for more info)

error[E0277]: the trait bound `Entity: Related<Entity>` is not satisfied
   --> src/models/feeder/referensi/status_mahasiswa.rs:11:1
    |
 11 | #[sea_orm::model]
    | ^^^^^^^^^^^^^^^^^ unsatisfied trait bound
    |
help: the trait `sea_orm::Related<models::feeder::referensi::status_mahasiswa::Entity>` is not implemented for `models::feeder::master::perkuliahan_mahasiswa::Entity`
   --> src/models/feeder/master/perkuliahan_mahasiswa.rs:7:35
    |
  7 | #[derive(Clone, Debug, PartialEq, DeriveEntityModel, Serialize, Deseria...
    |                                   ^^^^^^^^^^^^^^^^^
    = help: the following other types implement trait `sea_orm::Related<R>`:
              `Entity` implements `Related<Entity>`
              `Entity` implements `Related<Entity>`
              `Entity` implements `Related<Entity>`
              `Entity` implements `Related<Entity>`
              `Entity` implements `Related<Entity>`
              `Entity` implements `Related<Entity>`
              `Entity` implements `Related<Entity>`
              `Entity` implements `Related<Entity>`
            and 415 others
note: required by a bound in `has_many`
   --> /home/bendo01/.cargo/registry/src/index.crates.io-1949cf8c6b5b557f/sea-orm-2.0.2/src/entity/base_entity.rs:123:26
    |
121 |     fn has_many<R>(_: R) -> RelationBuilder<Self, R>
    |        -------- required by a bound in this associated function
122 |     where
123 |         R: EntityTrait + Related<Self>,
    |                          ^^^^^^^^^^^^^ required by this bound in `EntityTrait::has_many`
    = note: the full name for the type has been written to '/home/bendo01/Projects/xsia_xarx/server/target/debug/deps/xsia_xarx-84a5e407a7f67ab6.long-type-5150012774973900098.txt'
    = note: consider using `--verbose` to print the full type name to the console
    = note: this error originates in the derive macro `DeriveRelation` which comes from the expansion of the derive macro `DeriveEntityModel` (in Nightly builds, run with -Z macro-backtrace for more info)

error[E0277]: the trait bound `Entity: Related<Entity>` is not satisfied
   --> src/models/feeder/referensi/tahun_ajaran.rs:11:1
    |
 11 | #[sea_orm::model]
    | ^^^^^^^^^^^^^^^^^ unsatisfied trait bound
    |
help: the trait `sea_orm::Related<models::feeder::referensi::tahun_ajaran::Entity>` is not implemented for `models::feeder::master::penugasan_dosen::Entity`
   --> src/models/feeder/master/penugasan_dosen.rs:7:39
    |
  7 | #[derive(Clone, Debug, PartialEq, Eq, DeriveEntityModel, Serialize, Des...
    |                                       ^^^^^^^^^^^^^^^^^
    = help: the following other types implement trait `sea_orm::Related<R>`:
              `Entity` implements `Related<Entity>`
              `Entity` implements `Related<Entity>`
              `Entity` implements `Related<Entity>`
              `Entity` implements `Related<Entity>`
              `Entity` implements `Related<Entity>`
              `Entity` implements `Related<Entity>`
              `Entity` implements `Related<Entity>`
              `Entity` implements `Related<Entity>`
            and 415 others
note: required by a bound in `has_many`
   --> /home/bendo01/.cargo/registry/src/index.crates.io-1949cf8c6b5b557f/sea-orm-2.0.2/src/entity/base_entity.rs:123:26
    |
121 |     fn has_many<R>(_: R) -> RelationBuilder<Self, R>
    |        -------- required by a bound in this associated function
122 |     where
123 |         R: EntityTrait + Related<Self>,
    |                          ^^^^^^^^^^^^^ required by this bound in `EntityTrait::has_many`
    = note: the full name for the type has been written to '/home/bendo01/Projects/xsia_xarx/server/target/debug/deps/xsia_xarx-84a5e407a7f67ab6.long-type-2274005115940583218.txt'
    = note: consider using `--verbose` to print the full type name to the console
    = note: this error originates in the derive macro `DeriveRelation` which comes from the expansion of the derive macro `DeriveEntityModel` (in Nightly builds, run with -Z macro-backtrace for more info)

error[E0277]: the trait bound `Entity: Related<Entity>` is not satisfied
   --> src/models/feeder/referensi/tahun_ajaran.rs:11:1
    |
 11 | #[sea_orm::model]
    | ^^^^^^^^^^^^^^^^^ unsatisfied trait bound
    |
help: the trait `sea_orm::Related<models::feeder::referensi::tahun_ajaran::Entity>` is not implemented for `models::feeder::referensi::semester::Entity`
   --> src/models/feeder/referensi/semester.rs:12:39
    |
 12 | #[derive(Clone, Debug, PartialEq, Eq, DeriveEntityModel)]
    |                                       ^^^^^^^^^^^^^^^^^
    = help: the following other types implement trait `sea_orm::Related<R>`:
              `Entity` implements `Related<Entity>`
              `Entity` implements `Related<Entity>`
              `Entity` implements `Related<Entity>`
              `Entity` implements `Related<Entity>`
              `Entity` implements `Related<Entity>`
              `Entity` implements `Related<Entity>`
              `Entity` implements `Related<Entity>`
              `Entity` implements `Related<Entity>`
            and 415 others
note: required by a bound in `has_many`
   --> /home/bendo01/.cargo/registry/src/index.crates.io-1949cf8c6b5b557f/sea-orm-2.0.2/src/entity/base_entity.rs:123:26
    |
121 |     fn has_many<R>(_: R) -> RelationBuilder<Self, R>
    |        -------- required by a bound in this associated function
122 |     where
123 |         R: EntityTrait + Related<Self>,
    |                          ^^^^^^^^^^^^^ required by this bound in `EntityTrait::has_many`
    = note: the full name for the type has been written to '/home/bendo01/Projects/xsia_xarx/server/target/debug/deps/xsia_xarx-84a5e407a7f67ab6.long-type-2385099255097945993.txt'
    = note: consider using `--verbose` to print the full type name to the console
    = note: this error originates in the derive macro `DeriveRelation` which comes from the expansion of the derive macro `DeriveEntityModel` (in Nightly builds, run with -Z macro-backtrace for more info)

error[E0277]: the trait bound `Entity: Related<Entity>` is not satisfied
   --> src/models/feeder/referensi/tingkat_prestasi.rs:11:1
    |
 11 | #[sea_orm::model]
    | ^^^^^^^^^^^^^^^^^ unsatisfied trait bound
    |
help: the trait `sea_orm::Related<models::feeder::referensi::tingkat_prestasi::Entity>` is not implemented for `models::feeder::master::prestasi_mahasiswa::Entity`
   --> src/models/feeder/master/prestasi_mahasiswa.rs:7:39
    |
  7 | #[derive(Clone, Debug, PartialEq, Eq, DeriveEntityModel, Serialize, Des...
    |                                       ^^^^^^^^^^^^^^^^^
    = help: the following other types implement trait `sea_orm::Related<R>`:
              `Entity` implements `Related<Entity>`
              `Entity` implements `Related<Entity>`
              `Entity` implements `Related<Entity>`
              `Entity` implements `Related<Entity>`
              `Entity` implements `Related<Entity>`
              `Entity` implements `Related<Entity>`
              `Entity` implements `Related<Entity>`
              `Entity` implements `Related<Entity>`
            and 415 others
note: required by a bound in `has_many`
   --> /home/bendo01/.cargo/registry/src/index.crates.io-1949cf8c6b5b557f/sea-orm-2.0.2/src/entity/base_entity.rs:123:26
    |
121 |     fn has_many<R>(_: R) -> RelationBuilder<Self, R>
    |        -------- required by a bound in this associated function
122 |     where
123 |         R: EntityTrait + Related<Self>,
    |                          ^^^^^^^^^^^^^ required by this bound in `EntityTrait::has_many`
    = note: the full name for the type has been written to '/home/bendo01/Projects/xsia_xarx/server/target/debug/deps/xsia_xarx-84a5e407a7f67ab6.long-type-6695051929956683374.txt'
    = note: consider using `--verbose` to print the full type name to the console
    = note: this error originates in the derive macro `DeriveRelation` which comes from the expansion of the derive macro `DeriveEntityModel` (in Nightly builds, run with -Z macro-backtrace for more info)

error[E0277]: the trait bound `Entity: Related<Entity>` is not satisfied
   --> src/models/feeder/referensi/wilayah.rs:11:1
    |
 11 | #[sea_orm::model]
    | ^^^^^^^^^^^^^^^^^ unsatisfied trait bound
    |
help: the trait `sea_orm::Related<models::feeder::referensi::wilayah::Entity>` is not implemented for `models::feeder::master::biodata_dosen::Entity`
   --> src/models/feeder/master/biodata_dosen.rs:13:39
    |
 13 | #[derive(Clone, Debug, PartialEq, Eq, DeriveEntityModel, Serialize, Des...
    |                                       ^^^^^^^^^^^^^^^^^
    = help: the following other types implement trait `sea_orm::Related<R>`:
              `Entity` implements `Related<Entity>`
              `Entity` implements `Related<Entity>`
              `Entity` implements `Related<Entity>`
              `Entity` implements `Related<Entity>`
              `Entity` implements `Related<Entity>`
              `Entity` implements `Related<Entity>`
              `Entity` implements `Related<Entity>`
              `Entity` implements `Related<Entity>`
            and 415 others
note: required by a bound in `has_many`
   --> /home/bendo01/.cargo/registry/src/index.crates.io-1949cf8c6b5b557f/sea-orm-2.0.2/src/entity/base_entity.rs:123:26
    |
121 |     fn has_many<R>(_: R) -> RelationBuilder<Self, R>
    |        -------- required by a bound in this associated function
122 |     where
123 |         R: EntityTrait + Related<Self>,
    |                          ^^^^^^^^^^^^^ required by this bound in `EntityTrait::has_many`
    = note: the full name for the type has been written to '/home/bendo01/Projects/xsia_xarx/server/target/debug/deps/xsia_xarx-84a5e407a7f67ab6.long-type-8297983962590533955.txt'
    = note: consider using `--verbose` to print the full type name to the console
    = note: this error originates in the derive macro `DeriveRelation` which comes from the expansion of the derive macro `DeriveEntityModel` (in Nightly builds, run with -Z macro-backtrace for more info)

error[E0277]: the trait bound `Entity: Related<Entity>` is not satisfied
   --> src/models/feeder/referensi/wilayah.rs:11:1
    |
 11 | #[sea_orm::model]
    | ^^^^^^^^^^^^^^^^^ unsatisfied trait bound
    |
help: the trait `sea_orm::Related<models::feeder::referensi::wilayah::Entity>` is not implemented for `models::feeder::master::biodata_mahasiswa::Entity`
   --> src/models/feeder/master/biodata_mahasiswa.rs:7:39
    |
  7 | #[derive(Clone, Debug, PartialEq, Eq, DeriveEntityModel, Serialize, Des...
    |                                       ^^^^^^^^^^^^^^^^^
    = help: the following other types implement trait `sea_orm::Related<R>`:
              `Entity` implements `Related<Entity>`
              `Entity` implements `Related<Entity>`
              `Entity` implements `Related<Entity>`
              `Entity` implements `Related<Entity>`
              `Entity` implements `Related<Entity>`
              `Entity` implements `Related<Entity>`
              `Entity` implements `Related<Entity>`
              `Entity` implements `Related<Entity>`
            and 415 others
note: required by a bound in `has_many`
   --> /home/bendo01/.cargo/registry/src/index.crates.io-1949cf8c6b5b557f/sea-orm-2.0.2/src/entity/base_entity.rs:123:26
    |
121 |     fn has_many<R>(_: R) -> RelationBuilder<Self, R>
    |        -------- required by a bound in this associated function
122 |     where
123 |         R: EntityTrait + Related<Self>,
    |                          ^^^^^^^^^^^^^ required by this bound in `EntityTrait::has_many`
    = note: the full name for the type has been written to '/home/bendo01/Projects/xsia_xarx/server/target/debug/deps/xsia_xarx-84a5e407a7f67ab6.long-type-14305729467623008959.txt'
    = note: consider using `--verbose` to print the full type name to the console
    = note: this error originates in the derive macro `DeriveRelation` which comes from the expansion of the derive macro `DeriveEntityModel` (in Nightly builds, run with -Z macro-backtrace for more info)

error[E0277]: the trait bound `Entity: Related<Entity>` is not satisfied
   --> src/models/feeder/referensi/wilayah.rs:11:1
    |
 11 | #[sea_orm::model]
    | ^^^^^^^^^^^^^^^^^ unsatisfied trait bound
    |
help: the trait `sea_orm::Related<models::feeder::referensi::wilayah::Entity>` is not implemented for `Entity`
   --> src/models/feeder/master/profil_perguruan_tinggi.rs:7:39
    |
  7 | #[derive(Clone, Debug, PartialEq, Eq, DeriveEntityModel, Serialize, Des...
    |                                       ^^^^^^^^^^^^^^^^^
    = help: the following other types implement trait `sea_orm::Related<R>`:
              `Entity` implements `Related<Entity>`
              `Entity` implements `Related<Entity>`
              `Entity` implements `Related<Entity>`
              `Entity` implements `Related<Entity>`
              `Entity` implements `Related<Entity>`
              `Entity` implements `Related<Entity>`
              `Entity` implements `Related<Entity>`
              `Entity` implements `Related<Entity>`
            and 415 others
note: required by a bound in `has_many`
   --> /home/bendo01/.cargo/registry/src/index.crates.io-1949cf8c6b5b557f/sea-orm-2.0.2/src/entity/base_entity.rs:123:26
    |
121 |     fn has_many<R>(_: R) -> RelationBuilder<Self, R>
    |        -------- required by a bound in this associated function
122 |     where
123 |         R: EntityTrait + Related<Self>,
    |                          ^^^^^^^^^^^^^ required by this bound in `EntityTrait::has_many`
    = note: the full name for the type has been written to '/home/bendo01/Projects/xsia_xarx/server/target/debug/deps/xsia_xarx-84a5e407a7f67ab6.long-type-11007619035337935308.txt'
    = note: consider using `--verbose` to print the full type name to the console
    = note: this error originates in the derive macro `DeriveRelation` which comes from the expansion of the derive macro `DeriveEntityModel` (in Nightly builds, run with -Z macro-backtrace for more info)

error[E0004]: non-exhaustive patterns: `&models::feeder::master::aktifitas_kuliah_mahasiswa::Relation::Mahasiswa`, `&models::feeder::master::aktifitas_kuliah_mahasiswa::Relation::Semester`, `&models::feeder::master::aktifitas_kuliah_mahasiswa::Relation::ProgramStudi` and 1 more not covered
 --> src/models/feeder/master/aktifitas_kuliah_mahasiswa.rs:6:1
  |
6 | #[sea_orm::model]
  | ^^^^^^^^^^^^^^^^^ patterns `&models::feeder::master::aktifitas_kuliah_mahasiswa::Relation::Mahasiswa`, `&models::feeder::master::aktifitas_kuliah_mahasiswa::Relation::Semester`, `&models::feeder::master::aktifitas_kuliah_mahasiswa::Relation::ProgramStudi` and 1 more not covered
  |
note: `models::feeder::master::aktifitas_kuliah_mahasiswa::Relation` defined here
 --> src/models/feeder/master/aktifitas_kuliah_mahasiswa.rs:6:1
  |
6 | #[sea_orm::model]
  | ^^^^^^^^^^^^^^^^^
  | |
  | not covered
  | not covered
  | not covered
  | not covered
  = note: the matched value is of type `&models::feeder::master::aktifitas_kuliah_mahasiswa::Relation`
  = note: this error originates in the derive macro `Debug` which comes from the expansion of the derive macro `DeriveModelEx` (in Nightly builds, run with -Z macro-backtrace for more info)

error[E0004]: non-exhaustive patterns: `&models::feeder::master::aktifitas_kuliah_mahasiswa::RelatedEntity::Mahasiswa`, `&models::feeder::master::aktifitas_kuliah_mahasiswa::RelatedEntity::Semester`, `&models::feeder::master::aktifitas_kuliah_mahasiswa::RelatedEntity::ProgramStudi` and 1 more not covered
 --> src/models/feeder/master/aktifitas_kuliah_mahasiswa.rs:6:1
  |
6 | #[sea_orm::model]
  | ^^^^^^^^^^^^^^^^^ patterns `&models::feeder::master::aktifitas_kuliah_mahasiswa::RelatedEntity::Mahasiswa`, `&models::feeder::master::aktifitas_kuliah_mahasiswa::RelatedEntity::Semester`, `&models::feeder::master::aktifitas_kuliah_mahasiswa::RelatedEntity::ProgramStudi` and 1 more not covered
  |
note: `models::feeder::master::aktifitas_kuliah_mahasiswa::RelatedEntity` defined here
 --> src/models/feeder/master/aktifitas_kuliah_mahasiswa.rs:6:1
  |
6 | #[sea_orm::model]
  | ^^^^^^^^^^^^^^^^^
  | |
  | not covered
  | not covered
  | not covered
  | not covered
  = note: the matched value is of type `&models::feeder::master::aktifitas_kuliah_mahasiswa::RelatedEntity`
  = note: this error originates in the derive macro `Debug` which comes from the expansion of the derive macro `DeriveModelEx` (in Nightly builds, run with -Z macro-backtrace for more info)

error[E0004]: non-exhaustive patterns: `&models::feeder::master::aktifitas_mahasiswa::Relation::ProgramStudi` and `&models::feeder::master::aktifitas_mahasiswa::Relation::Semester` not covered
 --> src/models/feeder/master/aktifitas_mahasiswa.rs:6:1
  |
6 | #[sea_orm::model]
  | ^^^^^^^^^^^^^^^^^ patterns `&models::feeder::master::aktifitas_mahasiswa::Relation::ProgramStudi` and `&models::feeder::master::aktifitas_mahasiswa::Relation::Semester` not covered
  |
note: `models::feeder::master::aktifitas_mahasiswa::Relation` defined here
 --> src/models/feeder/master/aktifitas_mahasiswa.rs:6:1
  |
6 | #[sea_orm::model]
  | ^^^^^^^^^^^^^^^^^
  | |
  | not covered
  | not covered
  = note: the matched value is of type `&models::feeder::master::aktifitas_mahasiswa::Relation`
  = note: this error originates in the derive macro `Debug` which comes from the expansion of the derive macro `DeriveModelEx` (in Nightly builds, run with -Z macro-backtrace for more info)

error[E0004]: non-exhaustive patterns: `&models::feeder::master::aktifitas_mahasiswa::RelatedEntity::ProgramStudi` and `&models::feeder::master::aktifitas_mahasiswa::RelatedEntity::Semester` not covered
 --> src/models/feeder/master/aktifitas_mahasiswa.rs:6:1
  |
6 | #[sea_orm::model]
  | ^^^^^^^^^^^^^^^^^ patterns `&models::feeder::master::aktifitas_mahasiswa::RelatedEntity::ProgramStudi` and `&models::feeder::master::aktifitas_mahasiswa::RelatedEntity::Semester` not covered
  |
note: `models::feeder::master::aktifitas_mahasiswa::RelatedEntity` defined here
 --> src/models/feeder/master/aktifitas_mahasiswa.rs:6:1
  |
6 | #[sea_orm::model]
  | ^^^^^^^^^^^^^^^^^
  | |
  | not covered
  | not covered
  = note: the matched value is of type `&models::feeder::master::aktifitas_mahasiswa::RelatedEntity`
  = note: this error originates in the derive macro `Debug` which comes from the expansion of the derive macro `DeriveModelEx` (in Nightly builds, run with -Z macro-backtrace for more info)

error[E0004]: non-exhaustive patterns: `&models::feeder::master::aktifitas_mengajar_dosen::Relation::Dosen` and `&models::feeder::master::aktifitas_mengajar_dosen::Relation::ProgramStudi` not covered
 --> src/models/feeder/master/aktifitas_mengajar_dosen.rs:6:1
  |
6 | #[sea_orm::model]
  | ^^^^^^^^^^^^^^^^^ patterns `&models::feeder::master::aktifitas_mengajar_dosen::Relation::Dosen` and `&models::feeder::master::aktifitas_mengajar_dosen::Relation::ProgramStudi` not covered
  |
note: `models::feeder::master::aktifitas_mengajar_dosen::Relation` defined here
 --> src/models/feeder/master/aktifitas_mengajar_dosen.rs:6:1
  |
6 | #[sea_orm::model]
  | ^^^^^^^^^^^^^^^^^
  | |
  | not covered
  | not covered
  = note: the matched value is of type `&models::feeder::master::aktifitas_mengajar_dosen::Relation`
  = note: this error originates in the derive macro `Debug` which comes from the expansion of the derive macro `DeriveModelEx` (in Nightly builds, run with -Z macro-backtrace for more info)

error[E0004]: non-exhaustive patterns: `&models::feeder::master::aktifitas_mengajar_dosen::RelatedEntity::Dosen` and `&models::feeder::master::aktifitas_mengajar_dosen::RelatedEntity::ProgramStudi` not covered
 --> src/models/feeder/master/aktifitas_mengajar_dosen.rs:6:1
  |
6 | #[sea_orm::model]
  | ^^^^^^^^^^^^^^^^^ patterns `&models::feeder::master::aktifitas_mengajar_dosen::RelatedEntity::Dosen` and `&models::feeder::master::aktifitas_mengajar_dosen::RelatedEntity::ProgramStudi` not covered
  |
note: `models::feeder::master::aktifitas_mengajar_dosen::RelatedEntity` defined here
 --> src/models/feeder/master/aktifitas_mengajar_dosen.rs:6:1
  |
6 | #[sea_orm::model]
  | ^^^^^^^^^^^^^^^^^
  | |
  | not covered
  | not covered
  = note: the matched value is of type `&models::feeder::master::aktifitas_mengajar_dosen::RelatedEntity`
  = note: this error originates in the derive macro `Debug` which comes from the expansion of the derive macro `DeriveModelEx` (in Nightly builds, run with -Z macro-backtrace for more info)

error[E0004]: non-exhaustive patterns: `&models::feeder::master::bidang_minat_perguruan_tinggi::Relation::ProgramStudi` not covered
 --> src/models/feeder/master/bidang_minat_perguruan_tinggi.rs:6:1
  |
6 | #[sea_orm::model]
  | ^^^^^^^^^^^^^^^^^ pattern `&models::feeder::master::bidang_minat_perguruan_tinggi::Relation::ProgramStudi` not covered
  |
note: `models::feeder::master::bidang_minat_perguruan_tinggi::Relation` defined here
 --> src/models/feeder/master/bidang_minat_perguruan_tinggi.rs:6:1
  |
6 | #[sea_orm::model]
  | ^^^^^^^^^^^^^^^^^
  | |
  | not covered
  = note: the matched value is of type `&models::feeder::master::bidang_minat_perguruan_tinggi::Relation`
  = note: this error originates in the derive macro `Debug` which comes from the expansion of the derive macro `DeriveModelEx` (in Nightly builds, run with -Z macro-backtrace for more info)

error[E0004]: non-exhaustive patterns: `&models::feeder::master::bidang_minat_perguruan_tinggi::RelatedEntity::ProgramStudi` not covered
 --> src/models/feeder/master/bidang_minat_perguruan_tinggi.rs:6:1
  |
6 | #[sea_orm::model]
  | ^^^^^^^^^^^^^^^^^ pattern `&models::feeder::master::bidang_minat_perguruan_tinggi::RelatedEntity::ProgramStudi` not covered
  |
note: `models::feeder::master::bidang_minat_perguruan_tinggi::RelatedEntity` defined here
 --> src/models/feeder/master/bidang_minat_perguruan_tinggi.rs:6:1
  |
6 | #[sea_orm::model]
  | ^^^^^^^^^^^^^^^^^
  | |
  | not covered
  = note: the matched value is of type `&models::feeder::master::bidang_minat_perguruan_tinggi::RelatedEntity`
  = note: this error originates in the derive macro `Debug` which comes from the expansion of the derive macro `DeriveModelEx` (in Nightly builds, run with -Z macro-backtrace for more info)

error[E0004]: non-exhaustive patterns: `&models::feeder::master::bimbing_mahasiswa::Relation::KategoriKegiatan`, `&models::feeder::master::bimbing_mahasiswa::Relation::Dosen` and `&models::feeder::master::bimbing_mahasiswa::Relation::MahasiswaBimbinganDosen` not covered
 --> src/models/feeder/master/bimbing_mahasiswa.rs:6:1
  |
6 | #[sea_orm::model]
  | ^^^^^^^^^^^^^^^^^ patterns `&models::feeder::master::bimbing_mahasiswa::Relation::KategoriKegiatan`, `&models::feeder::master::bimbing_mahasiswa::Relation::Dosen` and `&models::feeder::master::bimbing_mahasiswa::Relation::MahasiswaBimbinganDosen` not covered
  |
note: `models::feeder::master::bimbing_mahasiswa::Relation` defined here
 --> src/models/feeder/master/bimbing_mahasiswa.rs:6:1
  |
6 | #[sea_orm::model]
  | ^^^^^^^^^^^^^^^^^
  | |
  | not covered
  | not covered
  | not covered
  = note: the matched value is of type `&models::feeder::master::bimbing_mahasiswa::Relation`
  = note: this error originates in the derive macro `Debug` which comes from the expansion of the derive macro `DeriveModelEx` (in Nightly builds, run with -Z macro-backtrace for more info)

error[E0004]: non-exhaustive patterns: `&models::feeder::master::bimbing_mahasiswa::RelatedEntity::KategoriKegiatan`, `&models::feeder::master::bimbing_mahasiswa::RelatedEntity::Dosen` and `&models::feeder::master::bimbing_mahasiswa::RelatedEntity::MahasiswaBimbinganDosen` not covered
 --> src/models/feeder/master/bimbing_mahasiswa.rs:6:1
  |
6 | #[sea_orm::model]
  | ^^^^^^^^^^^^^^^^^ patterns `&models::feeder::master::bimbing_mahasiswa::RelatedEntity::KategoriKegiatan`, `&models::feeder::master::bimbing_mahasiswa::RelatedEntity::Dosen` and `&models::feeder::master::bimbing_mahasiswa::RelatedEntity::MahasiswaBimbinganDosen` not covered
  |
note: `models::feeder::master::bimbing_mahasiswa::RelatedEntity` defined here
 --> src/models/feeder/master/bimbing_mahasiswa.rs:6:1
  |
6 | #[sea_orm::model]
  | ^^^^^^^^^^^^^^^^^
  | |
  | not covered
  | not covered
  | not covered
  = note: the matched value is of type `&models::feeder::master::bimbing_mahasiswa::RelatedEntity`
  = note: this error originates in the derive macro `Debug` which comes from the expansion of the derive macro `DeriveModelEx` (in Nightly builds, run with -Z macro-backtrace for more info)

error[E0004]: non-exhaustive patterns: `&models::feeder::master::biodata_dosen::Relation::Dosen`, `&models::feeder::master::biodata_dosen::Relation::Agama`, `&models::feeder::master::biodata_dosen::Relation::PangkatGolongan` and 1 more not covered
  --> src/models/feeder/master/biodata_dosen.rs:12:1
   |
12 | #[sea_orm::model]
   | ^^^^^^^^^^^^^^^^^ patterns `&models::feeder::master::biodata_dosen::Relation::Dosen`, `&models::feeder::master::biodata_dosen::Relation::Agama`, `&models::feeder::master::biodata_dosen::Relation::PangkatGolongan` and 1 more not covered
   |
note: `models::feeder::master::biodata_dosen::Relation` defined here
  --> src/models/feeder/master/biodata_dosen.rs:12:1
   |
12 | #[sea_orm::model]
   | ^^^^^^^^^^^^^^^^^
   | |
   | not covered
   | not covered
   | not covered
   | not covered
   = note: the matched value is of type `&models::feeder::master::biodata_dosen::Relation`
   = note: this error originates in the derive macro `Debug` which comes from the expansion of the derive macro `DeriveModelEx` (in Nightly builds, run with -Z macro-backtrace for more info)

error[E0004]: non-exhaustive patterns: `&models::feeder::master::biodata_dosen::RelatedEntity::Dosen`, `&models::feeder::master::biodata_dosen::RelatedEntity::Agama`, `&models::feeder::master::biodata_dosen::RelatedEntity::PangkatGolongan` and 1 more not covered
  --> src/models/feeder/master/biodata_dosen.rs:12:1
   |
12 | #[sea_orm::model]
   | ^^^^^^^^^^^^^^^^^ patterns `&models::feeder::master::biodata_dosen::RelatedEntity::Dosen`, `&models::feeder::master::biodata_dosen::RelatedEntity::Agama`, `&models::feeder::master::biodata_dosen::RelatedEntity::PangkatGolongan` and 1 more not covered
   |
note: `models::feeder::master::biodata_dosen::RelatedEntity` defined here
  --> src/models/feeder/master/biodata_dosen.rs:12:1
   |
12 | #[sea_orm::model]
   | ^^^^^^^^^^^^^^^^^
   | |
   | not covered
   | not covered
   | not covered
   | not covered
   = note: the matched value is of type `&models::feeder::master::biodata_dosen::RelatedEntity`
   = note: this error originates in the derive macro `Debug` which comes from the expansion of the derive macro `DeriveModelEx` (in Nightly builds, run with -Z macro-backtrace for more info)

error[E0004]: non-exhaustive patterns: `&models::feeder::master::biodata_mahasiswa::Relation::Mahasiswa`, `&models::feeder::master::biodata_mahasiswa::Relation::Agama`, `&models::feeder::master::biodata_mahasiswa::Relation::Negara` and 3 more not covered
 --> src/models/feeder/master/biodata_mahasiswa.rs:6:1
  |
6 | #[sea_orm::model]
  | ^^^^^^^^^^^^^^^^^ patterns `&models::feeder::master::biodata_mahasiswa::Relation::Mahasiswa`, `&models::feeder::master::biodata_mahasiswa::Relation::Agama`, `&models::feeder::master::biodata_mahasiswa::Relation::Negara` and 3 more not covered
  |
note: `models::feeder::master::biodata_mahasiswa::Relation` defined here
 --> src/models/feeder/master/biodata_mahasiswa.rs:6:1
  |
6 | #[sea_orm::model]
  | ^^^^^^^^^^^^^^^^^
  | |
  | not covered
  | not covered
  | not covered
  | not covered
  | not covered
  = note: the matched value is of type `&models::feeder::master::biodata_mahasiswa::Relation`
  = note: this error originates in the derive macro `Debug` which comes from the expansion of the derive macro `DeriveModelEx` (in Nightly builds, run with -Z macro-backtrace for more info)

error[E0004]: non-exhaustive patterns: `&models::feeder::master::biodata_mahasiswa::RelatedEntity::Mahasiswa`, `&models::feeder::master::biodata_mahasiswa::RelatedEntity::Agama`, `&models::feeder::master::biodata_mahasiswa::RelatedEntity::Negara` and 3 more not covered
 --> src/models/feeder/master/biodata_mahasiswa.rs:6:1
  |
6 | #[sea_orm::model]
  | ^^^^^^^^^^^^^^^^^ patterns `&models::feeder::master::biodata_mahasiswa::RelatedEntity::Mahasiswa`, `&models::feeder::master::biodata_mahasiswa::RelatedEntity::Agama`, `&models::feeder::master::biodata_mahasiswa::RelatedEntity::Negara` and 3 more not covered
  |
note: `models::feeder::master::biodata_mahasiswa::RelatedEntity` defined here
 --> src/models/feeder/master/biodata_mahasiswa.rs:6:1
  |
6 | #[sea_orm::model]
  | ^^^^^^^^^^^^^^^^^
  | |
  | not covered
  | not covered
  | not covered
  | not covered
  | not covered
  = note: the matched value is of type `&models::feeder::master::biodata_mahasiswa::RelatedEntity`
  = note: this error originates in the derive macro `Debug` which comes from the expansion of the derive macro `DeriveModelEx` (in Nightly builds, run with -Z macro-backtrace for more info)

error[E0004]: non-exhaustive patterns: `&models::feeder::master::detail_nilai_perkuliahan_kelas::Relation::ProgramStudi`, `&models::feeder::master::detail_nilai_perkuliahan_kelas::Relation::Semester`, `&models::feeder::master::detail_nilai_perkuliahan_kelas::Relation::KelasKuliah` and 1 more not covered
 --> src/models/feeder/master/detail_nilai_perkuliahan_kelas.rs:6:1
  |
6 | #[sea_orm::model]
  | ^^^^^^^^^^^^^^^^^ patterns `&models::feeder::master::detail_nilai_perkuliahan_kelas::Relation::ProgramStudi`, `&models::feeder::master::detail_nilai_perkuliahan_kelas::Relation::Semester`, `&models::feeder::master::detail_nilai_perkuliahan_kelas::Relation::KelasKuliah` and 1 more not covered
  |
note: `models::feeder::master::detail_nilai_perkuliahan_kelas::Relation` defined here
 --> src/models/feeder/master/detail_nilai_perkuliahan_kelas.rs:6:1
  |
6 | #[sea_orm::model]
  | ^^^^^^^^^^^^^^^^^
  | |
  | not covered
  | not covered
  | not covered
  | not covered
  = note: the matched value is of type `&models::feeder::master::detail_nilai_perkuliahan_kelas::Relation`
  = note: this error originates in the derive macro `Debug` which comes from the expansion of the derive macro `DeriveModelEx` (in Nightly builds, run with -Z macro-backtrace for more info)

error[E0004]: non-exhaustive patterns: `&models::feeder::master::detail_nilai_perkuliahan_kelas::RelatedEntity::ProgramStudi`, `&models::feeder::master::detail_nilai_perkuliahan_kelas::RelatedEntity::Semester`, `&models::feeder::master::detail_nilai_perkuliahan_kelas::RelatedEntity::KelasKuliah` and 1 more not covered
 --> src/models/feeder/master/detail_nilai_perkuliahan_kelas.rs:6:1
  |
6 | #[sea_orm::model]
  | ^^^^^^^^^^^^^^^^^ patterns `&models::feeder::master::detail_nilai_perkuliahan_kelas::RelatedEntity::ProgramStudi`, `&models::feeder::master::detail_nilai_perkuliahan_kelas::RelatedEntity::Semester`, `&models::feeder::master::detail_nilai_perkuliahan_kelas::RelatedEntity::KelasKuliah` and 1 more not covered
  |
note: `models::feeder::master::detail_nilai_perkuliahan_kelas::RelatedEntity` defined here
 --> src/models/feeder/master/detail_nilai_perkuliahan_kelas.rs:6:1
  |
6 | #[sea_orm::model]
  | ^^^^^^^^^^^^^^^^^
  | |
  | not covered
  | not covered
  | not covered
  | not covered
  = note: the matched value is of type `&models::feeder::master::detail_nilai_perkuliahan_kelas::RelatedEntity`
  = note: this error originates in the derive macro `Debug` which comes from the expansion of the derive macro `DeriveModelEx` (in Nightly builds, run with -Z macro-backtrace for more info)

error[E0004]: non-exhaustive patterns: `&models::feeder::master::dosen::Relation::AktifitasMengajarDosen`, `&models::feeder::master::dosen::Relation::BimbingMahasiswa`, `&models::feeder::master::dosen::Relation::BiodataDosen` and 13 more not covered
 --> src/models/feeder/master/dosen.rs:6:1
  |
6 | #[sea_orm::model]
  | ^^^^^^^^^^^^^^^^^ patterns `&models::feeder::master::dosen::Relation::AktifitasMengajarDosen`, `&models::feeder::master::dosen::Relation::BimbingMahasiswa`, `&models::feeder::master::dosen::Relation::BiodataDosen` and 13 more not covered
  |
note: `models::feeder::master::dosen::Relation` defined here
 --> src/models/feeder/master/dosen.rs:6:1
  |
6 | #[sea_orm::model]
  | ^^^^^^^^^^^^^^^^^
  | |
  | not covered
  | not covered
  | not covered
  | not covered
  | not covered
  = note: the matched value is of type `&models::feeder::master::dosen::Relation`
  = note: this error originates in the derive macro `Debug` which comes from the expansion of the derive macro `DeriveModelEx` (in Nightly builds, run with -Z macro-backtrace for more info)

error[E0004]: non-exhaustive patterns: `&models::feeder::master::dosen::RelatedEntity::AktifitasMengajarDosen`, `&models::feeder::master::dosen::RelatedEntity::BimbingMahasiswa`, `&models::feeder::master::dosen::RelatedEntity::BiodataDosen` and 13 more not covered
 --> src/models/feeder/master/dosen.rs:6:1
  |
6 | #[sea_orm::model]
  | ^^^^^^^^^^^^^^^^^ patterns `&models::feeder::master::dosen::RelatedEntity::AktifitasMengajarDosen`, `&models::feeder::master::dosen::RelatedEntity::BimbingMahasiswa`, `&models::feeder::master::dosen::RelatedEntity::BiodataDosen` and 13 more not covered
  |
note: `models::feeder::master::dosen::RelatedEntity` defined here
 --> src/models/feeder/master/dosen.rs:6:1
  |
6 | #[sea_orm::model]
  | ^^^^^^^^^^^^^^^^^
  | |
  | not covered
  | not covered
  | not covered
  | not covered
  | not covered
  = note: the matched value is of type `&models::feeder::master::dosen::RelatedEntity`
  = note: this error originates in the derive macro `Debug` which comes from the expansion of the derive macro `DeriveModelEx` (in Nightly builds, run with -Z macro-backtrace for more info)

error[E0004]: non-exhaustive patterns: `&models::feeder::master::dosen_pembimbing::Relation::Dosen` not covered
 --> src/models/feeder/master/dosen_pembimbing.rs:6:1
  |
6 | #[sea_orm::model]
  | ^^^^^^^^^^^^^^^^^ pattern `&models::feeder::master::dosen_pembimbing::Relation::Dosen` not covered
  |
note: `models::feeder::master::dosen_pembimbing::Relation` defined here
 --> src/models/feeder/master/dosen_pembimbing.rs:6:1
  |
6 | #[sea_orm::model]
  | ^^^^^^^^^^^^^^^^^
  | |
  | not covered
  = note: the matched value is of type `&models::feeder::master::dosen_pembimbing::Relation`
  = note: this error originates in the derive macro `Debug` which comes from the expansion of the derive macro `DeriveModelEx` (in Nightly builds, run with -Z macro-backtrace for more info)

error[E0004]: non-exhaustive patterns: `&models::feeder::master::dosen_pembimbing::RelatedEntity::Dosen` not covered
 --> src/models/feeder/master/dosen_pembimbing.rs:6:1
  |
6 | #[sea_orm::model]
  | ^^^^^^^^^^^^^^^^^ pattern `&models::feeder::master::dosen_pembimbing::RelatedEntity::Dosen` not covered
  |
note: `models::feeder::master::dosen_pembimbing::RelatedEntity` defined here
 --> src/models/feeder/master/dosen_pembimbing.rs:6:1
  |
6 | #[sea_orm::model]
  | ^^^^^^^^^^^^^^^^^
  | |
  | not covered
  = note: the matched value is of type `&models::feeder::master::dosen_pembimbing::RelatedEntity`
  = note: this error originates in the derive macro `Debug` which comes from the expansion of the derive macro `DeriveModelEx` (in Nightly builds, run with -Z macro-backtrace for more info)

error[E0004]: non-exhaustive patterns: `&models::feeder::master::dosen_pengajar_kelas_kuliah::Relation::Dosen`, `&models::feeder::master::dosen_pengajar_kelas_kuliah::Relation::KelasKuliah`, `&models::feeder::master::dosen_pengajar_kelas_kuliah::Relation::JenisEvaluasi` and 2 more not covered
 --> src/models/feeder/master/dosen_pengajar_kelas_kuliah.rs:6:1
  |
6 | #[sea_orm::model]
  | ^^^^^^^^^^^^^^^^^ patterns `&models::feeder::master::dosen_pengajar_kelas_kuliah::Relation::Dosen`, `&models::feeder::master::dosen_pengajar_kelas_kuliah::Relation::KelasKuliah`, `&models::feeder::master::dosen_pengajar_kelas_kuliah::Relation::JenisEvaluasi` and 2 more not covered
  |
note: `models::feeder::master::dosen_pengajar_kelas_kuliah::Relation` defined here
 --> src/models/feeder/master/dosen_pengajar_kelas_kuliah.rs:6:1
  |
6 | #[sea_orm::model]
  | ^^^^^^^^^^^^^^^^^
  | |
  | not covered
  | not covered
  | not covered
  | not covered
  | not covered
  = note: the matched value is of type `&models::feeder::master::dosen_pengajar_kelas_kuliah::Relation`
  = note: this error originates in the derive macro `Debug` which comes from the expansion of the derive macro `DeriveModelEx` (in Nightly builds, run with -Z macro-backtrace for more info)

error[E0004]: non-exhaustive patterns: `&models::feeder::master::dosen_pengajar_kelas_kuliah::RelatedEntity::Dosen`, `&models::feeder::master::dosen_pengajar_kelas_kuliah::RelatedEntity::KelasKuliah`, `&models::feeder::master::dosen_pengajar_kelas_kuliah::RelatedEntity::JenisEvaluasi` and 2 more not covered
 --> src/models/feeder/master/dosen_pengajar_kelas_kuliah.rs:6:1
  |
6 | #[sea_orm::model]
  | ^^^^^^^^^^^^^^^^^ patterns `&models::feeder::master::dosen_pengajar_kelas_kuliah::RelatedEntity::Dosen`, `&models::feeder::master::dosen_pengajar_kelas_kuliah::RelatedEntity::KelasKuliah`, `&models::feeder::master::dosen_pengajar_kelas_kuliah::RelatedEntity::JenisEvaluasi` and 2 more not covered
  |
note: `models::feeder::master::dosen_pengajar_kelas_kuliah::RelatedEntity` defined here
 --> src/models/feeder/master/dosen_pengajar_kelas_kuliah.rs:6:1
  |
6 | #[sea_orm::model]
  | ^^^^^^^^^^^^^^^^^
  | |
  | not covered
  | not covered
  | not covered
  | not covered
  | not covered
  = note: the matched value is of type `&models::feeder::master::dosen_pengajar_kelas_kuliah::RelatedEntity`
  = note: this error originates in the derive macro `Debug` which comes from the expansion of the derive macro `DeriveModelEx` (in Nightly builds, run with -Z macro-backtrace for more info)

error[E0004]: non-exhaustive patterns: `&models::feeder::master::fakultas::Relation::JenjangPendidikan` not covered
 --> src/models/feeder/master/fakultas.rs:6:1
  |
6 | #[sea_orm::model]
  | ^^^^^^^^^^^^^^^^^ pattern `&models::feeder::master::fakultas::Relation::JenjangPendidikan` not covered
  |
note: `models::feeder::master::fakultas::Relation` defined here
 --> src/models/feeder/master/fakultas.rs:6:1
  |
6 | #[sea_orm::model]
  | ^^^^^^^^^^^^^^^^^
  | |
  | not covered
  = note: the matched value is of type `&models::feeder::master::fakultas::Relation`
  = note: this error originates in the derive macro `Debug` which comes from the expansion of the derive macro `DeriveModelEx` (in Nightly builds, run with -Z macro-backtrace for more info)

error[E0004]: non-exhaustive patterns: `&models::feeder::master::fakultas::RelatedEntity::JenjangPendidikan` not covered
 --> src/models/feeder/master/fakultas.rs:6:1
  |
6 | #[sea_orm::model]
  | ^^^^^^^^^^^^^^^^^ pattern `&models::feeder::master::fakultas::RelatedEntity::JenjangPendidikan` not covered
  |
note: `models::feeder::master::fakultas::RelatedEntity` defined here
 --> src/models/feeder/master/fakultas.rs:6:1
  |
6 | #[sea_orm::model]
  | ^^^^^^^^^^^^^^^^^
  | |
  | not covered
  = note: the matched value is of type `&models::feeder::master::fakultas::RelatedEntity`
  = note: this error originates in the derive macro `Debug` which comes from the expansion of the derive macro `DeriveModelEx` (in Nightly builds, run with -Z macro-backtrace for more info)

error[E0004]: non-exhaustive patterns: `&models::feeder::master::hitung_transkrip_angkatan_mahasiswa::Relation::ProgramStudi` not covered
 --> src/models/feeder/master/hitung_transkrip_angkatan_mahasiswa.rs:6:1
  |
6 | #[sea_orm::model]
  | ^^^^^^^^^^^^^^^^^ pattern `&models::feeder::master::hitung_transkrip_angkatan_mahasiswa::Relation::ProgramStudi` not covered
  |
note: `models::feeder::master::hitung_transkrip_angkatan_mahasiswa::Relation` defined here
 --> src/models/feeder/master/hitung_transkrip_angkatan_mahasiswa.rs:6:1
  |
6 | #[sea_orm::model]
  | ^^^^^^^^^^^^^^^^^
  | |
  | not covered
  = note: the matched value is of type `&models::feeder::master::hitung_transkrip_angkatan_mahasiswa::Relation`
  = note: this error originates in the derive macro `Debug` which comes from the expansion of the derive macro `DeriveModelEx` (in Nightly builds, run with -Z macro-backtrace for more info)

error[E0004]: non-exhaustive patterns: `&models::feeder::master::hitung_transkrip_angkatan_mahasiswa::RelatedEntity::ProgramStudi` not covered
 --> src/models/feeder/master/hitung_transkrip_angkatan_mahasiswa.rs:6:1
  |
6 | #[sea_orm::model]
  | ^^^^^^^^^^^^^^^^^ pattern `&models::feeder::master::hitung_transkrip_angkatan_mahasiswa::RelatedEntity::ProgramStudi` not covered
  |
note: `models::feeder::master::hitung_transkrip_angkatan_mahasiswa::RelatedEntity` defined here
 --> src/models/feeder/master/hitung_transkrip_angkatan_mahasiswa.rs:6:1
  |
6 | #[sea_orm::model]
  | ^^^^^^^^^^^^^^^^^
  | |
  | not covered
  = note: the matched value is of type `&models::feeder::master::hitung_transkrip_angkatan_mahasiswa::RelatedEntity`
  = note: this error originates in the derive macro `Debug` which comes from the expansion of the derive macro `DeriveModelEx` (in Nightly builds, run with -Z macro-backtrace for more info)

error[E0004]: non-exhaustive patterns: `&models::feeder::master::kartu_rencana_studi_mahasiswa::Relation::ProgramStudi` not covered
 --> src/models/feeder/master/kartu_rencana_studi_mahasiswa.rs:6:1
  |
6 | #[sea_orm::model]
  | ^^^^^^^^^^^^^^^^^ pattern `&models::feeder::master::kartu_rencana_studi_mahasiswa::Relation::ProgramStudi` not covered
  |
note: `models::feeder::master::kartu_rencana_studi_mahasiswa::Relation` defined here
 --> src/models/feeder/master/kartu_rencana_studi_mahasiswa.rs:6:1
  |
6 | #[sea_orm::model]
  | ^^^^^^^^^^^^^^^^^
  | |
  | not covered
  = note: the matched value is of type `&models::feeder::master::kartu_rencana_studi_mahasiswa::Relation`
  = note: this error originates in the derive macro `Debug` which comes from the expansion of the derive macro `DeriveModelEx` (in Nightly builds, run with -Z macro-backtrace for more info)

error[E0004]: non-exhaustive patterns: `&models::feeder::master::kartu_rencana_studi_mahasiswa::RelatedEntity::ProgramStudi` not covered
 --> src/models/feeder/master/kartu_rencana_studi_mahasiswa.rs:6:1
  |
6 | #[sea_orm::model]
  | ^^^^^^^^^^^^^^^^^ pattern `&models::feeder::master::kartu_rencana_studi_mahasiswa::RelatedEntity::ProgramStudi` not covered
  |
note: `models::feeder::master::kartu_rencana_studi_mahasiswa::RelatedEntity` defined here
 --> src/models/feeder/master/kartu_rencana_studi_mahasiswa.rs:6:1
  |
6 | #[sea_orm::model]
  | ^^^^^^^^^^^^^^^^^
  | |
  | not covered
  = note: the matched value is of type `&models::feeder::master::kartu_rencana_studi_mahasiswa::RelatedEntity`
  = note: this error originates in the derive macro `Debug` which comes from the expansion of the derive macro `DeriveModelEx` (in Nightly builds, run with -Z macro-backtrace for more info)

error[E0004]: non-exhaustive patterns: `&models::feeder::master::kelas_kuliah::Relation::DetailNilaiPerkuliahanKelas`, `&models::feeder::master::kelas_kuliah::Relation::DosenPengajarKelasKuliah`, `&models::feeder::master::kelas_kuliah::Relation::ProgramStudi` and 6 more not covered
 --> src/models/feeder/master/kelas_kuliah.rs:6:1
  |
6 | #[sea_orm::model]
  | ^^^^^^^^^^^^^^^^^ patterns `&models::feeder::master::kelas_kuliah::Relation::DetailNilaiPerkuliahanKelas`, `&models::feeder::master::kelas_kuliah::Relation::DosenPengajarKelasKuliah`, `&models::feeder::master::kelas_kuliah::Relation::ProgramStudi` and 6 more not covered
  |
note: `models::feeder::master::kelas_kuliah::Relation` defined here
 --> src/models/feeder/master/kelas_kuliah.rs:6:1
  |
6 | #[sea_orm::model]
  | ^^^^^^^^^^^^^^^^^
  | |
  | not covered
  | not covered
  | not covered
  | not covered
  | not covered
  = note: the matched value is of type `&models::feeder::master::kelas_kuliah::Relation`
  = note: this error originates in the derive macro `Debug` which comes from the expansion of the derive macro `DeriveModelEx` (in Nightly builds, run with -Z macro-backtrace for more info)

error[E0004]: non-exhaustive patterns: `&models::feeder::master::kelas_kuliah::RelatedEntity::DetailNilaiPerkuliahanKelas`, `&models::feeder::master::kelas_kuliah::RelatedEntity::DosenPengajarKelasKuliah`, `&models::feeder::master::kelas_kuliah::RelatedEntity::ProgramStudi` and 6 more not covered
 --> src/models/feeder/master/kelas_kuliah.rs:6:1
  |
6 | #[sea_orm::model]
  | ^^^^^^^^^^^^^^^^^ patterns `&models::feeder::master::kelas_kuliah::RelatedEntity::DetailNilaiPerkuliahanKelas`, `&models::feeder::master::kelas_kuliah::RelatedEntity::DosenPengajarKelasKuliah`, `&models::feeder::master::kelas_kuliah::RelatedEntity::ProgramStudi` and 6 more not covered
  |
note: `models::feeder::master::kelas_kuliah::RelatedEntity` defined here
 --> src/models/feeder/master/kelas_kuliah.rs:6:1
  |
6 | #[sea_orm::model]
  | ^^^^^^^^^^^^^^^^^
  | |
  | not covered
  | not covered
  | not covered
  | not covered
  | not covered
  = note: the matched value is of type `&models::feeder::master::kelas_kuliah::RelatedEntity`
  = note: this error originates in the derive macro `Debug` which comes from the expansion of the derive macro `DeriveModelEx` (in Nightly builds, run with -Z macro-backtrace for more info)

error[E0004]: non-exhaustive patterns: `&models::feeder::master::komponen_evaluasi_kelas::Relation::KelasKuliah` and `&models::feeder::master::komponen_evaluasi_kelas::Relation::JenisEvaluasi` not covered
 --> src/models/feeder/master/komponen_evaluasi_kelas.rs:6:1
  |
6 | #[sea_orm::model]
  | ^^^^^^^^^^^^^^^^^ patterns `&models::feeder::master::komponen_evaluasi_kelas::Relation::KelasKuliah` and `&models::feeder::master::komponen_evaluasi_kelas::Relation::JenisEvaluasi` not covered
  |
note: `models::feeder::master::komponen_evaluasi_kelas::Relation` defined here
 --> src/models/feeder/master/komponen_evaluasi_kelas.rs:6:1
  |
6 | #[sea_orm::model]
  | ^^^^^^^^^^^^^^^^^
  | |
  | not covered
  | not covered
  = note: the matched value is of type `&models::feeder::master::komponen_evaluasi_kelas::Relation`
  = note: this error originates in the derive macro `Debug` which comes from the expansion of the derive macro `DeriveModelEx` (in Nightly builds, run with -Z macro-backtrace for more info)

error[E0004]: non-exhaustive patterns: `&models::feeder::master::komponen_evaluasi_kelas::RelatedEntity::KelasKuliah` and `&models::feeder::master::komponen_evaluasi_kelas::RelatedEntity::JenisEvaluasi` not covered
 --> src/models/feeder/master/komponen_evaluasi_kelas.rs:6:1
  |
6 | #[sea_orm::model]
  | ^^^^^^^^^^^^^^^^^ patterns `&models::feeder::master::komponen_evaluasi_kelas::RelatedEntity::KelasKuliah` and `&models::feeder::master::komponen_evaluasi_kelas::RelatedEntity::JenisEvaluasi` not covered
  |
note: `models::feeder::master::komponen_evaluasi_kelas::RelatedEntity` defined here
 --> src/models/feeder/master/komponen_evaluasi_kelas.rs:6:1
  |
6 | #[sea_orm::model]
  | ^^^^^^^^^^^^^^^^^
  | |
  | not covered
  | not covered
  = note: the matched value is of type `&models::feeder::master::komponen_evaluasi_kelas::RelatedEntity`
  = note: this error originates in the derive macro `Debug` which comes from the expansion of the derive macro `DeriveModelEx` (in Nightly builds, run with -Z macro-backtrace for more info)

error[E0004]: non-exhaustive patterns: `&models::feeder::master::konversi_kampus_merdeka::Relation::Semester` not covered
 --> src/models/feeder/master/konversi_kampus_merdeka.rs:6:1
  |
6 | #[sea_orm::model]
  | ^^^^^^^^^^^^^^^^^ pattern `&models::feeder::master::konversi_kampus_merdeka::Relation::Semester` not covered
  |
note: `models::feeder::master::konversi_kampus_merdeka::Relation` defined here
 --> src/models/feeder/master/konversi_kampus_merdeka.rs:6:1
  |
6 | #[sea_orm::model]
  | ^^^^^^^^^^^^^^^^^
  | |
  | not covered
  = note: the matched value is of type `&models::feeder::master::konversi_kampus_merdeka::Relation`
  = note: this error originates in the derive macro `Debug` which comes from the expansion of the derive macro `DeriveModelEx` (in Nightly builds, run with -Z macro-backtrace for more info)

error[E0004]: non-exhaustive patterns: `&models::feeder::master::konversi_kampus_merdeka::RelatedEntity::Semester` not covered
 --> src/models/feeder/master/konversi_kampus_merdeka.rs:6:1
  |
6 | #[sea_orm::model]
  | ^^^^^^^^^^^^^^^^^ pattern `&models::feeder::master::konversi_kampus_merdeka::RelatedEntity::Semester` not covered
  |
note: `models::feeder::master::konversi_kampus_merdeka::RelatedEntity` defined here
 --> src/models/feeder/master/konversi_kampus_merdeka.rs:6:1
  |
6 | #[sea_orm::model]
  | ^^^^^^^^^^^^^^^^^
  | |
  | not covered
  = note: the matched value is of type `&models::feeder::master::konversi_kampus_merdeka::RelatedEntity`
  = note: this error originates in the derive macro `Debug` which comes from the expansion of the derive macro `DeriveModelEx` (in Nightly builds, run with -Z macro-backtrace for more info)

error[E0004]: non-exhaustive patterns: `&models::feeder::master::kurikulum::Relation::ProgramStudi`, `&models::feeder::master::kurikulum::Relation::Semester` and `&models::feeder::master::kurikulum::Relation::MatakuliahKurikulum` not covered
 --> src/models/feeder/master/kurikulum.rs:6:1
  |
6 | #[sea_orm::model]
  | ^^^^^^^^^^^^^^^^^ patterns `&models::feeder::master::kurikulum::Relation::ProgramStudi`, `&models::feeder::master::kurikulum::Relation::Semester` and `&models::feeder::master::kurikulum::Relation::MatakuliahKurikulum` not covered
  |
note: `models::feeder::master::kurikulum::Relation` defined here
 --> src/models/feeder/master/kurikulum.rs:6:1
  |
6 | #[sea_orm::model]
  | ^^^^^^^^^^^^^^^^^
  | |
  | not covered
  | not covered
  | not covered
  = note: the matched value is of type `&models::feeder::master::kurikulum::Relation`
  = note: this error originates in the derive macro `Debug` which comes from the expansion of the derive macro `DeriveModelEx` (in Nightly builds, run with -Z macro-backtrace for more info)

error[E0004]: non-exhaustive patterns: `&models::feeder::master::kurikulum::RelatedEntity::ProgramStudi`, `&models::feeder::master::kurikulum::RelatedEntity::Semester` and `&models::feeder::master::kurikulum::RelatedEntity::MatakuliahKurikulum` not covered
 --> src/models/feeder/master/kurikulum.rs:6:1
  |
6 | #[sea_orm::model]
  | ^^^^^^^^^^^^^^^^^ patterns `&models::feeder::master::kurikulum::RelatedEntity::ProgramStudi`, `&models::feeder::master::kurikulum::RelatedEntity::Semester` and `&models::feeder::master::kurikulum::RelatedEntity::MatakuliahKurikulum` not covered
  |
note: `models::feeder::master::kurikulum::RelatedEntity` defined here
 --> src/models/feeder/master/kurikulum.rs:6:1
  |
6 | #[sea_orm::model]
  | ^^^^^^^^^^^^^^^^^
  | |
  | not covered
  | not covered
  | not covered
  = note: the matched value is of type `&models::feeder::master::kurikulum::RelatedEntity`
  = note: this error originates in the derive macro `Debug` which comes from the expansion of the derive macro `DeriveModelEx` (in Nightly builds, run with -Z macro-backtrace for more info)

error[E0004]: non-exhaustive patterns: `&models::feeder::master::mahasiswa::Relation::BiodataMahasiswa`, `&models::feeder::master::mahasiswa::Relation::DetailNilaiPerkuliahanKelas`, `&models::feeder::master::mahasiswa::Relation::PerguruanTinggi` and 8 more not covered
 --> src/models/feeder/master/mahasiswa.rs:6:1
  |
6 | #[sea_orm::model]
  | ^^^^^^^^^^^^^^^^^ patterns `&models::feeder::master::mahasiswa::Relation::BiodataMahasiswa`, `&models::feeder::master::mahasiswa::Relation::DetailNilaiPerkuliahanKelas`, `&models::feeder::master::mahasiswa::Relation::PerguruanTinggi` and 8 more not covered
  |
note: `models::feeder::master::mahasiswa::Relation` defined here
 --> src/models/feeder/master/mahasiswa.rs:6:1
  |
6 | #[sea_orm::model]
  | ^^^^^^^^^^^^^^^^^
  | |
  | not covered
  | not covered
  | not covered
  | not covered
  | not covered
  = note: the matched value is of type `&models::feeder::master::mahasiswa::Relation`
  = note: this error originates in the derive macro `Debug` which comes from the expansion of the derive macro `DeriveModelEx` (in Nightly builds, run with -Z macro-backtrace for more info)

error[E0004]: non-exhaustive patterns: `&models::feeder::master::mahasiswa::RelatedEntity::BiodataMahasiswa`, `&models::feeder::master::mahasiswa::RelatedEntity::DetailNilaiPerkuliahanKelas`, `&models::feeder::master::mahasiswa::RelatedEntity::PerguruanTinggi` and 8 more not covered
 --> src/models/feeder/master/mahasiswa.rs:6:1
  |
6 | #[sea_orm::model]
  | ^^^^^^^^^^^^^^^^^ patterns `&models::feeder::master::mahasiswa::RelatedEntity::BiodataMahasiswa`, `&models::feeder::master::mahasiswa::RelatedEntity::DetailNilaiPerkuliahanKelas`, `&models::feeder::master::mahasiswa::RelatedEntity::PerguruanTinggi` and 8 more not covered
  |
note: `models::feeder::master::mahasiswa::RelatedEntity` defined here
 --> src/models/feeder/master/mahasiswa.rs:6:1
  |
6 | #[sea_orm::model]
  | ^^^^^^^^^^^^^^^^^
  | |
  | not covered
  | not covered
  | not covered
  | not covered
  | not covered
  = note: the matched value is of type `&models::feeder::master::mahasiswa::RelatedEntity`
  = note: this error originates in the derive macro `Debug` which comes from the expansion of the derive macro `DeriveModelEx` (in Nightly builds, run with -Z macro-backtrace for more info)

error[E0004]: non-exhaustive patterns: `&models::feeder::master::mahasiswa_bimbingan_dosen::Relation::BimbingMahasiswa`, `&models::feeder::master::mahasiswa_bimbingan_dosen::Relation::KategoriKegiatan` and `&models::feeder::master::mahasiswa_bimbingan_dosen::Relation::Dosen` not covered
 --> src/models/feeder/master/mahasiswa_bimbingan_dosen.rs:6:1
  |
6 | #[sea_orm::model]
  | ^^^^^^^^^^^^^^^^^ patterns `&models::feeder::master::mahasiswa_bimbingan_dosen::Relation::BimbingMahasiswa`, `&models::feeder::master::mahasiswa_bimbingan_dosen::Relation::KategoriKegiatan` and `&models::feeder::master::mahasiswa_bimbingan_dosen::Relation::Dosen` not covered
  |
note: `models::feeder::master::mahasiswa_bimbingan_dosen::Relation` defined here
 --> src/models/feeder/master/mahasiswa_bimbingan_dosen.rs:6:1
  |
6 | #[sea_orm::model]
  | ^^^^^^^^^^^^^^^^^
  | |
  | not covered
  | not covered
  | not covered
  = note: the matched value is of type `&models::feeder::master::mahasiswa_bimbingan_dosen::Relation`
  = note: this error originates in the derive macro `Debug` which comes from the expansion of the derive macro `DeriveModelEx` (in Nightly builds, run with -Z macro-backtrace for more info)

error[E0004]: non-exhaustive patterns: `&models::feeder::master::mahasiswa_bimbingan_dosen::RelatedEntity::BimbingMahasiswa`, `&models::feeder::master::mahasiswa_bimbingan_dosen::RelatedEntity::KategoriKegiatan` and `&models::feeder::master::mahasiswa_bimbingan_dosen::RelatedEntity::Dosen` not covered
 --> src/models/feeder/master/mahasiswa_bimbingan_dosen.rs:6:1
  |
6 | #[sea_orm::model]
  | ^^^^^^^^^^^^^^^^^ patterns `&models::feeder::master::mahasiswa_bimbingan_dosen::RelatedEntity::BimbingMahasiswa`, `&models::feeder::master::mahasiswa_bimbingan_dosen::RelatedEntity::KategoriKegiatan` and `&models::feeder::master::mahasiswa_bimbingan_dosen::RelatedEntity::Dosen` not covered
  |
note: `models::feeder::master::mahasiswa_bimbingan_dosen::RelatedEntity` defined here
 --> src/models/feeder/master/mahasiswa_bimbingan_dosen.rs:6:1
  |
6 | #[sea_orm::model]
  | ^^^^^^^^^^^^^^^^^
  | |
  | not covered
  | not covered
  | not covered
  = note: the matched value is of type `&models::feeder::master::mahasiswa_bimbingan_dosen::RelatedEntity`
  = note: this error originates in the derive macro `Debug` which comes from the expansion of the derive macro `DeriveModelEx` (in Nightly builds, run with -Z macro-backtrace for more info)

error[E0004]: non-exhaustive patterns: `&models::feeder::master::mahasiswa_lulusan_dropout::Relation::Mahasiswa`, `&models::feeder::master::mahasiswa_lulusan_dropout::Relation::PerguruanTinggi`, `&models::feeder::master::mahasiswa_lulusan_dropout::Relation::ProgramStudi` and 4 more not covered
 --> src/models/feeder/master/mahasiswa_lulusan_dropout.rs:6:1
  |
6 | #[sea_orm::model]
  | ^^^^^^^^^^^^^^^^^ patterns `&models::feeder::master::mahasiswa_lulusan_dropout::Relation::Mahasiswa`, `&models::feeder::master::mahasiswa_lulusan_dropout::Relation::PerguruanTinggi`, `&models::feeder::master::mahasiswa_lulusan_dropout::Relation::ProgramStudi` and 4 more not covered
  |
note: `models::feeder::master::mahasiswa_lulusan_dropout::Relation` defined here
 --> src/models/feeder/master/mahasiswa_lulusan_dropout.rs:6:1
  |
6 | #[sea_orm::model]
  | ^^^^^^^^^^^^^^^^^
  | |
  | not covered
  | not covered
  | not covered
  | not covered
  | not covered
  = note: the matched value is of type `&models::feeder::master::mahasiswa_lulusan_dropout::Relation`
  = note: this error originates in the derive macro `Debug` which comes from the expansion of the derive macro `DeriveModelEx` (in Nightly builds, run with -Z macro-backtrace for more info)

error[E0004]: non-exhaustive patterns: `&models::feeder::master::mahasiswa_lulusan_dropout::RelatedEntity::Mahasiswa`, `&models::feeder::master::mahasiswa_lulusan_dropout::RelatedEntity::PerguruanTinggi`, `&models::feeder::master::mahasiswa_lulusan_dropout::RelatedEntity::ProgramStudi` and 4 more not covered
 --> src/models/feeder/master/mahasiswa_lulusan_dropout.rs:6:1
  |
6 | #[sea_orm::model]
  | ^^^^^^^^^^^^^^^^^ patterns `&models::feeder::master::mahasiswa_lulusan_dropout::RelatedEntity::Mahasiswa`, `&models::feeder::master::mahasiswa_lulusan_dropout::RelatedEntity::PerguruanTinggi`, `&models::feeder::master::mahasiswa_lulusan_dropout::RelatedEntity::ProgramStudi` and 4 more not covered
  |
note: `models::feeder::master::mahasiswa_lulusan_dropout::RelatedEntity` defined here
 --> src/models/feeder/master/mahasiswa_lulusan_dropout.rs:6:1
  |
6 | #[sea_orm::model]
  | ^^^^^^^^^^^^^^^^^
  | |
  | not covered
  | not covered
  | not covered
  | not covered
  | not covered
  = note: the matched value is of type `&models::feeder::master::mahasiswa_lulusan_dropout::RelatedEntity`
  = note: this error originates in the derive macro `Debug` which comes from the expansion of the derive macro `DeriveModelEx` (in Nightly builds, run with -Z macro-backtrace for more info)

error[E0004]: non-exhaustive patterns: `&models::feeder::master::matakuliah::Relation::ProgramStudi` not covered
 --> src/models/feeder/master/matakuliah.rs:6:1
  |
6 | #[sea_orm::model]
  | ^^^^^^^^^^^^^^^^^ pattern `&models::feeder::master::matakuliah::Relation::ProgramStudi` not covered
  |
note: `models::feeder::master::matakuliah::Relation` defined here
 --> src/models/feeder/master/matakuliah.rs:6:1
  |
6 | #[sea_orm::model]
  | ^^^^^^^^^^^^^^^^^
  | |
  | not covered
  = note: the matched value is of type `&models::feeder::master::matakuliah::Relation`
  = note: this error originates in the derive macro `Debug` which comes from the expansion of the derive macro `DeriveModelEx` (in Nightly builds, run with -Z macro-backtrace for more info)

error[E0004]: non-exhaustive patterns: `&models::feeder::master::matakuliah::RelatedEntity::ProgramStudi` not covered
 --> src/models/feeder/master/matakuliah.rs:6:1
  |
6 | #[sea_orm::model]
  | ^^^^^^^^^^^^^^^^^ pattern `&models::feeder::master::matakuliah::RelatedEntity::ProgramStudi` not covered
  |
note: `models::feeder::master::matakuliah::RelatedEntity` defined here
 --> src/models/feeder/master/matakuliah.rs:6:1
  |
6 | #[sea_orm::model]
  | ^^^^^^^^^^^^^^^^^
  | |
  | not covered
  = note: the matched value is of type `&models::feeder::master::matakuliah::RelatedEntity`
  = note: this error originates in the derive macro `Debug` which comes from the expansion of the derive macro `DeriveModelEx` (in Nightly builds, run with -Z macro-backtrace for more info)

error[E0004]: non-exhaustive patterns: `&models::feeder::master::matakuliah_kurikulum::Relation::Kurikulum` and `&models::feeder::master::matakuliah_kurikulum::Relation::ProgramStudi` not covered
 --> src/models/feeder/master/matakuliah_kurikulum.rs:6:1
  |
6 | #[sea_orm::model]
  | ^^^^^^^^^^^^^^^^^ patterns `&models::feeder::master::matakuliah_kurikulum::Relation::Kurikulum` and `&models::feeder::master::matakuliah_kurikulum::Relation::ProgramStudi` not covered
  |
note: `models::feeder::master::matakuliah_kurikulum::Relation` defined here
 --> src/models/feeder/master/matakuliah_kurikulum.rs:6:1
  |
6 | #[sea_orm::model]
  | ^^^^^^^^^^^^^^^^^
  | |
  | not covered
  | not covered
  = note: the matched value is of type `&models::feeder::master::matakuliah_kurikulum::Relation`
  = note: this error originates in the derive macro `Debug` which comes from the expansion of the derive macro `DeriveModelEx` (in Nightly builds, run with -Z macro-backtrace for more info)

error[E0004]: non-exhaustive patterns: `&models::feeder::master::matakuliah_kurikulum::RelatedEntity::Kurikulum` and `&models::feeder::master::matakuliah_kurikulum::RelatedEntity::ProgramStudi` not covered
 --> src/models/feeder/master/matakuliah_kurikulum.rs:6:1
  |
6 | #[sea_orm::model]
  | ^^^^^^^^^^^^^^^^^ patterns `&models::feeder::master::matakuliah_kurikulum::RelatedEntity::Kurikulum` and `&models::feeder::master::matakuliah_kurikulum::RelatedEntity::ProgramStudi` not covered
  |
note: `models::feeder::master::matakuliah_kurikulum::RelatedEntity` defined here
 --> src/models/feeder/master/matakuliah_kurikulum.rs:6:1
  |
6 | #[sea_orm::model]
  | ^^^^^^^^^^^^^^^^^
  | |
  | not covered
  | not covered
  = note: the matched value is of type `&models::feeder::master::matakuliah_kurikulum::RelatedEntity`
  = note: this error originates in the derive macro `Debug` which comes from the expansion of the derive macro `DeriveModelEx` (in Nightly builds, run with -Z macro-backtrace for more info)

error[E0004]: non-exhaustive patterns: `&models::feeder::master::nilai_perkuliahan_kelas::Relation::KelasKuliah` not covered
 --> src/models/feeder/master/nilai_perkuliahan_kelas.rs:6:1
  |
6 | #[sea_orm::model]
  | ^^^^^^^^^^^^^^^^^ pattern `&models::feeder::master::nilai_perkuliahan_kelas::Relation::KelasKuliah` not covered
  |
note: `models::feeder::master::nilai_perkuliahan_kelas::Relation` defined here
 --> src/models/feeder/master/nilai_perkuliahan_kelas.rs:6:1
  |
6 | #[sea_orm::model]
  | ^^^^^^^^^^^^^^^^^
  | |
  | not covered
  = note: the matched value is of type `&models::feeder::master::nilai_perkuliahan_kelas::Relation`
  = note: this error originates in the derive macro `Debug` which comes from the expansion of the derive macro `DeriveModelEx` (in Nightly builds, run with -Z macro-backtrace for more info)

error[E0004]: non-exhaustive patterns: `&models::feeder::master::nilai_perkuliahan_kelas::RelatedEntity::KelasKuliah` not covered
 --> src/models/feeder/master/nilai_perkuliahan_kelas.rs:6:1
  |
6 | #[sea_orm::model]
  | ^^^^^^^^^^^^^^^^^ pattern `&models::feeder::master::nilai_perkuliahan_kelas::RelatedEntity::KelasKuliah` not covered
  |
note: `models::feeder::master::nilai_perkuliahan_kelas::RelatedEntity` defined here
 --> src/models/feeder/master/nilai_perkuliahan_kelas.rs:6:1
  |
6 | #[sea_orm::model]
  | ^^^^^^^^^^^^^^^^^
  | |
  | not covered
  = note: the matched value is of type `&models::feeder::master::nilai_perkuliahan_kelas::RelatedEntity`
  = note: this error originates in the derive macro `Debug` which comes from the expansion of the derive macro `DeriveModelEx` (in Nightly builds, run with -Z macro-backtrace for more info)

error[E0004]: non-exhaustive patterns: `&models::feeder::master::nilai_transfer_pendidikan_mahasiswa::Relation::ProgramStudi`, `&models::feeder::master::nilai_transfer_pendidikan_mahasiswa::Relation::PerguruanTinggi` and `&models::feeder::master::nilai_transfer_pendidikan_mahasiswa::Relation::Semester` not covered
 --> src/models/feeder/master/nilai_transfer_pendidikan_mahasiswa.rs:6:1
  |
6 | #[sea_orm::model]
  | ^^^^^^^^^^^^^^^^^ patterns `&models::feeder::master::nilai_transfer_pendidikan_mahasiswa::Relation::ProgramStudi`, `&models::feeder::master::nilai_transfer_pendidikan_mahasiswa::Relation::PerguruanTinggi` and `&models::feeder::master::nilai_transfer_pendidikan_mahasiswa::Relation::Semester` not covered
  |
note: `models::feeder::master::nilai_transfer_pendidikan_mahasiswa::Relation` defined here
 --> src/models/feeder/master/nilai_transfer_pendidikan_mahasiswa.rs:6:1
  |
6 | #[sea_orm::model]
  | ^^^^^^^^^^^^^^^^^
  | |
  | not covered
  | not covered
  | not covered
  = note: the matched value is of type `&models::feeder::master::nilai_transfer_pendidikan_mahasiswa::Relation`
  = note: this error originates in the derive macro `Debug` which comes from the expansion of the derive macro `DeriveModelEx` (in Nightly builds, run with -Z macro-backtrace for more info)

error[E0004]: non-exhaustive patterns: `&models::feeder::master::nilai_transfer_pendidikan_mahasiswa::RelatedEntity::ProgramStudi`, `&models::feeder::master::nilai_transfer_pendidikan_mahasiswa::RelatedEntity::PerguruanTinggi` and `&models::feeder::master::nilai_transfer_pendidikan_mahasiswa::RelatedEntity::Semester` not covered
 --> src/models/feeder/master/nilai_transfer_pendidikan_mahasiswa.rs:6:1
  |
6 | #[sea_orm::model]
  | ^^^^^^^^^^^^^^^^^ patterns `&models::feeder::master::nilai_transfer_pendidikan_mahasiswa::RelatedEntity::ProgramStudi`, `&models::feeder::master::nilai_transfer_pendidikan_mahasiswa::RelatedEntity::PerguruanTinggi` and `&models::feeder::master::nilai_transfer_pendidikan_mahasiswa::RelatedEntity::Semester` not covered
  |
note: `models::feeder::master::nilai_transfer_pendidikan_mahasiswa::RelatedEntity` defined here
 --> src/models/feeder/master/nilai_transfer_pendidikan_mahasiswa.rs:6:1
  |
6 | #[sea_orm::model]
  | ^^^^^^^^^^^^^^^^^
  | |
  | not covered
  | not covered
  | not covered
  = note: the matched value is of type `&models::feeder::master::nilai_transfer_pendidikan_mahasiswa::RelatedEntity`
  = note: this error originates in the derive macro `Debug` which comes from the expansion of the derive macro `DeriveModelEx` (in Nightly builds, run with -Z macro-backtrace for more info)

error[E0004]: non-exhaustive patterns: `&models::feeder::master::penugasan_dosen::Relation::Dosen`, `&models::feeder::master::penugasan_dosen::Relation::TahunAjaran`, `&models::feeder::master::penugasan_dosen::Relation::PerguruanTinggi` and 1 more not covered
 --> src/models/feeder/master/penugasan_dosen.rs:6:1
  |
6 | #[sea_orm::model]
  | ^^^^^^^^^^^^^^^^^ patterns `&models::feeder::master::penugasan_dosen::Relation::Dosen`, `&models::feeder::master::penugasan_dosen::Relation::TahunAjaran`, `&models::feeder::master::penugasan_dosen::Relation::PerguruanTinggi` and 1 more not covered
  |
note: `models::feeder::master::penugasan_dosen::Relation` defined here
 --> src/models/feeder/master/penugasan_dosen.rs:6:1
  |
6 | #[sea_orm::model]
  | ^^^^^^^^^^^^^^^^^
  | |
  | not covered
  | not covered
  | not covered
  | not covered
  = note: the matched value is of type `&models::feeder::master::penugasan_dosen::Relation`
  = note: this error originates in the derive macro `Debug` which comes from the expansion of the derive macro `DeriveModelEx` (in Nightly builds, run with -Z macro-backtrace for more info)

error[E0004]: non-exhaustive patterns: `&models::feeder::master::penugasan_dosen::RelatedEntity::Dosen`, `&models::feeder::master::penugasan_dosen::RelatedEntity::TahunAjaran`, `&models::feeder::master::penugasan_dosen::RelatedEntity::PerguruanTinggi` and 1 more not covered
 --> src/models/feeder/master/penugasan_dosen.rs:6:1
  |
6 | #[sea_orm::model]
  | ^^^^^^^^^^^^^^^^^ patterns `&models::feeder::master::penugasan_dosen::RelatedEntity::Dosen`, `&models::feeder::master::penugasan_dosen::RelatedEntity::TahunAjaran`, `&models::feeder::master::penugasan_dosen::RelatedEntity::PerguruanTinggi` and 1 more not covered
  |
note: `models::feeder::master::penugasan_dosen::RelatedEntity` defined here
 --> src/models/feeder/master/penugasan_dosen.rs:6:1
  |
6 | #[sea_orm::model]
  | ^^^^^^^^^^^^^^^^^
  | |
  | not covered
  | not covered
  | not covered
  | not covered
  = note: the matched value is of type `&models::feeder::master::penugasan_dosen::RelatedEntity`
  = note: this error originates in the derive macro `Debug` which comes from the expansion of the derive macro `DeriveModelEx` (in Nightly builds, run with -Z macro-backtrace for more info)

error[E0004]: non-exhaustive patterns: `&models::feeder::master::perguruan_tinggi::Relation::Mahasiswa`, `&models::feeder::master::perguruan_tinggi::Relation::MahasiswaLulusanDropout`, `&models::feeder::master::perguruan_tinggi::Relation::NilaiTransferPendidikanMahasiswa` and 5 more not covered
 --> src/models/feeder/master/perguruan_tinggi.rs:6:1
  |
6 | #[sea_orm::model]
  | ^^^^^^^^^^^^^^^^^ patterns `&models::feeder::master::perguruan_tinggi::Relation::Mahasiswa`, `&models::feeder::master::perguruan_tinggi::Relation::MahasiswaLulusanDropout`, `&models::feeder::master::perguruan_tinggi::Relation::NilaiTransferPendidikanMahasiswa` and 5 more not covered
  |
note: `models::feeder::master::perguruan_tinggi::Relation` defined here
 --> src/models/feeder/master/perguruan_tinggi.rs:6:1
  |
6 | #[sea_orm::model]
  | ^^^^^^^^^^^^^^^^^
  | |
  | not covered
  | not covered
  | not covered
  | not covered
  | not covered
  = note: the matched value is of type `&models::feeder::master::perguruan_tinggi::Relation`
  = note: this error originates in the derive macro `Debug` which comes from the expansion of the derive macro `DeriveModelEx` (in Nightly builds, run with -Z macro-backtrace for more info)

error[E0004]: non-exhaustive patterns: `&models::feeder::master::perguruan_tinggi::RelatedEntity::Mahasiswa`, `&models::feeder::master::perguruan_tinggi::RelatedEntity::MahasiswaLulusanDropout`, `&models::feeder::master::perguruan_tinggi::RelatedEntity::NilaiTransferPendidikanMahasiswa` and 5 more not covered
 --> src/models/feeder/master/perguruan_tinggi.rs:6:1
  |
6 | #[sea_orm::model]
  | ^^^^^^^^^^^^^^^^^ patterns `&models::feeder::master::perguruan_tinggi::RelatedEntity::Mahasiswa`, `&models::feeder::master::perguruan_tinggi::RelatedEntity::MahasiswaLulusanDropout`, `&models::feeder::master::perguruan_tinggi::RelatedEntity::NilaiTransferPendidikanMahasiswa` and 5 more not covered
  |
note: `models::feeder::master::perguruan_tinggi::RelatedEntity` defined here
 --> src/models/feeder/master/perguruan_tinggi.rs:6:1
  |
6 | #[sea_orm::model]
  | ^^^^^^^^^^^^^^^^^
  | |
  | not covered
  | not covered
  | not covered
  | not covered
  | not covered
  = note: the matched value is of type `&models::feeder::master::perguruan_tinggi::RelatedEntity`
  = note: this error originates in the derive macro `Debug` which comes from the expansion of the derive macro `DeriveModelEx` (in Nightly builds, run with -Z macro-backtrace for more info)

error[E0004]: non-exhaustive patterns: `&models::feeder::master::periode_aktif::Relation::ProgramStudi` not covered
 --> src/models/feeder/master/periode_aktif.rs:6:1
  |
6 | #[sea_orm::model]
  | ^^^^^^^^^^^^^^^^^ pattern `&models::feeder::master::periode_aktif::Relation::ProgramStudi` not covered
  |
note: `models::feeder::master::periode_aktif::Relation` defined here
 --> src/models/feeder/master/periode_aktif.rs:6:1
  |
6 | #[sea_orm::model]
  | ^^^^^^^^^^^^^^^^^
  | |
  | not covered
  = note: the matched value is of type `&models::feeder::master::periode_aktif::Relation`
  = note: this error originates in the derive macro `Debug` which comes from the expansion of the derive macro `DeriveModelEx` (in Nightly builds, run with -Z macro-backtrace for more info)

error[E0004]: non-exhaustive patterns: `&models::feeder::master::periode_aktif::RelatedEntity::ProgramStudi` not covered
 --> src/models/feeder/master/periode_aktif.rs:6:1
  |
6 | #[sea_orm::model]
  | ^^^^^^^^^^^^^^^^^ pattern `&models::feeder::master::periode_aktif::RelatedEntity::ProgramStudi` not covered
  |
note: `models::feeder::master::periode_aktif::RelatedEntity` defined here
 --> src/models/feeder/master/periode_aktif.rs:6:1
  |
6 | #[sea_orm::model]
  | ^^^^^^^^^^^^^^^^^
  | |
  | not covered
  = note: the matched value is of type `&models::feeder::master::periode_aktif::RelatedEntity`
  = note: this error originates in the derive macro `Debug` which comes from the expansion of the derive macro `DeriveModelEx` (in Nightly builds, run with -Z macro-backtrace for more info)

error[E0004]: non-exhaustive patterns: `&models::feeder::master::periode_perkuliahan::Relation::ProgramStudi` and `&models::feeder::master::periode_perkuliahan::Relation::Semester` not covered
 --> src/models/feeder/master/periode_perkuliahan.rs:6:1
  |
6 | #[sea_orm::model]
  | ^^^^^^^^^^^^^^^^^ patterns `&models::feeder::master::periode_perkuliahan::Relation::ProgramStudi` and `&models::feeder::master::periode_perkuliahan::Relation::Semester` not covered
  |
note: `models::feeder::master::periode_perkuliahan::Relation` defined here
 --> src/models/feeder/master/periode_perkuliahan.rs:6:1
  |
6 | #[sea_orm::model]
  | ^^^^^^^^^^^^^^^^^
  | |
  | not covered
  | not covered
  = note: the matched value is of type `&models::feeder::master::periode_perkuliahan::Relation`
  = note: this error originates in the derive macro `Debug` which comes from the expansion of the derive macro `DeriveModelEx` (in Nightly builds, run with -Z macro-backtrace for more info)

error[E0004]: non-exhaustive patterns: `&models::feeder::master::periode_perkuliahan::RelatedEntity::ProgramStudi` and `&models::feeder::master::periode_perkuliahan::RelatedEntity::Semester` not covered
 --> src/models/feeder/master/periode_perkuliahan.rs:6:1
  |
6 | #[sea_orm::model]
  | ^^^^^^^^^^^^^^^^^ patterns `&models::feeder::master::periode_perkuliahan::RelatedEntity::ProgramStudi` and `&models::feeder::master::periode_perkuliahan::RelatedEntity::Semester` not covered
  |
note: `models::feeder::master::periode_perkuliahan::RelatedEntity` defined here
 --> src/models/feeder/master/periode_perkuliahan.rs:6:1
  |
6 | #[sea_orm::model]
  | ^^^^^^^^^^^^^^^^^
  | |
  | not covered
  | not covered
  = note: the matched value is of type `&models::feeder::master::periode_perkuliahan::RelatedEntity`
  = note: this error originates in the derive macro `Debug` which comes from the expansion of the derive macro `DeriveModelEx` (in Nightly builds, run with -Z macro-backtrace for more info)

error[E0004]: non-exhaustive patterns: `&models::feeder::master::perkuliahan_mahasiswa::Relation::ProgramStudi`, `&models::feeder::master::perkuliahan_mahasiswa::Relation::Semester`, `&models::feeder::master::perkuliahan_mahasiswa::Relation::StatusMahasiswa` and 1 more not covered
 --> src/models/feeder/master/perkuliahan_mahasiswa.rs:6:1
  |
6 | #[sea_orm::model]
  | ^^^^^^^^^^^^^^^^^ patterns `&models::feeder::master::perkuliahan_mahasiswa::Relation::ProgramStudi`, `&models::feeder::master::perkuliahan_mahasiswa::Relation::Semester`, `&models::feeder::master::perkuliahan_mahasiswa::Relation::StatusMahasiswa` and 1 more not covered
  |
note: `models::feeder::master::perkuliahan_mahasiswa::Relation` defined here
 --> src/models/feeder/master/perkuliahan_mahasiswa.rs:6:1
  |
6 | #[sea_orm::model]
  | ^^^^^^^^^^^^^^^^^
  | |
  | not covered
  | not covered
  | not covered
  | not covered
  = note: the matched value is of type `&models::feeder::master::perkuliahan_mahasiswa::Relation`
  = note: this error originates in the derive macro `Debug` which comes from the expansion of the derive macro `DeriveModelEx` (in Nightly builds, run with -Z macro-backtrace for more info)

error[E0004]: non-exhaustive patterns: `&models::feeder::master::perkuliahan_mahasiswa::RelatedEntity::ProgramStudi`, `&models::feeder::master::perkuliahan_mahasiswa::RelatedEntity::Semester`, `&models::feeder::master::perkuliahan_mahasiswa::RelatedEntity::StatusMahasiswa` and 1 more not covered
 --> src/models/feeder/master/perkuliahan_mahasiswa.rs:6:1
  |
6 | #[sea_orm::model]
  | ^^^^^^^^^^^^^^^^^ patterns `&models::feeder::master::perkuliahan_mahasiswa::RelatedEntity::ProgramStudi`, `&models::feeder::master::perkuliahan_mahasiswa::RelatedEntity::Semester`, `&models::feeder::master::perkuliahan_mahasiswa::RelatedEntity::StatusMahasiswa` and 1 more not covered
  |
note: `models::feeder::master::perkuliahan_mahasiswa::RelatedEntity` defined here
 --> src/models/feeder/master/perkuliahan_mahasiswa.rs:6:1
  |
6 | #[sea_orm::model]
  | ^^^^^^^^^^^^^^^^^
  | |
  | not covered
  | not covered
  | not covered
  | not covered
  = note: the matched value is of type `&models::feeder::master::perkuliahan_mahasiswa::RelatedEntity`
  = note: this error originates in the derive macro `Debug` which comes from the expansion of the derive macro `DeriveModelEx` (in Nightly builds, run with -Z macro-backtrace for more info)

error[E0004]: non-exhaustive patterns: `&models::feeder::master::peserta_kelas_kuliah::Relation::KelasKuliah`, `&models::feeder::master::peserta_kelas_kuliah::Relation::Mahasiswa` and `&models::feeder::master::peserta_kelas_kuliah::Relation::ProgramStudi` not covered
 --> src/models/feeder/master/peserta_kelas_kuliah.rs:6:1
  |
6 | #[sea_orm::model]
  | ^^^^^^^^^^^^^^^^^ patterns `&models::feeder::master::peserta_kelas_kuliah::Relation::KelasKuliah`, `&models::feeder::master::peserta_kelas_kuliah::Relation::Mahasiswa` and `&models::feeder::master::peserta_kelas_kuliah::Relation::ProgramStudi` not covered
  |
note: `models::feeder::master::peserta_kelas_kuliah::Relation` defined here
 --> src/models/feeder/master/peserta_kelas_kuliah.rs:6:1
  |
6 | #[sea_orm::model]
  | ^^^^^^^^^^^^^^^^^
  | |
  | not covered
  | not covered
  | not covered
  = note: the matched value is of type `&models::feeder::master::peserta_kelas_kuliah::Relation`
  = note: this error originates in the derive macro `Debug` which comes from the expansion of the derive macro `DeriveModelEx` (in Nightly builds, run with -Z macro-backtrace for more info)

error[E0004]: non-exhaustive patterns: `&models::feeder::master::peserta_kelas_kuliah::RelatedEntity::KelasKuliah`, `&models::feeder::master::peserta_kelas_kuliah::RelatedEntity::Mahasiswa` and `&models::feeder::master::peserta_kelas_kuliah::RelatedEntity::ProgramStudi` not covered
 --> src/models/feeder/master/peserta_kelas_kuliah.rs:6:1
  |
6 | #[sea_orm::model]
  | ^^^^^^^^^^^^^^^^^ patterns `&models::feeder::master::peserta_kelas_kuliah::RelatedEntity::KelasKuliah`, `&models::feeder::master::peserta_kelas_kuliah::RelatedEntity::Mahasiswa` and `&models::feeder::master::peserta_kelas_kuliah::RelatedEntity::ProgramStudi` not covered
  |
note: `models::feeder::master::peserta_kelas_kuliah::RelatedEntity` defined here
 --> src/models/feeder/master/peserta_kelas_kuliah.rs:6:1
  |
6 | #[sea_orm::model]
  | ^^^^^^^^^^^^^^^^^
  | |
  | not covered
  | not covered
  | not covered
  = note: the matched value is of type `&models::feeder::master::peserta_kelas_kuliah::RelatedEntity`
  = note: this error originates in the derive macro `Debug` which comes from the expansion of the derive macro `DeriveModelEx` (in Nightly builds, run with -Z macro-backtrace for more info)

error[E0004]: non-exhaustive patterns: `&models::feeder::master::prestasi_mahasiswa::Relation::Mahasiswa`, `&models::feeder::master::prestasi_mahasiswa::Relation::JenisPrestasi` and `&models::feeder::master::prestasi_mahasiswa::Relation::TingkatPrestasi` not covered
 --> src/models/feeder/master/prestasi_mahasiswa.rs:6:1
  |
6 | #[sea_orm::model]
  | ^^^^^^^^^^^^^^^^^ patterns `&models::feeder::master::prestasi_mahasiswa::Relation::Mahasiswa`, `&models::feeder::master::prestasi_mahasiswa::Relation::JenisPrestasi` and `&models::feeder::master::prestasi_mahasiswa::Relation::TingkatPrestasi` not covered
  |
note: `models::feeder::master::prestasi_mahasiswa::Relation` defined here
 --> src/models/feeder/master/prestasi_mahasiswa.rs:6:1
  |
6 | #[sea_orm::model]
  | ^^^^^^^^^^^^^^^^^
  | |
  | not covered
  | not covered
  | not covered
  = note: the matched value is of type `&models::feeder::master::prestasi_mahasiswa::Relation`
  = note: this error originates in the derive macro `Debug` which comes from the expansion of the derive macro `DeriveModelEx` (in Nightly builds, run with -Z macro-backtrace for more info)

error[E0004]: non-exhaustive patterns: `&models::feeder::master::prestasi_mahasiswa::RelatedEntity::Mahasiswa`, `&models::feeder::master::prestasi_mahasiswa::RelatedEntity::JenisPrestasi` and `&models::feeder::master::prestasi_mahasiswa::RelatedEntity::TingkatPrestasi` not covered
 --> src/models/feeder/master/prestasi_mahasiswa.rs:6:1
  |
6 | #[sea_orm::model]
  | ^^^^^^^^^^^^^^^^^ patterns `&models::feeder::master::prestasi_mahasiswa::RelatedEntity::Mahasiswa`, `&models::feeder::master::prestasi_mahasiswa::RelatedEntity::JenisPrestasi` and `&models::feeder::master::prestasi_mahasiswa::RelatedEntity::TingkatPrestasi` not covered
  |
note: `models::feeder::master::prestasi_mahasiswa::RelatedEntity` defined here
 --> src/models/feeder/master/prestasi_mahasiswa.rs:6:1
  |
6 | #[sea_orm::model]
  | ^^^^^^^^^^^^^^^^^
  | |
  | not covered
  | not covered
  | not covered
  = note: the matched value is of type `&models::feeder::master::prestasi_mahasiswa::RelatedEntity`
  = note: this error originates in the derive macro `Debug` which comes from the expansion of the derive macro `DeriveModelEx` (in Nightly builds, run with -Z macro-backtrace for more info)

error[E0004]: non-exhaustive patterns: `&models::feeder::master::profil_perguruan_tinggi::Relation::PerguruanTinggi` and `&models::feeder::master::profil_perguruan_tinggi::Relation::Wilayah` not covered
 --> src/models/feeder/master/profil_perguruan_tinggi.rs:6:1
  |
6 | #[sea_orm::model]
  | ^^^^^^^^^^^^^^^^^ patterns `&models::feeder::master::profil_perguruan_tinggi::Relation::PerguruanTinggi` and `&models::feeder::master::profil_perguruan_tinggi::Relation::Wilayah` not covered
  |
note: `models::feeder::master::profil_perguruan_tinggi::Relation` defined here
 --> src/models/feeder/master/profil_perguruan_tinggi.rs:6:1
  |
6 | #[sea_orm::model]
  | ^^^^^^^^^^^^^^^^^
  | |
  | not covered
  | not covered
  = note: the matched value is of type `&models::feeder::master::profil_perguruan_tinggi::Relation`
  = note: this error originates in the derive macro `Debug` which comes from the expansion of the derive macro `DeriveModelEx` (in Nightly builds, run with -Z macro-backtrace for more info)

error[E0004]: non-exhaustive patterns: `&models::feeder::master::profil_perguruan_tinggi::RelatedEntity::PerguruanTinggi` and `&models::feeder::master::profil_perguruan_tinggi::RelatedEntity::Wilayah` not covered
 --> src/models/feeder/master/profil_perguruan_tinggi.rs:6:1
  |
6 | #[sea_orm::model]
  | ^^^^^^^^^^^^^^^^^ patterns `&models::feeder::master::profil_perguruan_tinggi::RelatedEntity::PerguruanTinggi` and `&models::feeder::master::profil_perguruan_tinggi::RelatedEntity::Wilayah` not covered
  |
note: `models::feeder::master::profil_perguruan_tinggi::RelatedEntity` defined here
 --> src/models/feeder/master/profil_perguruan_tinggi.rs:6:1
  |
6 | #[sea_orm::model]
  | ^^^^^^^^^^^^^^^^^
  | |
  | not covered
  | not covered
  = note: the matched value is of type `&models::feeder::master::profil_perguruan_tinggi::RelatedEntity`
  = note: this error originates in the derive macro `Debug` which comes from the expansion of the derive macro `DeriveModelEx` (in Nightly builds, run with -Z macro-backtrace for more info)

error[E0004]: non-exhaustive patterns: `&models::feeder::master::program_studi::Relation::AktifitasMahasiswa`, `&models::feeder::master::program_studi::Relation::AktifitasMengajarDosen`, `&models::feeder::master::program_studi::Relation::BidangMinatPerguruanTinggi` and 52 more not covered
 --> src/models/feeder/master/program_studi.rs:6:1
  |
6 | #[sea_orm::model]
  | ^^^^^^^^^^^^^^^^^ patterns `&models::feeder::master::program_studi::Relation::AktifitasMahasiswa`, `&models::feeder::master::program_studi::Relation::AktifitasMengajarDosen`, `&models::feeder::master::program_studi::Relation::BidangMinatPerguruanTinggi` and 52 more not covered
  |
note: `models::feeder::master::program_studi::Relation` defined here
 --> src/models/feeder/master/program_studi.rs:6:1
  |
6 | #[sea_orm::model]
  | ^^^^^^^^^^^^^^^^^
  | |
  | not covered
  | not covered
  | not covered
  | not covered
  | not covered
  = note: the matched value is of type `&models::feeder::master::program_studi::Relation`
  = note: this error originates in the derive macro `Debug` which comes from the expansion of the derive macro `DeriveModelEx` (in Nightly builds, run with -Z macro-backtrace for more info)

error[E0004]: non-exhaustive patterns: `&models::feeder::master::program_studi::RelatedEntity::AktifitasMahasiswa`, `&models::feeder::master::program_studi::RelatedEntity::AktifitasMengajarDosen`, `&models::feeder::master::program_studi::RelatedEntity::BidangMinatPerguruanTinggi` and 52 more not covered
 --> src/models/feeder/master/program_studi.rs:6:1
  |
6 | #[sea_orm::model]
  | ^^^^^^^^^^^^^^^^^ patterns `&models::feeder::master::program_studi::RelatedEntity::AktifitasMahasiswa`, `&models::feeder::master::program_studi::RelatedEntity::AktifitasMengajarDosen`, `&models::feeder::master::program_studi::RelatedEntity::BidangMinatPerguruanTinggi` and 52 more not covered
  |
note: `models::feeder::master::program_studi::RelatedEntity` defined here
 --> src/models/feeder/master/program_studi.rs:6:1
  |
6 | #[sea_orm::model]
  | ^^^^^^^^^^^^^^^^^
  | |
  | not covered
  | not covered
  | not covered
  | not covered
  | not covered
  = note: the matched value is of type `&models::feeder::master::program_studi::RelatedEntity`
  = note: this error originates in the derive macro `Debug` which comes from the expansion of the derive macro `DeriveModelEx` (in Nightly builds, run with -Z macro-backtrace for more info)

error[E0004]: non-exhaustive patterns: `&models::feeder::master::rencana_evaluasi::Relation::ProgramStudi` not covered
 --> src/models/feeder/master/rencana_evaluasi.rs:6:1
  |
6 | #[sea_orm::model]
  | ^^^^^^^^^^^^^^^^^ pattern `&models::feeder::master::rencana_evaluasi::Relation::ProgramStudi` not covered
  |
note: `models::feeder::master::rencana_evaluasi::Relation` defined here
 --> src/models/feeder/master/rencana_evaluasi.rs:6:1
  |
6 | #[sea_orm::model]
  | ^^^^^^^^^^^^^^^^^
  | |
  | not covered
  = note: the matched value is of type `&models::feeder::master::rencana_evaluasi::Relation`
  = note: this error originates in the derive macro `Debug` which comes from the expansion of the derive macro `DeriveModelEx` (in Nightly builds, run with -Z macro-backtrace for more info)

error[E0004]: non-exhaustive patterns: `&models::feeder::master::rencana_evaluasi::RelatedEntity::ProgramStudi` not covered
 --> src/models/feeder/master/rencana_evaluasi.rs:6:1
  |
6 | #[sea_orm::model]
  | ^^^^^^^^^^^^^^^^^ pattern `&models::feeder::master::rencana_evaluasi::RelatedEntity::ProgramStudi` not covered
  |
note: `models::feeder::master::rencana_evaluasi::RelatedEntity` defined here
 --> src/models/feeder/master/rencana_evaluasi.rs:6:1
  |
6 | #[sea_orm::model]
  | ^^^^^^^^^^^^^^^^^
  | |
  | not covered
  = note: the matched value is of type `&models::feeder::master::rencana_evaluasi::RelatedEntity`
  = note: this error originates in the derive macro `Debug` which comes from the expansion of the derive macro `DeriveModelEx` (in Nightly builds, run with -Z macro-backtrace for more info)

error[E0004]: non-exhaustive patterns: `&models::feeder::master::rencana_pembelajaran::Relation::ProgramStudi` not covered
 --> src/models/feeder/master/rencana_pembelajaran.rs:6:1
  |
6 | #[sea_orm::model]
  | ^^^^^^^^^^^^^^^^^ pattern `&models::feeder::master::rencana_pembelajaran::Relation::ProgramStudi` not covered
  |
note: `models::feeder::master::rencana_pembelajaran::Relation` defined here
 --> src/models/feeder/master/rencana_pembelajaran.rs:6:1
  |
6 | #[sea_orm::model]
  | ^^^^^^^^^^^^^^^^^
  | |
  | not covered
  = note: the matched value is of type `&models::feeder::master::rencana_pembelajaran::Relation`
  = note: this error originates in the derive macro `Debug` which comes from the expansion of the derive macro `DeriveModelEx` (in Nightly builds, run with -Z macro-backtrace for more info)

error[E0004]: non-exhaustive patterns: `&models::feeder::master::rencana_pembelajaran::RelatedEntity::ProgramStudi` not covered
 --> src/models/feeder/master/rencana_pembelajaran.rs:6:1
  |
6 | #[sea_orm::model]
  | ^^^^^^^^^^^^^^^^^ pattern `&models::feeder::master::rencana_pembelajaran::RelatedEntity::ProgramStudi` not covered
  |
note: `models::feeder::master::rencana_pembelajaran::RelatedEntity` defined here
 --> src/models/feeder/master/rencana_pembelajaran.rs:6:1
  |
6 | #[sea_orm::model]
  | ^^^^^^^^^^^^^^^^^
  | |
  | not covered
  = note: the matched value is of type `&models::feeder::master::rencana_pembelajaran::RelatedEntity`
  = note: this error originates in the derive macro `Debug` which comes from the expansion of the derive macro `DeriveModelEx` (in Nightly builds, run with -Z macro-backtrace for more info)

error[E0004]: non-exhaustive patterns: `&models::feeder::master::riwayat_fungsional_dosen::Relation::Dosen` and `&models::feeder::master::riwayat_fungsional_dosen::Relation::JabatanFungsional` not covered
 --> src/models/feeder/master/riwayat_fungsional_dosen.rs:6:1
  |
6 | #[sea_orm::model]
  | ^^^^^^^^^^^^^^^^^ patterns `&models::feeder::master::riwayat_fungsional_dosen::Relation::Dosen` and `&models::feeder::master::riwayat_fungsional_dosen::Relation::JabatanFungsional` not covered
  |
note: `models::feeder::master::riwayat_fungsional_dosen::Relation` defined here
 --> src/models/feeder/master/riwayat_fungsional_dosen.rs:6:1
  |
6 | #[sea_orm::model]
  | ^^^^^^^^^^^^^^^^^
  | |
  | not covered
  | not covered
  = note: the matched value is of type `&models::feeder::master::riwayat_fungsional_dosen::Relation`
  = note: this error originates in the derive macro `Debug` which comes from the expansion of the derive macro `DeriveModelEx` (in Nightly builds, run with -Z macro-backtrace for more info)

error[E0004]: non-exhaustive patterns: `&models::feeder::master::riwayat_fungsional_dosen::RelatedEntity::Dosen` and `&models::feeder::master::riwayat_fungsional_dosen::RelatedEntity::JabatanFungsional` not covered
 --> src/models/feeder/master/riwayat_fungsional_dosen.rs:6:1
  |
6 | #[sea_orm::model]
  | ^^^^^^^^^^^^^^^^^ patterns `&models::feeder::master::riwayat_fungsional_dosen::RelatedEntity::Dosen` and `&models::feeder::master::riwayat_fungsional_dosen::RelatedEntity::JabatanFungsional` not covered
  |
note: `models::feeder::master::riwayat_fungsional_dosen::RelatedEntity` defined here
 --> src/models/feeder/master/riwayat_fungsional_dosen.rs:6:1
  |
6 | #[sea_orm::model]
  | ^^^^^^^^^^^^^^^^^
  | |
  | not covered
  | not covered
  = note: the matched value is of type `&models::feeder::master::riwayat_fungsional_dosen::RelatedEntity`
  = note: this error originates in the derive macro `Debug` which comes from the expansion of the derive macro `DeriveModelEx` (in Nightly builds, run with -Z macro-backtrace for more info)

error[E0004]: non-exhaustive patterns: `&models::feeder::master::riwayat_nilai_mahasiswa::Relation::ProgramStudi` not covered
 --> src/models/feeder/master/riwayat_nilai_mahasiswa.rs:6:1
  |
6 | #[sea_orm::model]
  | ^^^^^^^^^^^^^^^^^ pattern `&models::feeder::master::riwayat_nilai_mahasiswa::Relation::ProgramStudi` not covered
  |
note: `models::feeder::master::riwayat_nilai_mahasiswa::Relation` defined here
 --> src/models/feeder/master/riwayat_nilai_mahasiswa.rs:6:1
  |
6 | #[sea_orm::model]
  | ^^^^^^^^^^^^^^^^^
  | |
  | not covered
  = note: the matched value is of type `&models::feeder::master::riwayat_nilai_mahasiswa::Relation`
  = note: this error originates in the derive macro `Debug` which comes from the expansion of the derive macro `DeriveModelEx` (in Nightly builds, run with -Z macro-backtrace for more info)

error[E0004]: non-exhaustive patterns: `&models::feeder::master::riwayat_nilai_mahasiswa::RelatedEntity::ProgramStudi` not covered
 --> src/models/feeder/master/riwayat_nilai_mahasiswa.rs:6:1
  |
6 | #[sea_orm::model]
  | ^^^^^^^^^^^^^^^^^ pattern `&models::feeder::master::riwayat_nilai_mahasiswa::RelatedEntity::ProgramStudi` not covered
  |
note: `models::feeder::master::riwayat_nilai_mahasiswa::RelatedEntity` defined here
 --> src/models/feeder/master/riwayat_nilai_mahasiswa.rs:6:1
  |
6 | #[sea_orm::model]
  | ^^^^^^^^^^^^^^^^^
  | |
  | not covered
  = note: the matched value is of type `&models::feeder::master::riwayat_nilai_mahasiswa::RelatedEntity`
  = note: this error originates in the derive macro `Debug` which comes from the expansion of the derive macro `DeriveModelEx` (in Nightly builds, run with -Z macro-backtrace for more info)

error[E0004]: non-exhaustive patterns: `&models::feeder::master::riwayat_pangkat_dosen::Relation::Dosen` and `&models::feeder::master::riwayat_pangkat_dosen::Relation::PangkatGolongan` not covered
 --> src/models/feeder/master/riwayat_pangkat_dosen.rs:6:1
  |
6 | #[sea_orm::model]
  | ^^^^^^^^^^^^^^^^^ patterns `&models::feeder::master::riwayat_pangkat_dosen::Relation::Dosen` and `&models::feeder::master::riwayat_pangkat_dosen::Relation::PangkatGolongan` not covered
  |
note: `models::feeder::master::riwayat_pangkat_dosen::Relation` defined here
 --> src/models/feeder/master/riwayat_pangkat_dosen.rs:6:1
  |
6 | #[sea_orm::model]
  | ^^^^^^^^^^^^^^^^^
  | |
  | not covered
  | not covered
  = note: the matched value is of type `&models::feeder::master::riwayat_pangkat_dosen::Relation`
  = note: this error originates in the derive macro `Debug` which comes from the expansion of the derive macro `DeriveModelEx` (in Nightly builds, run with -Z macro-backtrace for more info)

error[E0004]: non-exhaustive patterns: `&models::feeder::master::riwayat_pangkat_dosen::RelatedEntity::Dosen` and `&models::feeder::master::riwayat_pangkat_dosen::RelatedEntity::PangkatGolongan` not covered
 --> src/models/feeder/master/riwayat_pangkat_dosen.rs:6:1
  |
6 | #[sea_orm::model]
  | ^^^^^^^^^^^^^^^^^ patterns `&models::feeder::master::riwayat_pangkat_dosen::RelatedEntity::Dosen` and `&models::feeder::master::riwayat_pangkat_dosen::RelatedEntity::PangkatGolongan` not covered
  |
note: `models::feeder::master::riwayat_pangkat_dosen::RelatedEntity` defined here
 --> src/models/feeder/master/riwayat_pangkat_dosen.rs:6:1
  |
6 | #[sea_orm::model]
  | ^^^^^^^^^^^^^^^^^
  | |
  | not covered
  | not covered
  = note: the matched value is of type `&models::feeder::master::riwayat_pangkat_dosen::RelatedEntity`
  = note: this error originates in the derive macro `Debug` which comes from the expansion of the derive macro `DeriveModelEx` (in Nightly builds, run with -Z macro-backtrace for more info)

error[E0004]: non-exhaustive patterns: `&models::feeder::master::riwayat_pendidikan_dosen::Relation::Dosen`, `&models::feeder::master::riwayat_pendidikan_dosen::Relation::JenjangPendidikan` and `&models::feeder::master::riwayat_pendidikan_dosen::Relation::PerguruanTinggi` not covered
 --> src/models/feeder/master/riwayat_pendidikan_dosen.rs:6:1
  |
6 | #[sea_orm::model]
  | ^^^^^^^^^^^^^^^^^ patterns `&models::feeder::master::riwayat_pendidikan_dosen::Relation::Dosen`, `&models::feeder::master::riwayat_pendidikan_dosen::Relation::JenjangPendidikan` and `&models::feeder::master::riwayat_pendidikan_dosen::Relation::PerguruanTinggi` not covered
  |
note: `models::feeder::master::riwayat_pendidikan_dosen::Relation` defined here
 --> src/models/feeder/master/riwayat_pendidikan_dosen.rs:6:1
  |
6 | #[sea_orm::model]
  | ^^^^^^^^^^^^^^^^^
  | |
  | not covered
  | not covered
  | not covered
  = note: the matched value is of type `&models::feeder::master::riwayat_pendidikan_dosen::Relation`
  = note: this error originates in the derive macro `Debug` which comes from the expansion of the derive macro `DeriveModelEx` (in Nightly builds, run with -Z macro-backtrace for more info)

error[E0004]: non-exhaustive patterns: `&models::feeder::master::riwayat_pendidikan_dosen::RelatedEntity::Dosen`, `&models::feeder::master::riwayat_pendidikan_dosen::RelatedEntity::JenjangPendidikan` and `&models::feeder::master::riwayat_pendidikan_dosen::RelatedEntity::PerguruanTinggi` not covered
 --> src/models/feeder/master/riwayat_pendidikan_dosen.rs:6:1
  |
6 | #[sea_orm::model]
  | ^^^^^^^^^^^^^^^^^ patterns `&models::feeder::master::riwayat_pendidikan_dosen::RelatedEntity::Dosen`, `&models::feeder::master::riwayat_pendidikan_dosen::RelatedEntity::JenjangPendidikan` and `&models::feeder::master::riwayat_pendidikan_dosen::RelatedEntity::PerguruanTinggi` not covered
  |
note: `models::feeder::master::riwayat_pendidikan_dosen::RelatedEntity` defined here
 --> src/models/feeder/master/riwayat_pendidikan_dosen.rs:6:1
  |
6 | #[sea_orm::model]
  | ^^^^^^^^^^^^^^^^^
  | |
  | not covered
  | not covered
  | not covered
  = note: the matched value is of type `&models::feeder::master::riwayat_pendidikan_dosen::RelatedEntity`
  = note: this error originates in the derive macro `Debug` which comes from the expansion of the derive macro `DeriveModelEx` (in Nightly builds, run with -Z macro-backtrace for more info)

error[E0004]: non-exhaustive patterns: `&models::feeder::master::riwayat_pendidikan_mahasiswa::Relation::Mahasiswa`, `&models::feeder::master::riwayat_pendidikan_mahasiswa::Relation::JenisKeluar`, `&models::feeder::master::riwayat_pendidikan_mahasiswa::Relation::PerguruanTinggi` and 2 more not covered
 --> src/models/feeder/master/riwayat_pendidikan_mahasiswa.rs:6:1
  |
6 | #[sea_orm::model]
  | ^^^^^^^^^^^^^^^^^ patterns `&models::feeder::master::riwayat_pendidikan_mahasiswa::Relation::Mahasiswa`, `&models::feeder::master::riwayat_pendidikan_mahasiswa::Relation::JenisKeluar`, `&models::feeder::master::riwayat_pendidikan_mahasiswa::Relation::PerguruanTinggi` and 2 more not covered
  |
note: `models::feeder::master::riwayat_pendidikan_mahasiswa::Relation` defined here
 --> src/models/feeder/master/riwayat_pendidikan_mahasiswa.rs:6:1
  |
6 | #[sea_orm::model]
  | ^^^^^^^^^^^^^^^^^
  | |
  | not covered
  | not covered
  | not covered
  | not covered
  | not covered
  = note: the matched value is of type `&models::feeder::master::riwayat_pendidikan_mahasiswa::Relation`
  = note: this error originates in the derive macro `Debug` which comes from the expansion of the derive macro `DeriveModelEx` (in Nightly builds, run with -Z macro-backtrace for more info)

error[E0004]: non-exhaustive patterns: `&models::feeder::master::riwayat_pendidikan_mahasiswa::RelatedEntity::Mahasiswa`, `&models::feeder::master::riwayat_pendidikan_mahasiswa::RelatedEntity::JenisKeluar`, `&models::feeder::master::riwayat_pendidikan_mahasiswa::RelatedEntity::PerguruanTinggi` and 2 more not covered
 --> src/models/feeder/master/riwayat_pendidikan_mahasiswa.rs:6:1
  |
6 | #[sea_orm::model]
  | ^^^^^^^^^^^^^^^^^ patterns `&models::feeder::master::riwayat_pendidikan_mahasiswa::RelatedEntity::Mahasiswa`, `&models::feeder::master::riwayat_pendidikan_mahasiswa::RelatedEntity::JenisKeluar`, `&models::feeder::master::riwayat_pendidikan_mahasiswa::RelatedEntity::PerguruanTinggi` and 2 more not covered
  |
note: `models::feeder::master::riwayat_pendidikan_mahasiswa::RelatedEntity` defined here
 --> src/models/feeder/master/riwayat_pendidikan_mahasiswa.rs:6:1
  |
6 | #[sea_orm::model]
  | ^^^^^^^^^^^^^^^^^
  | |
  | not covered
  | not covered
  | not covered
  | not covered
  | not covered
  = note: the matched value is of type `&models::feeder::master::riwayat_pendidikan_mahasiswa::RelatedEntity`
  = note: this error originates in the derive macro `Debug` which comes from the expansion of the derive macro `DeriveModelEx` (in Nightly builds, run with -Z macro-backtrace for more info)

error[E0004]: non-exhaustive patterns: `&models::feeder::master::riwayat_penelitian_dosen::Relation::Dosen` not covered
 --> src/models/feeder/master/riwayat_penelitian_dosen.rs:6:1
  |
6 | #[sea_orm::model]
  | ^^^^^^^^^^^^^^^^^ pattern `&models::feeder::master::riwayat_penelitian_dosen::Relation::Dosen` not covered
  |
note: `models::feeder::master::riwayat_penelitian_dosen::Relation` defined here
 --> src/models/feeder/master/riwayat_penelitian_dosen.rs:6:1
  |
6 | #[sea_orm::model]
  | ^^^^^^^^^^^^^^^^^
  | |
  | not covered
  = note: the matched value is of type `&models::feeder::master::riwayat_penelitian_dosen::Relation`
  = note: this error originates in the derive macro `Debug` which comes from the expansion of the derive macro `DeriveModelEx` (in Nightly builds, run with -Z macro-backtrace for more info)

error[E0004]: non-exhaustive patterns: `&models::feeder::master::riwayat_penelitian_dosen::RelatedEntity::Dosen` not covered
 --> src/models/feeder/master/riwayat_penelitian_dosen.rs:6:1
  |
6 | #[sea_orm::model]
  | ^^^^^^^^^^^^^^^^^ pattern `&models::feeder::master::riwayat_penelitian_dosen::RelatedEntity::Dosen` not covered
  |
note: `models::feeder::master::riwayat_penelitian_dosen::RelatedEntity` defined here
 --> src/models/feeder/master/riwayat_penelitian_dosen.rs:6:1
  |
6 | #[sea_orm::model]
  | ^^^^^^^^^^^^^^^^^
  | |
  | not covered
  = note: the matched value is of type `&models::feeder::master::riwayat_penelitian_dosen::RelatedEntity`
  = note: this error originates in the derive macro `Debug` which comes from the expansion of the derive macro `DeriveModelEx` (in Nightly builds, run with -Z macro-backtrace for more info)

error[E0004]: non-exhaustive patterns: `&models::feeder::master::riwayat_sertifikasi_dosen::Relation::Dosen` and `&models::feeder::master::riwayat_sertifikasi_dosen::Relation::JenisSertifikasi` not covered
 --> src/models/feeder/master/riwayat_sertifikasi_dosen.rs:6:1
  |
6 | #[sea_orm::model]
  | ^^^^^^^^^^^^^^^^^ patterns `&models::feeder::master::riwayat_sertifikasi_dosen::Relation::Dosen` and `&models::feeder::master::riwayat_sertifikasi_dosen::Relation::JenisSertifikasi` not covered
  |
note: `models::feeder::master::riwayat_sertifikasi_dosen::Relation` defined here
 --> src/models/feeder/master/riwayat_sertifikasi_dosen.rs:6:1
  |
6 | #[sea_orm::model]
  | ^^^^^^^^^^^^^^^^^
  | |
  | not covered
  | not covered
  = note: the matched value is of type `&models::feeder::master::riwayat_sertifikasi_dosen::Relation`
  = note: this error originates in the derive macro `Debug` which comes from the expansion of the derive macro `DeriveModelEx` (in Nightly builds, run with -Z macro-backtrace for more info)

error[E0004]: non-exhaustive patterns: `&models::feeder::master::riwayat_sertifikasi_dosen::RelatedEntity::Dosen` and `&models::feeder::master::riwayat_sertifikasi_dosen::RelatedEntity::JenisSertifikasi` not covered
 --> src/models/feeder/master/riwayat_sertifikasi_dosen.rs:6:1
  |
6 | #[sea_orm::model]
  | ^^^^^^^^^^^^^^^^^ patterns `&models::feeder::master::riwayat_sertifikasi_dosen::RelatedEntity::Dosen` and `&models::feeder::master::riwayat_sertifikasi_dosen::RelatedEntity::JenisSertifikasi` not covered
  |
note: `models::feeder::master::riwayat_sertifikasi_dosen::RelatedEntity` defined here
 --> src/models/feeder/master/riwayat_sertifikasi_dosen.rs:6:1
  |
6 | #[sea_orm::model]
  | ^^^^^^^^^^^^^^^^^
  | |
  | not covered
  | not covered
  = note: the matched value is of type `&models::feeder::master::riwayat_sertifikasi_dosen::RelatedEntity`
  = note: this error originates in the derive macro `Debug` which comes from the expansion of the derive macro `DeriveModelEx` (in Nightly builds, run with -Z macro-backtrace for more info)

error[E0004]: non-exhaustive patterns: `&models::feeder::master::skala_nilai_program_studi::Relation::ProgramStudi` not covered
 --> src/models/feeder/master/skala_nilai_program_studi.rs:6:1
  |
6 | #[sea_orm::model]
  | ^^^^^^^^^^^^^^^^^ pattern `&models::feeder::master::skala_nilai_program_studi::Relation::ProgramStudi` not covered
  |
note: `models::feeder::master::skala_nilai_program_studi::Relation` defined here
 --> src/models/feeder/master/skala_nilai_program_studi.rs:6:1
  |
6 | #[sea_orm::model]
  | ^^^^^^^^^^^^^^^^^
  | |
  | not covered
  = note: the matched value is of type `&models::feeder::master::skala_nilai_program_studi::Relation`
  = note: this error originates in the derive macro `Debug` which comes from the expansion of the derive macro `DeriveModelEx` (in Nightly builds, run with -Z macro-backtrace for more info)

error[E0004]: non-exhaustive patterns: `&models::feeder::master::skala_nilai_program_studi::RelatedEntity::ProgramStudi` not covered
 --> src/models/feeder/master/skala_nilai_program_studi.rs:6:1
  |
6 | #[sea_orm::model]
  | ^^^^^^^^^^^^^^^^^ pattern `&models::feeder::master::skala_nilai_program_studi::RelatedEntity::ProgramStudi` not covered
  |
note: `models::feeder::master::skala_nilai_program_studi::RelatedEntity` defined here
 --> src/models/feeder/master/skala_nilai_program_studi.rs:6:1
  |
6 | #[sea_orm::model]
  | ^^^^^^^^^^^^^^^^^
  | |
  | not covered
  = note: the matched value is of type `&models::feeder::master::skala_nilai_program_studi::RelatedEntity`
  = note: this error originates in the derive macro `Debug` which comes from the expansion of the derive macro `DeriveModelEx` (in Nightly builds, run with -Z macro-backtrace for more info)

error[E0004]: non-exhaustive patterns: `&models::feeder::master::substansi_matakuliah::Relation::ProgramStudi` and `&models::feeder::master::substansi_matakuliah::Relation::JenisSubstansi` not covered
 --> src/models/feeder/master/substansi_matakuliah.rs:6:1
  |
6 | #[sea_orm::model]
  | ^^^^^^^^^^^^^^^^^ patterns `&models::feeder::master::substansi_matakuliah::Relation::ProgramStudi` and `&models::feeder::master::substansi_matakuliah::Relation::JenisSubstansi` not covered
  |
note: `models::feeder::master::substansi_matakuliah::Relation` defined here
 --> src/models/feeder/master/substansi_matakuliah.rs:6:1
  |
6 | #[sea_orm::model]
  | ^^^^^^^^^^^^^^^^^
  | |
  | not covered
  | not covered
  = note: the matched value is of type `&models::feeder::master::substansi_matakuliah::Relation`
  = note: this error originates in the derive macro `Debug` which comes from the expansion of the derive macro `DeriveModelEx` (in Nightly builds, run with -Z macro-backtrace for more info)

error[E0004]: non-exhaustive patterns: `&models::feeder::master::substansi_matakuliah::RelatedEntity::ProgramStudi` and `&models::feeder::master::substansi_matakuliah::RelatedEntity::JenisSubstansi` not covered
 --> src/models/feeder/master/substansi_matakuliah.rs:6:1
  |
6 | #[sea_orm::model]
  | ^^^^^^^^^^^^^^^^^ patterns `&models::feeder::master::substansi_matakuliah::RelatedEntity::ProgramStudi` and `&models::feeder::master::substansi_matakuliah::RelatedEntity::JenisSubstansi` not covered
  |
note: `models::feeder::master::substansi_matakuliah::RelatedEntity` defined here
 --> src/models/feeder/master/substansi_matakuliah.rs:6:1
  |
6 | #[sea_orm::model]
  | ^^^^^^^^^^^^^^^^^
  | |
  | not covered
  | not covered
  = note: the matched value is of type `&models::feeder::master::substansi_matakuliah::RelatedEntity`
  = note: this error originates in the derive macro `Debug` which comes from the expansion of the derive macro `DeriveModelEx` (in Nightly builds, run with -Z macro-backtrace for more info)

error[E0004]: non-exhaustive patterns: `&models::feeder::master::transkrip_mahasiswa::Relation::KelasKuliah` not covered
 --> src/models/feeder/master/transkrip_mahasiswa.rs:6:1
  |
6 | #[sea_orm::model]
  | ^^^^^^^^^^^^^^^^^ pattern `&models::feeder::master::transkrip_mahasiswa::Relation::KelasKuliah` not covered
  |
note: `models::feeder::master::transkrip_mahasiswa::Relation` defined here
 --> src/models/feeder/master/transkrip_mahasiswa.rs:6:1
  |
6 | #[sea_orm::model]
  | ^^^^^^^^^^^^^^^^^
  | |
  | not covered
  = note: the matched value is of type `&models::feeder::master::transkrip_mahasiswa::Relation`
  = note: this error originates in the derive macro `Debug` which comes from the expansion of the derive macro `DeriveModelEx` (in Nightly builds, run with -Z macro-backtrace for more info)

error[E0004]: non-exhaustive patterns: `&models::feeder::master::transkrip_mahasiswa::RelatedEntity::KelasKuliah` not covered
 --> src/models/feeder/master/transkrip_mahasiswa.rs:6:1
  |
6 | #[sea_orm::model]
  | ^^^^^^^^^^^^^^^^^ pattern `&models::feeder::master::transkrip_mahasiswa::RelatedEntity::KelasKuliah` not covered
  |
note: `models::feeder::master::transkrip_mahasiswa::RelatedEntity` defined here
 --> src/models/feeder/master/transkrip_mahasiswa.rs:6:1
  |
6 | #[sea_orm::model]
  | ^^^^^^^^^^^^^^^^^
  | |
  | not covered
  = note: the matched value is of type `&models::feeder::master::transkrip_mahasiswa::RelatedEntity`
  = note: this error originates in the derive macro `Debug` which comes from the expansion of the derive macro `DeriveModelEx` (in Nightly builds, run with -Z macro-backtrace for more info)

error[E0004]: non-exhaustive patterns: `&models::feeder::master::uji_mahasiswa::Relation::KategoriKegiatan` and `&models::feeder::master::uji_mahasiswa::Relation::Dosen` not covered
 --> src/models/feeder/master/uji_mahasiswa.rs:6:1
  |
6 | #[sea_orm::model]
  | ^^^^^^^^^^^^^^^^^ patterns `&models::feeder::master::uji_mahasiswa::Relation::KategoriKegiatan` and `&models::feeder::master::uji_mahasiswa::Relation::Dosen` not covered
  |
note: `models::feeder::master::uji_mahasiswa::Relation` defined here
 --> src/models/feeder/master/uji_mahasiswa.rs:6:1
  |
6 | #[sea_orm::model]
  | ^^^^^^^^^^^^^^^^^
  | |
  | not covered
  | not covered
  = note: the matched value is of type `&models::feeder::master::uji_mahasiswa::Relation`
  = note: this error originates in the derive macro `Debug` which comes from the expansion of the derive macro `DeriveModelEx` (in Nightly builds, run with -Z macro-backtrace for more info)

error[E0004]: non-exhaustive patterns: `&models::feeder::master::uji_mahasiswa::RelatedEntity::KategoriKegiatan` and `&models::feeder::master::uji_mahasiswa::RelatedEntity::Dosen` not covered
 --> src/models/feeder/master/uji_mahasiswa.rs:6:1
  |
6 | #[sea_orm::model]
  | ^^^^^^^^^^^^^^^^^ patterns `&models::feeder::master::uji_mahasiswa::RelatedEntity::KategoriKegiatan` and `&models::feeder::master::uji_mahasiswa::RelatedEntity::Dosen` not covered
  |
note: `models::feeder::master::uji_mahasiswa::RelatedEntity` defined here
 --> src/models/feeder/master/uji_mahasiswa.rs:6:1
  |
6 | #[sea_orm::model]
  | ^^^^^^^^^^^^^^^^^
  | |
  | not covered
  | not covered
  = note: the matched value is of type `&models::feeder::master::uji_mahasiswa::RelatedEntity`
  = note: this error originates in the derive macro `Debug` which comes from the expansion of the derive macro `DeriveModelEx` (in Nightly builds, run with -Z macro-backtrace for more info)

error[E0004]: non-exhaustive patterns: `&models::feeder::referensi::agama::Relation::BiodataDosen`, `&models::feeder::referensi::agama::Relation::BiodataMahasiswa`, `&models::feeder::referensi::agama::Relation::Dosen` and 1 more not covered
  --> src/models/feeder/referensi/agama.rs:11:1
   |
11 | #[sea_orm::model]
   | ^^^^^^^^^^^^^^^^^ patterns `&models::feeder::referensi::agama::Relation::BiodataDosen`, `&models::feeder::referensi::agama::Relation::BiodataMahasiswa`, `&models::feeder::referensi::agama::Relation::Dosen` and 1 more not covered
   |
note: `models::feeder::referensi::agama::Relation` defined here
  --> src/models/feeder/referensi/agama.rs:11:1
   |
11 | #[sea_orm::model]
   | ^^^^^^^^^^^^^^^^^
   | |
   | not covered
   | not covered
   | not covered
   | not covered
   = note: the matched value is of type `&models::feeder::referensi::agama::Relation`
   = note: this error originates in the derive macro `Debug` which comes from the expansion of the derive macro `DeriveModelEx` (in Nightly builds, run with -Z macro-backtrace for more info)

error[E0004]: non-exhaustive patterns: `&models::feeder::referensi::agama::RelatedEntity::BiodataDosen`, `&models::feeder::referensi::agama::RelatedEntity::BiodataMahasiswa`, `&models::feeder::referensi::agama::RelatedEntity::Dosen` and 1 more not covered
  --> src/models/feeder/referensi/agama.rs:11:1
   |
11 | #[sea_orm::model]
   | ^^^^^^^^^^^^^^^^^ patterns `&models::feeder::referensi::agama::RelatedEntity::BiodataDosen`, `&models::feeder::referensi::agama::RelatedEntity::BiodataMahasiswa`, `&models::feeder::referensi::agama::RelatedEntity::Dosen` and 1 more not covered
   |
note: `models::feeder::referensi::agama::RelatedEntity` defined here
  --> src/models/feeder/referensi/agama.rs:11:1
   |
11 | #[sea_orm::model]
   | ^^^^^^^^^^^^^^^^^
   | |
   | not covered
   | not covered
   | not covered
   | not covered
   = note: the matched value is of type `&models::feeder::referensi::agama::RelatedEntity`
   = note: this error originates in the derive macro `Debug` which comes from the expansion of the derive macro `DeriveModelEx` (in Nightly builds, run with -Z macro-backtrace for more info)

error[E0004]: non-exhaustive patterns: `&models::feeder::referensi::alat_transportasi::Relation::BiodataMahasiswa` not covered
  --> src/models/feeder/referensi/alat_transportasi.rs:11:1
   |
11 | #[sea_orm::model]
   | ^^^^^^^^^^^^^^^^^ pattern `&models::feeder::referensi::alat_transportasi::Relation::BiodataMahasiswa` not covered
   |
note: `models::feeder::referensi::alat_transportasi::Relation` defined here
  --> src/models/feeder/referensi/alat_transportasi.rs:11:1
   |
11 | #[sea_orm::model]
   | ^^^^^^^^^^^^^^^^^
   | |
   | not covered
   = note: the matched value is of type `&models::feeder::referensi::alat_transportasi::Relation`
   = note: this error originates in the derive macro `Debug` which comes from the expansion of the derive macro `DeriveModelEx` (in Nightly builds, run with -Z macro-backtrace for more info)

error[E0004]: non-exhaustive patterns: `&models::feeder::referensi::alat_transportasi::RelatedEntity::BiodataMahasiswa` not covered
  --> src/models/feeder/referensi/alat_transportasi.rs:11:1
   |
11 | #[sea_orm::model]
   | ^^^^^^^^^^^^^^^^^ pattern `&models::feeder::referensi::alat_transportasi::RelatedEntity::BiodataMahasiswa` not covered
   |
note: `models::feeder::referensi::alat_transportasi::RelatedEntity` defined here
  --> src/models/feeder/referensi/alat_transportasi.rs:11:1
   |
11 | #[sea_orm::model]
   | ^^^^^^^^^^^^^^^^^
   | |
   | not covered
   = note: the matched value is of type `&models::feeder::referensi::alat_transportasi::RelatedEntity`
   = note: this error originates in the derive macro `Debug` which comes from the expansion of the derive macro `DeriveModelEx` (in Nightly builds, run with -Z macro-backtrace for more info)

error[E0004]: non-exhaustive patterns: `&models::feeder::referensi::jabatan_fungsional::Relation::RiwayatFungsionalDosen` not covered
  --> src/models/feeder/referensi/jabatan_fungsional.rs:11:1
   |
11 | #[sea_orm::model]
   | ^^^^^^^^^^^^^^^^^ pattern `&models::feeder::referensi::jabatan_fungsional::Relation::RiwayatFungsionalDosen` not covered
   |
note: `models::feeder::referensi::jabatan_fungsional::Relation` defined here
  --> src/models/feeder/referensi/jabatan_fungsional.rs:11:1
   |
11 | #[sea_orm::model]
   | ^^^^^^^^^^^^^^^^^
   | |
   | not covered
   = note: the matched value is of type `&models::feeder::referensi::jabatan_fungsional::Relation`
   = note: this error originates in the derive macro `Debug` which comes from the expansion of the derive macro `DeriveModelEx` (in Nightly builds, run with -Z macro-backtrace for more info)

error[E0004]: non-exhaustive patterns: `&models::feeder::referensi::jabatan_fungsional::RelatedEntity::RiwayatFungsionalDosen` not covered
  --> src/models/feeder/referensi/jabatan_fungsional.rs:11:1
   |
11 | #[sea_orm::model]
   | ^^^^^^^^^^^^^^^^^ pattern `&models::feeder::referensi::jabatan_fungsional::RelatedEntity::RiwayatFungsionalDosen` not covered
   |
note: `models::feeder::referensi::jabatan_fungsional::RelatedEntity` defined here
  --> src/models/feeder/referensi/jabatan_fungsional.rs:11:1
   |
11 | #[sea_orm::model]
   | ^^^^^^^^^^^^^^^^^
   | |
   | not covered
   = note: the matched value is of type `&models::feeder::referensi::jabatan_fungsional::RelatedEntity`
   = note: this error originates in the derive macro `Debug` which comes from the expansion of the derive macro `DeriveModelEx` (in Nightly builds, run with -Z macro-backtrace for more info)

error[E0004]: non-exhaustive patterns: `&models::feeder::referensi::jalur_masuk::Relation::MahasiswaLulusanDropout` not covered
  --> src/models/feeder/referensi/jalur_masuk.rs:11:1
   |
11 | #[sea_orm::model]
   | ^^^^^^^^^^^^^^^^^ pattern `&models::feeder::referensi::jalur_masuk::Relation::MahasiswaLulusanDropout` not covered
   |
note: `models::feeder::referensi::jalur_masuk::Relation` defined here
  --> src/models/feeder/referensi/jalur_masuk.rs:11:1
   |
11 | #[sea_orm::model]
   | ^^^^^^^^^^^^^^^^^
   | |
   | not covered
   = note: the matched value is of type `&models::feeder::referensi::jalur_masuk::Relation`
   = note: this error originates in the derive macro `Debug` which comes from the expansion of the derive macro `DeriveModelEx` (in Nightly builds, run with -Z macro-backtrace for more info)

error[E0004]: non-exhaustive patterns: `&models::feeder::referensi::jalur_masuk::RelatedEntity::MahasiswaLulusanDropout` not covered
  --> src/models/feeder/referensi/jalur_masuk.rs:11:1
   |
11 | #[sea_orm::model]
   | ^^^^^^^^^^^^^^^^^ pattern `&models::feeder::referensi::jalur_masuk::RelatedEntity::MahasiswaLulusanDropout` not covered
   |
note: `models::feeder::referensi::jalur_masuk::RelatedEntity` defined here
  --> src/models/feeder/referensi/jalur_masuk.rs:11:1
   |
11 | #[sea_orm::model]
   | ^^^^^^^^^^^^^^^^^
   | |
   | not covered
   = note: the matched value is of type `&models::feeder::referensi::jalur_masuk::RelatedEntity`
   = note: this error originates in the derive macro `Debug` which comes from the expansion of the derive macro `DeriveModelEx` (in Nightly builds, run with -Z macro-backtrace for more info)

error[E0004]: non-exhaustive patterns: `&models::feeder::referensi::jenis_evaluasi::Relation::DosenPengajarKelasKuliah`, `&models::feeder::referensi::jenis_evaluasi::Relation::KomponenEvaluasiKelas` and `&models::feeder::referensi::jenis_evaluasi::Relation::RencanaEvaluasi` not covered
  --> src/models/feeder/referensi/jenis_evaluasi.rs:11:1
   |
11 | #[sea_orm::model]
   | ^^^^^^^^^^^^^^^^^ patterns `&models::feeder::referensi::jenis_evaluasi::Relation::DosenPengajarKelasKuliah`, `&models::feeder::referensi::jenis_evaluasi::Relation::KomponenEvaluasiKelas` and `&models::feeder::referensi::jenis_evaluasi::Relation::RencanaEvaluasi` not covered
   |
note: `models::feeder::referensi::jenis_evaluasi::Relation` defined here
  --> src/models/feeder/referensi/jenis_evaluasi.rs:11:1
   |
11 | #[sea_orm::model]
   | ^^^^^^^^^^^^^^^^^
   | |
   | not covered
   | not covered
   | not covered
   = note: the matched value is of type `&models::feeder::referensi::jenis_evaluasi::Relation`
   = note: this error originates in the derive macro `Debug` which comes from the expansion of the derive macro `DeriveModelEx` (in Nightly builds, run with -Z macro-backtrace for more info)

error[E0004]: non-exhaustive patterns: `&models::feeder::referensi::jenis_evaluasi::RelatedEntity::DosenPengajarKelasKuliah`, `&models::feeder::referensi::jenis_evaluasi::RelatedEntity::KomponenEvaluasiKelas` and `&models::feeder::referensi::jenis_evaluasi::RelatedEntity::RencanaEvaluasi` not covered
  --> src/models/feeder/referensi/jenis_evaluasi.rs:11:1
   |
11 | #[sea_orm::model]
   | ^^^^^^^^^^^^^^^^^ patterns `&models::feeder::referensi::jenis_evaluasi::RelatedEntity::DosenPengajarKelasKuliah`, `&models::feeder::referensi::jenis_evaluasi::RelatedEntity::KomponenEvaluasiKelas` and `&models::feeder::referensi::jenis_evaluasi::RelatedEntity::RencanaEvaluasi` not covered
   |
note: `models::feeder::referensi::jenis_evaluasi::RelatedEntity` defined here
  --> src/models/feeder/referensi/jenis_evaluasi.rs:11:1
   |
11 | #[sea_orm::model]
   | ^^^^^^^^^^^^^^^^^
   | |
   | not covered
   | not covered
   | not covered
   = note: the matched value is of type `&models::feeder::referensi::jenis_evaluasi::RelatedEntity`
   = note: this error originates in the derive macro `Debug` which comes from the expansion of the derive macro `DeriveModelEx` (in Nightly builds, run with -Z macro-backtrace for more info)

error[E0004]: non-exhaustive patterns: `&models::feeder::referensi::jenis_keluar::Relation::MahasiswaLulusanDropout` and `&models::feeder::referensi::jenis_keluar::Relation::RiwayatPendidikanMahasiswa` not covered
  --> src/models/feeder/referensi/jenis_keluar.rs:11:1
   |
11 | #[sea_orm::model]
   | ^^^^^^^^^^^^^^^^^ patterns `&models::feeder::referensi::jenis_keluar::Relation::MahasiswaLulusanDropout` and `&models::feeder::referensi::jenis_keluar::Relation::RiwayatPendidikanMahasiswa` not covered
   |
note: `models::feeder::referensi::jenis_keluar::Relation` defined here
  --> src/models/feeder/referensi/jenis_keluar.rs:11:1
   |
11 | #[sea_orm::model]
   | ^^^^^^^^^^^^^^^^^
   | |
   | not covered
   | not covered
   = note: the matched value is of type `&models::feeder::referensi::jenis_keluar::Relation`
   = note: this error originates in the derive macro `Debug` which comes from the expansion of the derive macro `DeriveModelEx` (in Nightly builds, run with -Z macro-backtrace for more info)

error[E0004]: non-exhaustive patterns: `&models::feeder::referensi::jenis_keluar::RelatedEntity::MahasiswaLulusanDropout` and `&models::feeder::referensi::jenis_keluar::RelatedEntity::RiwayatPendidikanMahasiswa` not covered
  --> src/models/feeder/referensi/jenis_keluar.rs:11:1
   |
11 | #[sea_orm::model]
   | ^^^^^^^^^^^^^^^^^ patterns `&models::feeder::referensi::jenis_keluar::RelatedEntity::MahasiswaLulusanDropout` and `&models::feeder::referensi::jenis_keluar::RelatedEntity::RiwayatPendidikanMahasiswa` not covered
   |
note: `models::feeder::referensi::jenis_keluar::RelatedEntity` defined here
  --> src/models/feeder/referensi/jenis_keluar.rs:11:1
   |
11 | #[sea_orm::model]
   | ^^^^^^^^^^^^^^^^^
   | |
   | not covered
   | not covered
   = note: the matched value is of type `&models::feeder::referensi::jenis_keluar::RelatedEntity`
   = note: this error originates in the derive macro `Debug` which comes from the expansion of the derive macro `DeriveModelEx` (in Nightly builds, run with -Z macro-backtrace for more info)

error[E0004]: non-exhaustive patterns: `&models::feeder::referensi::jenis_prestasi::Relation::PrestasiMahasiswa` not covered
  --> src/models/feeder/referensi/jenis_prestasi.rs:11:1
   |
11 | #[sea_orm::model]
   | ^^^^^^^^^^^^^^^^^ pattern `&models::feeder::referensi::jenis_prestasi::Relation::PrestasiMahasiswa` not covered
   |
note: `models::feeder::referensi::jenis_prestasi::Relation` defined here
  --> src/models/feeder/referensi/jenis_prestasi.rs:11:1
   |
11 | #[sea_orm::model]
   | ^^^^^^^^^^^^^^^^^
   | |
   | not covered
   = note: the matched value is of type `&models::feeder::referensi::jenis_prestasi::Relation`
   = note: this error originates in the derive macro `Debug` which comes from the expansion of the derive macro `DeriveModelEx` (in Nightly builds, run with -Z macro-backtrace for more info)

error[E0004]: non-exhaustive patterns: `&models::feeder::referensi::jenis_prestasi::RelatedEntity::PrestasiMahasiswa` not covered
  --> src/models/feeder/referensi/jenis_prestasi.rs:11:1
   |
11 | #[sea_orm::model]
   | ^^^^^^^^^^^^^^^^^ pattern `&models::feeder::referensi::jenis_prestasi::RelatedEntity::PrestasiMahasiswa` not covered
   |
note: `models::feeder::referensi::jenis_prestasi::RelatedEntity` defined here
  --> src/models/feeder/referensi/jenis_prestasi.rs:11:1
   |
11 | #[sea_orm::model]
   | ^^^^^^^^^^^^^^^^^
   | |
   | not covered
   = note: the matched value is of type `&models::feeder::referensi::jenis_prestasi::RelatedEntity`
   = note: this error originates in the derive macro `Debug` which comes from the expansion of the derive macro `DeriveModelEx` (in Nightly builds, run with -Z macro-backtrace for more info)

error[E0004]: non-exhaustive patterns: `&models::feeder::referensi::jenis_sertifikasi::Relation::RiwayatSertifikasiDosen` not covered
  --> src/models/feeder/referensi/jenis_sertifikasi.rs:11:1
   |
11 | #[sea_orm::model]
   | ^^^^^^^^^^^^^^^^^ pattern `&models::feeder::referensi::jenis_sertifikasi::Relation::RiwayatSertifikasiDosen` not covered
   |
note: `models::feeder::referensi::jenis_sertifikasi::Relation` defined here
  --> src/models/feeder/referensi/jenis_sertifikasi.rs:11:1
   |
11 | #[sea_orm::model]
   | ^^^^^^^^^^^^^^^^^
   | |
   | not covered
   = note: the matched value is of type `&models::feeder::referensi::jenis_sertifikasi::Relation`
   = note: this error originates in the derive macro `Debug` which comes from the expansion of the derive macro `DeriveModelEx` (in Nightly builds, run with -Z macro-backtrace for more info)

error[E0004]: non-exhaustive patterns: `&models::feeder::referensi::jenis_sertifikasi::RelatedEntity::RiwayatSertifikasiDosen` not covered
  --> src/models/feeder/referensi/jenis_sertifikasi.rs:11:1
   |
11 | #[sea_orm::model]
   | ^^^^^^^^^^^^^^^^^ pattern `&models::feeder::referensi::jenis_sertifikasi::RelatedEntity::RiwayatSertifikasiDosen` not covered
   |
note: `models::feeder::referensi::jenis_sertifikasi::RelatedEntity` defined here
  --> src/models/feeder/referensi/jenis_sertifikasi.rs:11:1
   |
11 | #[sea_orm::model]
   | ^^^^^^^^^^^^^^^^^
   | |
   | not covered
   = note: the matched value is of type `&models::feeder::referensi::jenis_sertifikasi::RelatedEntity`
   = note: this error originates in the derive macro `Debug` which comes from the expansion of the derive macro `DeriveModelEx` (in Nightly builds, run with -Z macro-backtrace for more info)

error[E0004]: non-exhaustive patterns: `&models::feeder::referensi::jenis_substansi::Relation::SubstansiMatakuliah` not covered
  --> src/models/feeder/referensi/jenis_substansi.rs:11:1
   |
11 | #[sea_orm::model]
   | ^^^^^^^^^^^^^^^^^ pattern `&models::feeder::referensi::jenis_substansi::Relation::SubstansiMatakuliah` not covered
   |
note: `models::feeder::referensi::jenis_substansi::Relation` defined here
  --> src/models/feeder/referensi/jenis_substansi.rs:11:1
   |
11 | #[sea_orm::model]
   | ^^^^^^^^^^^^^^^^^
   | |
   | not covered
   = note: the matched value is of type `&models::feeder::referensi::jenis_substansi::Relation`
   = note: this error originates in the derive macro `Debug` which comes from the expansion of the derive macro `DeriveModelEx` (in Nightly builds, run with -Z macro-backtrace for more info)

error[E0004]: non-exhaustive patterns: `&models::feeder::referensi::jenis_substansi::RelatedEntity::SubstansiMatakuliah` not covered
  --> src/models/feeder/referensi/jenis_substansi.rs:11:1
   |
11 | #[sea_orm::model]
   | ^^^^^^^^^^^^^^^^^ pattern `&models::feeder::referensi::jenis_substansi::RelatedEntity::SubstansiMatakuliah` not covered
   |
note: `models::feeder::referensi::jenis_substansi::RelatedEntity` defined here
  --> src/models/feeder/referensi/jenis_substansi.rs:11:1
   |
11 | #[sea_orm::model]
   | ^^^^^^^^^^^^^^^^^
   | |
   | not covered
   = note: the matched value is of type `&models::feeder::referensi::jenis_substansi::RelatedEntity`
   = note: this error originates in the derive macro `Debug` which comes from the expansion of the derive macro `DeriveModelEx` (in Nightly builds, run with -Z macro-backtrace for more info)

error[E0004]: non-exhaustive patterns: `&models::feeder::referensi::jenis_tinggal::Relation::BiodataMahasiswa` not covered
  --> src/models/feeder/referensi/jenis_tinggal.rs:11:1
   |
11 | #[sea_orm::model]
   | ^^^^^^^^^^^^^^^^^ pattern `&models::feeder::referensi::jenis_tinggal::Relation::BiodataMahasiswa` not covered
   |
note: `models::feeder::referensi::jenis_tinggal::Relation` defined here
  --> src/models/feeder/referensi/jenis_tinggal.rs:11:1
   |
11 | #[sea_orm::model]
   | ^^^^^^^^^^^^^^^^^
   | |
   | not covered
   = note: the matched value is of type `&models::feeder::referensi::jenis_tinggal::Relation`
   = note: this error originates in the derive macro `Debug` which comes from the expansion of the derive macro `DeriveModelEx` (in Nightly builds, run with -Z macro-backtrace for more info)

error[E0004]: non-exhaustive patterns: `&models::feeder::referensi::jenis_tinggal::RelatedEntity::BiodataMahasiswa` not covered
  --> src/models/feeder/referensi/jenis_tinggal.rs:11:1
   |
11 | #[sea_orm::model]
   | ^^^^^^^^^^^^^^^^^ pattern `&models::feeder::referensi::jenis_tinggal::RelatedEntity::BiodataMahasiswa` not covered
   |
note: `models::feeder::referensi::jenis_tinggal::RelatedEntity` defined here
  --> src/models/feeder/referensi/jenis_tinggal.rs:11:1
   |
11 | #[sea_orm::model]
   | ^^^^^^^^^^^^^^^^^
   | |
   | not covered
   = note: the matched value is of type `&models::feeder::referensi::jenis_tinggal::RelatedEntity`
   = note: this error originates in the derive macro `Debug` which comes from the expansion of the derive macro `DeriveModelEx` (in Nightly builds, run with -Z macro-backtrace for more info)

error[E0004]: non-exhaustive patterns: `&models::feeder::referensi::jenjang_pendidikan::Relation::Fakultas`, `&models::feeder::referensi::jenjang_pendidikan::Relation::ProgramStudi` and `&models::feeder::referensi::jenjang_pendidikan::Relation::RiwayatPendidikanDosen` not covered
  --> src/models/feeder/referensi/jenjang_pendidikan.rs:11:1
   |
11 | #[sea_orm::model]
   | ^^^^^^^^^^^^^^^^^ patterns `&models::feeder::referensi::jenjang_pendidikan::Relation::Fakultas`, `&models::feeder::referensi::jenjang_pendidikan::Relation::ProgramStudi` and `&models::feeder::referensi::jenjang_pendidikan::Relation::RiwayatPendidikanDosen` not covered
   |
note: `models::feeder::referensi::jenjang_pendidikan::Relation` defined here
  --> src/models/feeder/referensi/jenjang_pendidikan.rs:11:1
   |
11 | #[sea_orm::model]
   | ^^^^^^^^^^^^^^^^^
   | |
   | not covered
   | not covered
   | not covered
   = note: the matched value is of type `&models::feeder::referensi::jenjang_pendidikan::Relation`
   = note: this error originates in the derive macro `Debug` which comes from the expansion of the derive macro `DeriveModelEx` (in Nightly builds, run with -Z macro-backtrace for more info)

error[E0004]: non-exhaustive patterns: `&models::feeder::referensi::jenjang_pendidikan::RelatedEntity::Fakultas`, `&models::feeder::referensi::jenjang_pendidikan::RelatedEntity::ProgramStudi` and `&models::feeder::referensi::jenjang_pendidikan::RelatedEntity::RiwayatPendidikanDosen` not covered
  --> src/models/feeder/referensi/jenjang_pendidikan.rs:11:1
   |
11 | #[sea_orm::model]
   | ^^^^^^^^^^^^^^^^^ patterns `&models::feeder::referensi::jenjang_pendidikan::RelatedEntity::Fakultas`, `&models::feeder::referensi::jenjang_pendidikan::RelatedEntity::ProgramStudi` and `&models::feeder::referensi::jenjang_pendidikan::RelatedEntity::RiwayatPendidikanDosen` not covered
   |
note: `models::feeder::referensi::jenjang_pendidikan::RelatedEntity` defined here
  --> src/models/feeder/referensi/jenjang_pendidikan.rs:11:1
   |
11 | #[sea_orm::model]
   | ^^^^^^^^^^^^^^^^^
   | |
   | not covered
   | not covered
   | not covered
   = note: the matched value is of type `&models::feeder::referensi::jenjang_pendidikan::RelatedEntity`
   = note: this error originates in the derive macro `Debug` which comes from the expansion of the derive macro `DeriveModelEx` (in Nightly builds, run with -Z macro-backtrace for more info)

error[E0004]: non-exhaustive patterns: `&models::feeder::referensi::kategori_kegiatan::Relation::BimbingMahasiswa`, `&models::feeder::referensi::kategori_kegiatan::Relation::MahasiswaBimbinganDosen` and `&models::feeder::referensi::kategori_kegiatan::Relation::UjiMahasiswa` not covered
  --> src/models/feeder/referensi/kategori_kegiatan.rs:11:1
   |
11 | #[sea_orm::model]
   | ^^^^^^^^^^^^^^^^^ patterns `&models::feeder::referensi::kategori_kegiatan::Relation::BimbingMahasiswa`, `&models::feeder::referensi::kategori_kegiatan::Relation::MahasiswaBimbinganDosen` and `&models::feeder::referensi::kategori_kegiatan::Relation::UjiMahasiswa` not covered
   |
note: `models::feeder::referensi::kategori_kegiatan::Relation` defined here
  --> src/models/feeder/referensi/kategori_kegiatan.rs:11:1
   |
11 | #[sea_orm::model]
   | ^^^^^^^^^^^^^^^^^
   | |
   | not covered
   | not covered
   | not covered
   = note: the matched value is of type `&models::feeder::referensi::kategori_kegiatan::Relation`
   = note: this error originates in the derive macro `Debug` which comes from the expansion of the derive macro `DeriveModelEx` (in Nightly builds, run with -Z macro-backtrace for more info)

error[E0004]: non-exhaustive patterns: `&models::feeder::referensi::kategori_kegiatan::RelatedEntity::BimbingMahasiswa`, `&models::feeder::referensi::kategori_kegiatan::RelatedEntity::MahasiswaBimbinganDosen` and `&models::feeder::referensi::kategori_kegiatan::RelatedEntity::UjiMahasiswa` not covered
  --> src/models/feeder/referensi/kategori_kegiatan.rs:11:1
   |
11 | #[sea_orm::model]
   | ^^^^^^^^^^^^^^^^^ patterns `&models::feeder::referensi::kategori_kegiatan::RelatedEntity::BimbingMahasiswa`, `&models::feeder::referensi::kategori_kegiatan::RelatedEntity::MahasiswaBimbinganDosen` and `&models::feeder::referensi::kategori_kegiatan::RelatedEntity::UjiMahasiswa` not covered
   |
note: `models::feeder::referensi::kategori_kegiatan::RelatedEntity` defined here
  --> src/models/feeder/referensi/kategori_kegiatan.rs:11:1
   |
11 | #[sea_orm::model]
   | ^^^^^^^^^^^^^^^^^
   | |
   | not covered
   | not covered
   | not covered
   = note: the matched value is of type `&models::feeder::referensi::kategori_kegiatan::RelatedEntity`
   = note: this error originates in the derive macro `Debug` which comes from the expansion of the derive macro `DeriveModelEx` (in Nightly builds, run with -Z macro-backtrace for more info)

error[E0004]: non-exhaustive patterns: `&models::feeder::referensi::level_wilayah::Relation::Wilayah` not covered
  --> src/models/feeder/referensi/level_wilayah.rs:11:1
   |
11 | #[sea_orm::model]
   | ^^^^^^^^^^^^^^^^^ pattern `&models::feeder::referensi::level_wilayah::Relation::Wilayah` not covered
   |
note: `models::feeder::referensi::level_wilayah::Relation` defined here
  --> src/models/feeder/referensi/level_wilayah.rs:11:1
   |
11 | #[sea_orm::model]
   | ^^^^^^^^^^^^^^^^^
   | |
   | not covered
   = note: the matched value is of type `&models::feeder::referensi::level_wilayah::Relation`
   = note: this error originates in the derive macro `Debug` which comes from the expansion of the derive macro `DeriveModelEx` (in Nightly builds, run with -Z macro-backtrace for more info)

error[E0004]: non-exhaustive patterns: `&models::feeder::referensi::level_wilayah::RelatedEntity::Wilayah` not covered
  --> src/models/feeder/referensi/level_wilayah.rs:11:1
   |
11 | #[sea_orm::model]
   | ^^^^^^^^^^^^^^^^^ pattern `&models::feeder::referensi::level_wilayah::RelatedEntity::Wilayah` not covered
   |
note: `models::feeder::referensi::level_wilayah::RelatedEntity` defined here
  --> src/models/feeder/referensi/level_wilayah.rs:11:1
   |
11 | #[sea_orm::model]
   | ^^^^^^^^^^^^^^^^^
   | |
   | not covered
   = note: the matched value is of type `&models::feeder::referensi::level_wilayah::RelatedEntity`
   = note: this error originates in the derive macro `Debug` which comes from the expansion of the derive macro `DeriveModelEx` (in Nightly builds, run with -Z macro-backtrace for more info)

error[E0004]: non-exhaustive patterns: `&models::feeder::referensi::negara::Relation::BiodataMahasiswa` and `&models::feeder::referensi::negara::Relation::Wilayah` not covered
  --> src/models/feeder/referensi/negara.rs:11:1
   |
11 | #[sea_orm::model]
   | ^^^^^^^^^^^^^^^^^ patterns `&models::feeder::referensi::negara::Relation::BiodataMahasiswa` and `&models::feeder::referensi::negara::Relation::Wilayah` not covered
   |
note: `models::feeder::referensi::negara::Relation` defined here
  --> src/models/feeder/referensi/negara.rs:11:1
   |
11 | #[sea_orm::model]
   | ^^^^^^^^^^^^^^^^^
   | |
   | not covered
   | not covered
   = note: the matched value is of type `&models::feeder::referensi::negara::Relation`
   = note: this error originates in the derive macro `Debug` which comes from the expansion of the derive macro `DeriveModelEx` (in Nightly builds, run with -Z macro-backtrace for more info)

error[E0004]: non-exhaustive patterns: `&models::feeder::referensi::negara::RelatedEntity::BiodataMahasiswa` and `&models::feeder::referensi::negara::RelatedEntity::Wilayah` not covered
  --> src/models/feeder/referensi/negara.rs:11:1
   |
11 | #[sea_orm::model]
   | ^^^^^^^^^^^^^^^^^ patterns `&models::feeder::referensi::negara::RelatedEntity::BiodataMahasiswa` and `&models::feeder::referensi::negara::RelatedEntity::Wilayah` not covered
   |
note: `models::feeder::referensi::negara::RelatedEntity` defined here
  --> src/models/feeder/referensi/negara.rs:11:1
   |
11 | #[sea_orm::model]
   | ^^^^^^^^^^^^^^^^^
   | |
   | not covered
   | not covered
   = note: the matched value is of type `&models::feeder::referensi::negara::RelatedEntity`
   = note: this error originates in the derive macro `Debug` which comes from the expansion of the derive macro `DeriveModelEx` (in Nightly builds, run with -Z macro-backtrace for more info)

error[E0004]: non-exhaustive patterns: `&models::feeder::referensi::pangkat_golongan::Relation::BiodataDosen` and `&models::feeder::referensi::pangkat_golongan::Relation::RiwayatPangkatDosen` not covered
  --> src/models/feeder/referensi/pangkat_golongan.rs:11:1
   |
11 | #[sea_orm::model]
   | ^^^^^^^^^^^^^^^^^ patterns `&models::feeder::referensi::pangkat_golongan::Relation::BiodataDosen` and `&models::feeder::referensi::pangkat_golongan::Relation::RiwayatPangkatDosen` not covered
   |
note: `models::feeder::referensi::pangkat_golongan::Relation` defined here
  --> src/models/feeder/referensi/pangkat_golongan.rs:11:1
   |
11 | #[sea_orm::model]
   | ^^^^^^^^^^^^^^^^^
   | |
   | not covered
   | not covered
   = note: the matched value is of type `&models::feeder::referensi::pangkat_golongan::Relation`
   = note: this error originates in the derive macro `Debug` which comes from the expansion of the derive macro `DeriveModelEx` (in Nightly builds, run with -Z macro-backtrace for more info)

error[E0004]: non-exhaustive patterns: `&models::feeder::referensi::pangkat_golongan::RelatedEntity::BiodataDosen` and `&models::feeder::referensi::pangkat_golongan::RelatedEntity::RiwayatPangkatDosen` not covered
  --> src/models/feeder/referensi/pangkat_golongan.rs:11:1
   |
11 | #[sea_orm::model]
   | ^^^^^^^^^^^^^^^^^ patterns `&models::feeder::referensi::pangkat_golongan::RelatedEntity::BiodataDosen` and `&models::feeder::referensi::pangkat_golongan::RelatedEntity::RiwayatPangkatDosen` not covered
   |
note: `models::feeder::referensi::pangkat_golongan::RelatedEntity` defined here
  --> src/models/feeder/referensi/pangkat_golongan.rs:11:1
   |
11 | #[sea_orm::model]
   | ^^^^^^^^^^^^^^^^^
   | |
   | not covered
   | not covered
   = note: the matched value is of type `&models::feeder::referensi::pangkat_golongan::RelatedEntity`
   = note: this error originates in the derive macro `Debug` which comes from the expansion of the derive macro `DeriveModelEx` (in Nightly builds, run with -Z macro-backtrace for more info)

error[E0004]: non-exhaustive patterns: `&models::feeder::referensi::pembiayaan::Relation::MahasiswaLulusanDropout`, `&models::feeder::referensi::pembiayaan::Relation::PerkuliahanMahasiswa` and `&models::feeder::referensi::pembiayaan::Relation::RiwayatPendidikanMahasiswa` not covered
  --> src/models/feeder/referensi/pembiayaan.rs:11:1
   |
11 | #[sea_orm::model]
   | ^^^^^^^^^^^^^^^^^ patterns `&models::feeder::referensi::pembiayaan::Relation::MahasiswaLulusanDropout`, `&models::feeder::referensi::pembiayaan::Relation::PerkuliahanMahasiswa` and `&models::feeder::referensi::pembiayaan::Relation::RiwayatPendidikanMahasiswa` not covered
   |
note: `models::feeder::referensi::pembiayaan::Relation` defined here
  --> src/models/feeder/referensi/pembiayaan.rs:11:1
   |
11 | #[sea_orm::model]
   | ^^^^^^^^^^^^^^^^^
   | |
   | not covered
   | not covered
   | not covered
   = note: the matched value is of type `&models::feeder::referensi::pembiayaan::Relation`
   = note: this error originates in the derive macro `Debug` which comes from the expansion of the derive macro `DeriveModelEx` (in Nightly builds, run with -Z macro-backtrace for more info)

error[E0004]: non-exhaustive patterns: `&models::feeder::referensi::pembiayaan::RelatedEntity::MahasiswaLulusanDropout`, `&models::feeder::referensi::pembiayaan::RelatedEntity::PerkuliahanMahasiswa` and `&models::feeder::referensi::pembiayaan::RelatedEntity::RiwayatPendidikanMahasiswa` not covered
  --> src/models/feeder/referensi/pembiayaan.rs:11:1
   |
11 | #[sea_orm::model]
   | ^^^^^^^^^^^^^^^^^ patterns `&models::feeder::referensi::pembiayaan::RelatedEntity::MahasiswaLulusanDropout`, `&models::feeder::referensi::pembiayaan::RelatedEntity::PerkuliahanMahasiswa` and `&models::feeder::referensi::pembiayaan::RelatedEntity::RiwayatPendidikanMahasiswa` not covered
   |
note: `models::feeder::referensi::pembiayaan::RelatedEntity` defined here
  --> src/models/feeder/referensi/pembiayaan.rs:11:1
   |
11 | #[sea_orm::model]
   | ^^^^^^^^^^^^^^^^^
   | |
   | not covered
   | not covered
   | not covered
   = note: the matched value is of type `&models::feeder::referensi::pembiayaan::RelatedEntity`
   = note: this error originates in the derive macro `Debug` which comes from the expansion of the derive macro `DeriveModelEx` (in Nightly builds, run with -Z macro-backtrace for more info)

error[E0004]: non-exhaustive patterns: `&models::feeder::referensi::semester::Relation::AktifitasMahasiswa`, `&models::feeder::referensi::semester::Relation::DetailNilaiPerkuliahanKelas`, `&models::feeder::referensi::semester::Relation::DosenPengajarKelasKuliah` and 10 more not covered
  --> src/models/feeder/referensi/semester.rs:11:1
   |
11 | #[sea_orm::model]
   | ^^^^^^^^^^^^^^^^^ patterns `&models::feeder::referensi::semester::Relation::AktifitasMahasiswa`, `&models::feeder::referensi::semester::Relation::DetailNilaiPerkuliahanKelas`, `&models::feeder::referensi::semester::Relation::DosenPengajarKelasKuliah` and 10 more not covered
   |
note: `models::feeder::referensi::semester::Relation` defined here
  --> src/models/feeder/referensi/semester.rs:11:1
   |
11 | #[sea_orm::model]
   | ^^^^^^^^^^^^^^^^^
   | |
   | not covered
   | not covered
   | not covered
   | not covered
   | not covered
   = note: the matched value is of type `&models::feeder::referensi::semester::Relation`
   = note: this error originates in the derive macro `Debug` which comes from the expansion of the derive macro `DeriveModelEx` (in Nightly builds, run with -Z macro-backtrace for more info)

error[E0004]: non-exhaustive patterns: `&models::feeder::referensi::semester::RelatedEntity::AktifitasMahasiswa`, `&models::feeder::referensi::semester::RelatedEntity::DetailNilaiPerkuliahanKelas`, `&models::feeder::referensi::semester::RelatedEntity::DosenPengajarKelasKuliah` and 10 more not covered
  --> src/models/feeder/referensi/semester.rs:11:1
   |
11 | #[sea_orm::model]
   | ^^^^^^^^^^^^^^^^^ patterns `&models::feeder::referensi::semester::RelatedEntity::AktifitasMahasiswa`, `&models::feeder::referensi::semester::RelatedEntity::DetailNilaiPerkuliahanKelas`, `&models::feeder::referensi::semester::RelatedEntity::DosenPengajarKelasKuliah` and 10 more not covered
   |
note: `models::feeder::referensi::semester::RelatedEntity` defined here
  --> src/models/feeder/referensi/semester.rs:11:1
   |
11 | #[sea_orm::model]
   | ^^^^^^^^^^^^^^^^^
   | |
   | not covered
   | not covered
   | not covered
   | not covered
   | not covered
   = note: the matched value is of type `&models::feeder::referensi::semester::RelatedEntity`
   = note: this error originates in the derive macro `Debug` which comes from the expansion of the derive macro `DeriveModelEx` (in Nightly builds, run with -Z macro-backtrace for more info)

error[E0004]: non-exhaustive patterns: `&models::feeder::referensi::status_mahasiswa::Relation::Mahasiswa`, `&models::feeder::referensi::status_mahasiswa::Relation::PerkuliahanMahasiswa` and `&models::feeder::referensi::status_mahasiswa::Relation::AktifitasKuliahMahasiswa` not covered
  --> src/models/feeder/referensi/status_mahasiswa.rs:11:1
   |
11 | #[sea_orm::model]
   | ^^^^^^^^^^^^^^^^^ patterns `&models::feeder::referensi::status_mahasiswa::Relation::Mahasiswa`, `&models::feeder::referensi::status_mahasiswa::Relation::PerkuliahanMahasiswa` and `&models::feeder::referensi::status_mahasiswa::Relation::AktifitasKuliahMahasiswa` not covered
   |
note: `models::feeder::referensi::status_mahasiswa::Relation` defined here
  --> src/models/feeder/referensi/status_mahasiswa.rs:11:1
   |
11 | #[sea_orm::model]
   | ^^^^^^^^^^^^^^^^^
   | |
   | not covered
   | not covered
   | not covered
   = note: the matched value is of type `&models::feeder::referensi::status_mahasiswa::Relation`
   = note: this error originates in the derive macro `Debug` which comes from the expansion of the derive macro `DeriveModelEx` (in Nightly builds, run with -Z macro-backtrace for more info)

error[E0004]: non-exhaustive patterns: `&models::feeder::referensi::status_mahasiswa::RelatedEntity::Mahasiswa`, `&models::feeder::referensi::status_mahasiswa::RelatedEntity::PerkuliahanMahasiswa` and `&models::feeder::referensi::status_mahasiswa::RelatedEntity::AktifitasKuliahMahasiswa` not covered
  --> src/models/feeder/referensi/status_mahasiswa.rs:11:1
   |
11 | #[sea_orm::model]
   | ^^^^^^^^^^^^^^^^^ patterns `&models::feeder::referensi::status_mahasiswa::RelatedEntity::Mahasiswa`, `&models::feeder::referensi::status_mahasiswa::RelatedEntity::PerkuliahanMahasiswa` and `&models::feeder::referensi::status_mahasiswa::RelatedEntity::AktifitasKuliahMahasiswa` not covered
   |
note: `models::feeder::referensi::status_mahasiswa::RelatedEntity` defined here
  --> src/models/feeder/referensi/status_mahasiswa.rs:11:1
   |
11 | #[sea_orm::model]
   | ^^^^^^^^^^^^^^^^^
   | |
   | not covered
   | not covered
   | not covered
   = note: the matched value is of type `&models::feeder::referensi::status_mahasiswa::RelatedEntity`
   = note: this error originates in the derive macro `Debug` which comes from the expansion of the derive macro `DeriveModelEx` (in Nightly builds, run with -Z macro-backtrace for more info)

error[E0004]: non-exhaustive patterns: `&models::feeder::referensi::tahun_ajaran::Relation::PenugasanDosen` and `&models::feeder::referensi::tahun_ajaran::Relation::Semester` not covered
  --> src/models/feeder/referensi/tahun_ajaran.rs:11:1
   |
11 | #[sea_orm::model]
   | ^^^^^^^^^^^^^^^^^ patterns `&models::feeder::referensi::tahun_ajaran::Relation::PenugasanDosen` and `&models::feeder::referensi::tahun_ajaran::Relation::Semester` not covered
   |
note: `models::feeder::referensi::tahun_ajaran::Relation` defined here
  --> src/models/feeder/referensi/tahun_ajaran.rs:11:1
   |
11 | #[sea_orm::model]
   | ^^^^^^^^^^^^^^^^^
   | |
   | not covered
   | not covered
   = note: the matched value is of type `&models::feeder::referensi::tahun_ajaran::Relation`
   = note: this error originates in the derive macro `Debug` which comes from the expansion of the derive macro `DeriveModelEx` (in Nightly builds, run with -Z macro-backtrace for more info)

error[E0004]: non-exhaustive patterns: `&models::feeder::referensi::tahun_ajaran::RelatedEntity::PenugasanDosen` and `&models::feeder::referensi::tahun_ajaran::RelatedEntity::Semester` not covered
  --> src/models/feeder/referensi/tahun_ajaran.rs:11:1
   |
11 | #[sea_orm::model]
   | ^^^^^^^^^^^^^^^^^ patterns `&models::feeder::referensi::tahun_ajaran::RelatedEntity::PenugasanDosen` and `&models::feeder::referensi::tahun_ajaran::RelatedEntity::Semester` not covered
   |
note: `models::feeder::referensi::tahun_ajaran::RelatedEntity` defined here
  --> src/models/feeder/referensi/tahun_ajaran.rs:11:1
   |
11 | #[sea_orm::model]
   | ^^^^^^^^^^^^^^^^^
   | |
   | not covered
   | not covered
   = note: the matched value is of type `&models::feeder::referensi::tahun_ajaran::RelatedEntity`
   = note: this error originates in the derive macro `Debug` which comes from the expansion of the derive macro `DeriveModelEx` (in Nightly builds, run with -Z macro-backtrace for more info)

error[E0004]: non-exhaustive patterns: `&models::feeder::referensi::tingkat_prestasi::Relation::PrestasiMahasiswa` not covered
  --> src/models/feeder/referensi/tingkat_prestasi.rs:11:1
   |
11 | #[sea_orm::model]
   | ^^^^^^^^^^^^^^^^^ pattern `&models::feeder::referensi::tingkat_prestasi::Relation::PrestasiMahasiswa` not covered
   |
note: `models::feeder::referensi::tingkat_prestasi::Relation` defined here
  --> src/models/feeder/referensi/tingkat_prestasi.rs:11:1
   |
11 | #[sea_orm::model]
   | ^^^^^^^^^^^^^^^^^
   | |
   | not covered
   = note: the matched value is of type `&models::feeder::referensi::tingkat_prestasi::Relation`
   = note: this error originates in the derive macro `Debug` which comes from the expansion of the derive macro `DeriveModelEx` (in Nightly builds, run with -Z macro-backtrace for more info)

error[E0004]: non-exhaustive patterns: `&models::feeder::referensi::tingkat_prestasi::RelatedEntity::PrestasiMahasiswa` not covered
  --> src/models/feeder/referensi/tingkat_prestasi.rs:11:1
   |
11 | #[sea_orm::model]
   | ^^^^^^^^^^^^^^^^^ pattern `&models::feeder::referensi::tingkat_prestasi::RelatedEntity::PrestasiMahasiswa` not covered
   |
note: `models::feeder::referensi::tingkat_prestasi::RelatedEntity` defined here
  --> src/models/feeder/referensi/tingkat_prestasi.rs:11:1
   |
11 | #[sea_orm::model]
   | ^^^^^^^^^^^^^^^^^
   | |
   | not covered
   = note: the matched value is of type `&models::feeder::referensi::tingkat_prestasi::RelatedEntity`
   = note: this error originates in the derive macro `Debug` which comes from the expansion of the derive macro `DeriveModelEx` (in Nightly builds, run with -Z macro-backtrace for more info)

error[E0004]: non-exhaustive patterns: `&models::feeder::referensi::wilayah::Relation::BiodataDosen`, `&models::feeder::referensi::wilayah::Relation::BiodataMahasiswa`, `&models::feeder::referensi::wilayah::Relation::ProfilPerguruanTinggi` and 2 more not covered
  --> src/models/feeder/referensi/wilayah.rs:11:1
   |
11 | #[sea_orm::model]
   | ^^^^^^^^^^^^^^^^^ patterns `&models::feeder::referensi::wilayah::Relation::BiodataDosen`, `&models::feeder::referensi::wilayah::Relation::BiodataMahasiswa`, `&models::feeder::referensi::wilayah::Relation::ProfilPerguruanTinggi` and 2 more not covered
   |
note: `models::feeder::referensi::wilayah::Relation` defined here
  --> src/models/feeder/referensi/wilayah.rs:11:1
   |
11 | #[sea_orm::model]
   | ^^^^^^^^^^^^^^^^^
   | |
   | not covered
   | not covered
   | not covered
   | not covered
   | not covered
   = note: the matched value is of type `&models::feeder::referensi::wilayah::Relation`
   = note: this error originates in the derive macro `Debug` which comes from the expansion of the derive macro `DeriveModelEx` (in Nightly builds, run with -Z macro-backtrace for more info)

error[E0004]: non-exhaustive patterns: `&models::feeder::referensi::wilayah::RelatedEntity::BiodataDosen`, `&models::feeder::referensi::wilayah::RelatedEntity::BiodataMahasiswa`, `&models::feeder::referensi::wilayah::RelatedEntity::ProfilPerguruanTinggi` and 2 more not covered
  --> src/models/feeder/referensi/wilayah.rs:11:1
   |
11 | #[sea_orm::model]
   | ^^^^^^^^^^^^^^^^^ patterns `&models::feeder::referensi::wilayah::RelatedEntity::BiodataDosen`, `&models::feeder::referensi::wilayah::RelatedEntity::BiodataMahasiswa`, `&models::feeder::referensi::wilayah::RelatedEntity::ProfilPerguruanTinggi` and 2 more not covered
   |
note: `models::feeder::referensi::wilayah::RelatedEntity` defined here
  --> src/models/feeder/referensi/wilayah.rs:11:1
   |
11 | #[sea_orm::model]
   | ^^^^^^^^^^^^^^^^^
   | |
   | not covered
   | not covered
   | not covered
   | not covered
   | not covered
   = note: the matched value is of type `&models::feeder::referensi::wilayah::RelatedEntity`
   = note: this error originates in the derive macro `Debug` which comes from the expansion of the derive macro `DeriveModelEx` (in Nightly builds, run with -Z macro-backtrace for more info)

Some errors have detailed explanations: E0004, E0277, E0425, E0428.
For more information about an error, try `rustc --explain E0004`.
error: could not compile `xsia_xarx` (lib) due to 642 previous errors
